place_id,industry_name,category,latitude,longitude,address,city,state,country,source
del-anchor-0001,Badarpur Thermal Power Station,power,28.5032,77.3068,"Badarpur, South Delhi - 110044, Delhi, India",Delhi,Delhi,India,Delhi Industrial Infrastructure Master Directory
del-anchor-0002,Pragati Combined Cycle Power Station,power,28.6186,77.2514,"Pragati Power Station, IP Estate, New Delhi - 110002, Delhi, India",Delhi,Delhi,India,Delhi Industrial Infrastructure Master Directory
del-anchor-0003,Indraprastha Power Station (IPGCL),power,28.6253,77.2536,"IP Estate, Ring Road, New Delhi - 110002, Delhi, India",Delhi,Delhi,India,Delhi Industrial Infrastructure Master Directory
del-anchor-0004,Timarpur-Okhla Waste-to-Energy Plant,power,28.5372,77.2844,"Old NDMC Compost Plant, Okhla, New Delhi - 110025, Delhi, India",Delhi,Delhi,India,Delhi Industrial Infrastructure Master Directory
del-anchor-0005,Ghazipur Waste-to-Energy Plant,power,28.6259,77.3325,"Ghazipur Dairy Farm, East Delhi - 110096, Delhi, India",Delhi,Delhi,India,Delhi Industrial Infrastructure Master Directory
del-anchor-0006,Narela-Bawana Waste to Energy Facility,power,28.8041,77.0652,"Sector 5, DSIIDC Bawana Industrial Area, North West Delhi - 110039, Delhi, India",Delhi,Delhi,India,Delhi Industrial Infrastructure Master Directory
del-anchor-0007,Tehkhand Waste to Energy Plant,power,28.512,77.292,"Tehkhand, Okhla Phase-I, South Delhi, Delhi, India",Delhi,Delhi,India,Delhi Industrial Infrastructure Master Directory
del-anchor-0008,NTPC Gas Turbine Power Station,power,28.5085,77.312,"Mathura Road, Badarpur, South Delhi - 110044, Delhi, India",Delhi,Delhi,India,Delhi Industrial Infrastructure Master Directory
del-anchor-0009,Rithala Combined Cycle Power Plant,power,28.7235,77.1082,"Sector 11, Rohini / Rithala, North West Delhi - 110085, Delhi, India",Delhi,Delhi,India,Delhi Industrial Infrastructure Master Directory
del-anchor-0010,Bawana Gas Based Power Station (CCGT),power,28.7985,77.0423,"Sector 1, Bawana Industrial Area, North West Delhi - 110039, Delhi, India",Delhi,Delhi,India,Delhi Industrial Infrastructure Master Directory
del-ind-0011,Bawana Industrial Area (Sector 1-5) - Plastics & Polymers Unit #1,plastic,28.79638,77.04305,"Plot No. 141, Bawana Industrial Area (Sector 1-5), Delhi - 110032, Delhi, India",Delhi,Delhi,India,Delhi DSIIDC Industrial Estate Directory
del-ind-0012,Bawana Industrial Area (Sector 1-5) - Speciality Chemicals Unit #2,chemical,28.80108,77.06311,"Plot No. 347, Bawana Industrial Area (Sector 1-5), Delhi - 110095, Delhi, India",Delhi,Delhi,India,Delhi DSIIDC Industrial Estate Directory
del-ind-0013,Bawana Industrial Area (Sector 1-5) - Rubber Moulding Unit #3,plastic,28.80174,77.04199,"Plot No. 217, Bawana Industrial Area (Sector 1-5), Delhi - 110005, Delhi, India",Delhi,Delhi,India,Delhi DSIIDC Industrial Estate Directory
del-ind-0014,Bawana Industrial Area (Sector 1-5) - Industrial Tooling Unit #4,manufacturing,28.80576,77.04647,"Plot No. 259, Bawana Industrial Area (Sector 1-5), Delhi - 110078, Delhi, India",Delhi,Delhi,India,Delhi DSIIDC Industrial Estate Directory
del-ind-0015,Bawana Industrial Area (Sector 1-5) - Paint & Coatings Unit #5,chemical,28.80539,77.04624,"Plot No. 333, Bawana Industrial Area (Sector 1-5), Delhi - 110090, Delhi, India",Delhi,Delhi,India,Delhi DSIIDC Industrial Estate Directory
del-ind-0016,Bawana Industrial Area (Sector 1-5) - Plastics & Polymers Unit #6,plastic,28.79037,77.04279,"Plot No. 302, Bawana Industrial Area (Sector 1-5), Delhi - 110036, Delhi, India",Delhi,Delhi,India,Delhi DSIIDC Industrial Estate Directory
del-ind-0017,Bawana Industrial Area (Sector 1-5) - Speciality Chemicals Unit #7,chemical,28.79847,77.0438,"Plot No. 413, Bawana Industrial Area (Sector 1-5), Delhi - 110021, Delhi, India",Delhi,Delhi,India,Delhi DSIIDC Industrial Estate Directory
del-ind-0018,Bawana Industrial Area (Sector 1-5) - Rubber Moulding Unit #8,plastic,28.79472,77.03528,"Plot No. 80, Bawana Industrial Area (Sector 1-5), Delhi - 110028, Delhi, India",Delhi,Delhi,India,Delhi DSIIDC Industrial Estate Directory
del-ind-0019,Bawana Industrial Area (Sector 1-5) - Industrial Tooling Unit #9,manufacturing,28.80783,77.04229,"Plot No. 48, Bawana Industrial Area (Sector 1-5), Delhi - 110049, Delhi, India",Delhi,Delhi,India,Delhi DSIIDC Industrial Estate Directory
del-ind-0020,Bawana Industrial Area (Sector 1-5) - Paint & Coatings Unit #10,chemical,28.81591,77.05746,"Plot No. 310, Bawana Industrial Area (Sector 1-5), Delhi - 110034, Delhi, India",Delhi,Delhi,India,Delhi DSIIDC Industrial Estate Directory
del-ind-0021,Bawana Industrial Area (Sector 1-5) - Plastics & Polymers Unit #11,plastic,28.80439,77.02796,"Plot No. 275, Bawana Industrial Area (Sector 1-5), Delhi - 110016, Delhi, India",Delhi,Delhi,India,Delhi DSIIDC Industrial Estate Directory
del-ind-0022,Bawana Industrial Area (Sector 1-5) - Speciality Chemicals Unit #12,chemical,28.80882,77.04316,"Plot No. 283, Bawana Industrial Area (Sector 1-5), Delhi - 110038, Delhi, India",Delhi,Delhi,India,Delhi DSIIDC Industrial Estate Directory
del-ind-0023,Bawana Industrial Area (Sector 1-5) - Rubber Moulding Unit #13,plastic,28.80547,77.03129,"Plot No. 442, Bawana Industrial Area (Sector 1-5), Delhi - 110047, Delhi, India",Delhi,Delhi,India,Delhi DSIIDC Industrial Estate Directory
del-ind-0024,Bawana Industrial Area (Sector 1-5) - Industrial Tooling Unit #14,manufacturing,28.78247,77.03679,"Plot No. 24, Bawana Industrial Area (Sector 1-5), Delhi - 110085, Delhi, India",Delhi,Delhi,India,Delhi DSIIDC Industrial Estate Directory
del-ind-0025,Bawana Industrial Area (Sector 1-5) - Paint & Coatings Unit #15,chemical,28.79929,77.05421,"Plot No. 41, Bawana Industrial Area (Sector 1-5), Delhi - 110030, Delhi, India",Delhi,Delhi,India,Delhi DSIIDC Industrial Estate Directory
del-ind-0026,Bawana Industrial Area (Sector 1-5) - Plastics & Polymers Unit #16,plastic,28.80535,77.03682,"Plot No. 233, Bawana Industrial Area (Sector 1-5), Delhi - 110082, Delhi, India",Delhi,Delhi,India,Delhi DSIIDC Industrial Estate Directory
del-ind-0027,Bawana Industrial Area (Sector 1-5) - Speciality Chemicals Unit #17,chemical,28.80138,77.03921,"Plot No. 182, Bawana Industrial Area (Sector 1-5), Delhi - 110027, Delhi, India",Delhi,Delhi,India,Delhi DSIIDC Industrial Estate Directory
del-ind-0028,Bawana Industrial Area (Sector 1-5) - Rubber Moulding Unit #18,plastic,28.78959,77.02965,"Plot No. 350, Bawana Industrial Area (Sector 1-5), Delhi - 110083, Delhi, India",Delhi,Delhi,India,Delhi DSIIDC Industrial Estate Directory
del-ind-0029,Bawana Industrial Area (Sector 1-5) - Industrial Tooling Unit #19,manufacturing,28.81239,77.05193,"Plot No. 274, Bawana Industrial Area (Sector 1-5), Delhi - 110094, Delhi, India",Delhi,Delhi,India,Delhi DSIIDC Industrial Estate Directory
del-ind-0030,Bawana Industrial Area (Sector 1-5) - Paint & Coatings Unit #20,chemical,28.79841,77.05752,"Plot No. 139, Bawana Industrial Area (Sector 1-5), Delhi - 110082, Delhi, India",Delhi,Delhi,India,Delhi DSIIDC Industrial Estate Directory
del-ind-0031,Bawana Industrial Area (Sector 1-5) - Plastics & Polymers Unit #21,plastic,28.795,77.03767,"Plot No. 167, Bawana Industrial Area (Sector 1-5), Delhi - 110008, Delhi, India",Delhi,Delhi,India,Delhi DSIIDC Industrial Estate Directory
del-ind-0032,Bawana Industrial Area (Sector 1-5) - Speciality Chemicals Unit #22,chemical,28.79838,77.04785,"Plot No. 162, Bawana Industrial Area (Sector 1-5), Delhi - 110052, Delhi, India",Delhi,Delhi,India,Delhi DSIIDC Industrial Estate Directory
del-ind-0033,Bawana Industrial Area (Sector 1-5) - Rubber Moulding Unit #23,plastic,28.79714,77.0527,"Plot No. 291, Bawana Industrial Area (Sector 1-5), Delhi - 110092, Delhi, India",Delhi,Delhi,India,Delhi DSIIDC Industrial Estate Directory
del-ind-0034,Bawana Industrial Area (Sector 1-5) - Industrial Tooling Unit #24,manufacturing,28.79151,77.06009,"Plot No. 203, Bawana Industrial Area (Sector 1-5), Delhi - 110083, Delhi, India",Delhi,Delhi,India,Delhi DSIIDC Industrial Estate Directory
del-ind-0035,Bawana Industrial Area (Sector 1-5) - Paint & Coatings Unit #25,chemical,28.78947,77.04726,"Plot No. 127, Bawana Industrial Area (Sector 1-5), Delhi - 110096, Delhi, India",Delhi,Delhi,India,Delhi DSIIDC Industrial Estate Directory
del-ind-0036,Bawana Industrial Area (Sector 1-5) - Plastics & Polymers Unit #26,plastic,28.78986,77.0417,"Plot No. 300, Bawana Industrial Area (Sector 1-5), Delhi - 110055, Delhi, India",Delhi,Delhi,India,Delhi DSIIDC Industrial Estate Directory
del-ind-0037,Bawana Industrial Area (Sector 1-5) - Speciality Chemicals Unit #27,chemical,28.8071,77.0382,"Plot No. 113, Bawana Industrial Area (Sector 1-5), Delhi - 110018, Delhi, India",Delhi,Delhi,India,Delhi DSIIDC Industrial Estate Directory
del-ind-0038,Bawana Industrial Area (Sector 1-5) - Rubber Moulding Unit #28,plastic,28.7931,77.04471,"Plot No. 25, Bawana Industrial Area (Sector 1-5), Delhi - 110015, Delhi, India",Delhi,Delhi,India,Delhi DSIIDC Industrial Estate Directory
del-ind-0039,Bawana Industrial Area (Sector 1-5) - Industrial Tooling Unit #29,manufacturing,28.80181,77.05044,"Plot No. 349, Bawana Industrial Area (Sector 1-5), Delhi - 110055, Delhi, India",Delhi,Delhi,India,Delhi DSIIDC Industrial Estate Directory
del-ind-0040,Bawana Industrial Area (Sector 1-5) - Paint & Coatings Unit #30,chemical,28.78888,77.03869,"Plot No. 306, Bawana Industrial Area (Sector 1-5), Delhi - 110060, Delhi, India",Delhi,Delhi,India,Delhi DSIIDC Industrial Estate Directory
del-ind-0041,Bawana Industrial Area (Sector 1-5) - Plastics & Polymers Unit #31,plastic,28.773,77.03955,"Plot No. 441, Bawana Industrial Area (Sector 1-5), Delhi - 110002, Delhi, India",Delhi,Delhi,India,Delhi DSIIDC Industrial Estate Directory
del-ind-0042,Bawana Industrial Area (Sector 1-5) - Speciality Chemicals Unit #32,chemical,28.79565,77.03997,"Plot No. 275, Bawana Industrial Area (Sector 1-5), Delhi - 110035, Delhi, India",Delhi,Delhi,India,Delhi DSIIDC Industrial Estate Directory
del-ind-0043,Bawana Industrial Area (Sector 1-5) - Rubber Moulding Unit #33,plastic,28.7992,77.03481,"Plot No. 151, Bawana Industrial Area (Sector 1-5), Delhi - 110056, Delhi, India",Delhi,Delhi,India,Delhi DSIIDC Industrial Estate Directory
del-ind-0044,Bawana Industrial Area (Sector 1-5) - Industrial Tooling Unit #34,manufacturing,28.79849,77.04576,"Plot No. 370, Bawana Industrial Area (Sector 1-5), Delhi - 110093, Delhi, India",Delhi,Delhi,India,Delhi DSIIDC Industrial Estate Directory
del-ind-0045,Bawana Industrial Area (Sector 1-5) - Paint & Coatings Unit #35,chemical,28.79689,77.05821,"Plot No. 92, Bawana Industrial Area (Sector 1-5), Delhi - 110065, Delhi, India",Delhi,Delhi,India,Delhi DSIIDC Industrial Estate Directory
del-ind-0046,Bawana Industrial Area (Sector 1-5) - Plastics & Polymers Unit #36,plastic,28.8174,77.03313,"Plot No. 153, Bawana Industrial Area (Sector 1-5), Delhi - 110082, Delhi, India",Delhi,Delhi,India,Delhi DSIIDC Industrial Estate Directory
del-ind-0047,Bawana Industrial Area (Sector 1-5) - Speciality Chemicals Unit #37,chemical,28.79052,77.04464,"Plot No. 192, Bawana Industrial Area (Sector 1-5), Delhi - 110021, Delhi, India",Delhi,Delhi,India,Delhi DSIIDC Industrial Estate Directory
del-ind-0048,Bawana Industrial Area (Sector 1-5) - Rubber Moulding Unit #38,plastic,28.77906,77.04022,"Plot No. 272, Bawana Industrial Area (Sector 1-5), Delhi - 110001, Delhi, India",Delhi,Delhi,India,Delhi DSIIDC Industrial Estate Directory
del-ind-0049,Bawana Industrial Area (Sector 1-5) - Industrial Tooling Unit #39,manufacturing,28.78741,77.03741,"Plot No. 58, Bawana Industrial Area (Sector 1-5), Delhi - 110047, Delhi, India",Delhi,Delhi,India,Delhi DSIIDC Industrial Estate Directory
del-ind-0050,Bawana Industrial Area (Sector 1-5) - Paint & Coatings Unit #40,chemical,28.81336,77.03034,"Plot No. 158, Bawana Industrial Area (Sector 1-5), Delhi - 110031, Delhi, India",Delhi,Delhi,India,Delhi DSIIDC Industrial Estate Directory
del-ind-0051,Bawana Industrial Area (Sector 1-5) - Plastics & Polymers Unit #41,plastic,28.81956,77.05321,"Plot No. 41, Bawana Industrial Area (Sector 1-5), Delhi - 110011, Delhi, India",Delhi,Delhi,India,Delhi DSIIDC Industrial Estate Directory
del-ind-0052,Bawana Industrial Area (Sector 1-5) - Speciality Chemicals Unit #42,chemical,28.79565,77.02443,"Plot No. 390, Bawana Industrial Area (Sector 1-5), Delhi - 110069, Delhi, India",Delhi,Delhi,India,Delhi DSIIDC Industrial Estate Directory
del-ind-0053,Bawana Industrial Area (Sector 1-5) - Rubber Moulding Unit #43,plastic,28.79859,77.03913,"Plot No. 244, Bawana Industrial Area (Sector 1-5), Delhi - 110071, Delhi, India",Delhi,Delhi,India,Delhi DSIIDC Industrial Estate Directory
del-ind-0054,Bawana Industrial Area (Sector 1-5) - Industrial Tooling Unit #44,manufacturing,28.805,77.05687,"Plot No. 311, Bawana Industrial Area (Sector 1-5), Delhi - 110055, Delhi, India",Delhi,Delhi,India,Delhi DSIIDC Industrial Estate Directory
del-ind-0055,Bawana Industrial Area (Sector 1-5) - Paint & Coatings Unit #45,chemical,28.823,77.03926,"Plot No. 387, Bawana Industrial Area (Sector 1-5), Delhi - 110094, Delhi, India",Delhi,Delhi,India,Delhi DSIIDC Industrial Estate Directory
del-ind-0056,Bawana Industrial Area (Sector 1-5) - Plastics & Polymers Unit #46,plastic,28.79144,77.02848,"Plot No. 205, Bawana Industrial Area (Sector 1-5), Delhi - 110086, Delhi, India",Delhi,Delhi,India,Delhi DSIIDC Industrial Estate Directory
del-ind-0057,Bawana Industrial Area (Sector 1-5) - Speciality Chemicals Unit #47,chemical,28.79089,77.03523,"Plot No. 265, Bawana Industrial Area (Sector 1-5), Delhi - 110058, Delhi, India",Delhi,Delhi,India,Delhi DSIIDC Industrial Estate Directory
del-ind-0058,Bawana Industrial Area (Sector 1-5) - Rubber Moulding Unit #48,plastic,28.80382,77.05053,"Plot No. 174, Bawana Industrial Area (Sector 1-5), Delhi - 110003, Delhi, India",Delhi,Delhi,India,Delhi DSIIDC Industrial Estate Directory
del-ind-0059,Bawana Industrial Area (Sector 1-5) - Industrial Tooling Unit #49,manufacturing,28.79108,77.04071,"Plot No. 113, Bawana Industrial Area (Sector 1-5), Delhi - 110001, Delhi, India",Delhi,Delhi,India,Delhi DSIIDC Industrial Estate Directory
del-ind-0060,Bawana Industrial Area (Sector 1-5) - Paint & Coatings Unit #50,chemical,28.81233,77.05185,"Plot No. 118, Bawana Industrial Area (Sector 1-5), Delhi - 110009, Delhi, India",Delhi,Delhi,India,Delhi DSIIDC Industrial Estate Directory
del-ind-0061,Bawana Industrial Area (Sector 1-5) - Plastics & Polymers Unit #51,plastic,28.81647,77.03252,"Plot No. 37, Bawana Industrial Area (Sector 1-5), Delhi - 110066, Delhi, India",Delhi,Delhi,India,Delhi DSIIDC Industrial Estate Directory
del-ind-0062,Bawana Industrial Area (Sector 1-5) - Speciality Chemicals Unit #52,chemical,28.79926,77.06168,"Plot No. 110, Bawana Industrial Area (Sector 1-5), Delhi - 110070, Delhi, India",Delhi,Delhi,India,Delhi DSIIDC Industrial Estate Directory
del-ind-0063,Bawana Industrial Area (Sector 1-5) - Rubber Moulding Unit #53,plastic,28.81575,77.06446,"Plot No. 293, Bawana Industrial Area (Sector 1-5), Delhi - 110074, Delhi, India",Delhi,Delhi,India,Delhi DSIIDC Industrial Estate Directory
del-ind-0064,Bawana Industrial Area (Sector 1-5) - Industrial Tooling Unit #54,manufacturing,28.77858,77.04837,"Plot No. 414, Bawana Industrial Area (Sector 1-5), Delhi - 110053, Delhi, India",Delhi,Delhi,India,Delhi DSIIDC Industrial Estate Directory
del-ind-0065,Bawana Industrial Area (Sector 1-5) - Paint & Coatings Unit #55,chemical,28.79986,77.04973,"Plot No. 221, Bawana Industrial Area (Sector 1-5), Delhi - 110046, Delhi, India",Delhi,Delhi,India,Delhi DSIIDC Industrial Estate Directory
del-ind-0066,Bawana Industrial Area (Sector 1-5) - Plastics & Polymers Unit #56,plastic,28.78681,77.05083,"Plot No. 374, Bawana Industrial Area (Sector 1-5), Delhi - 110007, Delhi, India",Delhi,Delhi,India,Delhi DSIIDC Industrial Estate Directory
del-ind-0067,Bawana Industrial Area (Sector 1-5) - Speciality Chemicals Unit #57,chemical,28.783,77.02,"Plot No. 51, Bawana Industrial Area (Sector 1-5), Delhi - 110008, Delhi, India",Delhi,Delhi,India,Delhi DSIIDC Industrial Estate Directory
del-ind-0068,Bawana Industrial Area (Sector 1-5) - Rubber Moulding Unit #58,plastic,28.78962,77.05088,"Plot No. 442, Bawana Industrial Area (Sector 1-5), Delhi - 110014, Delhi, India",Delhi,Delhi,India,Delhi DSIIDC Industrial Estate Directory
del-ind-0069,Bawana Industrial Area (Sector 1-5) - Industrial Tooling Unit #59,manufacturing,28.79806,77.05231,"Plot No. 230, Bawana Industrial Area (Sector 1-5), Delhi - 110018, Delhi, India",Delhi,Delhi,India,Delhi DSIIDC Industrial Estate Directory
del-ind-0070,Bawana Industrial Area (Sector 1-5) - Paint & Coatings Unit #60,chemical,28.78998,77.04929,"Plot No. 128, Bawana Industrial Area (Sector 1-5), Delhi - 110010, Delhi, India",Delhi,Delhi,India,Delhi DSIIDC Industrial Estate Directory
del-ind-0071,Bawana Industrial Area (Sector 1-5) - Plastics & Polymers Unit #61,plastic,28.77705,77.05282,"Plot No. 282, Bawana Industrial Area (Sector 1-5), Delhi - 110013, Delhi, India",Delhi,Delhi,India,Delhi DSIIDC Industrial Estate Directory
del-ind-0072,Bawana Industrial Area (Sector 1-5) - Speciality Chemicals Unit #62,chemical,28.823,77.05838,"Plot No. 429, Bawana Industrial Area (Sector 1-5), Delhi - 110002, Delhi, India",Delhi,Delhi,India,Delhi DSIIDC Industrial Estate Directory
del-ind-0073,Bawana Industrial Area (Sector 1-5) - Rubber Moulding Unit #63,plastic,28.823,77.04003,"Plot No. 435, Bawana Industrial Area (Sector 1-5), Delhi - 110031, Delhi, India",Delhi,Delhi,India,Delhi DSIIDC Industrial Estate Directory
del-ind-0074,Bawana Industrial Area (Sector 1-5) - Industrial Tooling Unit #64,manufacturing,28.80451,77.05622,"Plot No. 110, Bawana Industrial Area (Sector 1-5), Delhi - 110052, Delhi, India",Delhi,Delhi,India,Delhi DSIIDC Industrial Estate Directory
del-ind-0075,Bawana Industrial Area (Sector 1-5) - Paint & Coatings Unit #65,chemical,28.80352,77.04112,"Plot No. 2, Bawana Industrial Area (Sector 1-5), Delhi - 110050, Delhi, India",Delhi,Delhi,India,Delhi DSIIDC Industrial Estate Directory
del-ind-0076,Bawana Industrial Area (Sector 1-5) - Plastics & Polymers Unit #66,plastic,28.79612,77.06461,"Plot No. 233, Bawana Industrial Area (Sector 1-5), Delhi - 110037, Delhi, India",Delhi,Delhi,India,Delhi DSIIDC Industrial Estate Directory
del-ind-0077,Bawana Industrial Area (Sector 1-5) - Speciality Chemicals Unit #67,chemical,28.773,77.05814,"Plot No. 402, Bawana Industrial Area (Sector 1-5), Delhi - 110072, Delhi, India",Delhi,Delhi,India,Delhi DSIIDC Industrial Estate Directory
del-ind-0078,Bawana Industrial Area (Sector 1-5) - Rubber Moulding Unit #68,plastic,28.79117,77.03395,"Plot No. 98, Bawana Industrial Area (Sector 1-5), Delhi - 110038, Delhi, India",Delhi,Delhi,India,Delhi DSIIDC Industrial Estate Directory
del-ind-0079,Bawana Industrial Area (Sector 1-5) - Industrial Tooling Unit #69,manufacturing,28.79879,77.04883,"Plot No. 377, Bawana Industrial Area (Sector 1-5), Delhi - 110070, Delhi, India",Delhi,Delhi,India,Delhi DSIIDC Industrial Estate Directory
del-ind-0080,Bawana Industrial Area (Sector 1-5) - Paint & Coatings Unit #70,chemical,28.80705,77.04865,"Plot No. 26, Bawana Industrial Area (Sector 1-5), Delhi - 110075, Delhi, India",Delhi,Delhi,India,Delhi DSIIDC Industrial Estate Directory
del-ind-0081,Bawana Industrial Area (Sector 1-5) - Plastics & Polymers Unit #71,plastic,28.77302,77.04867,"Plot No. 272, Bawana Industrial Area (Sector 1-5), Delhi - 110021, Delhi, India",Delhi,Delhi,India,Delhi DSIIDC Industrial Estate Directory
del-ind-0082,Bawana Industrial Area (Sector 1-5) - Speciality Chemicals Unit #72,chemical,28.81055,77.04969,"Plot No. 436, Bawana Industrial Area (Sector 1-5), Delhi - 110024, Delhi, India",Delhi,Delhi,India,Delhi DSIIDC Industrial Estate Directory
del-ind-0083,Bawana Industrial Area (Sector 1-5) - Rubber Moulding Unit #73,plastic,28.80184,77.04676,"Plot No. 442, Bawana Industrial Area (Sector 1-5), Delhi - 110031, Delhi, India",Delhi,Delhi,India,Delhi DSIIDC Industrial Estate Directory
del-ind-0084,Bawana Industrial Area (Sector 1-5) - Industrial Tooling Unit #74,manufacturing,28.77594,77.06024,"Plot No. 292, Bawana Industrial Area (Sector 1-5), Delhi - 110032, Delhi, India",Delhi,Delhi,India,Delhi DSIIDC Industrial Estate Directory
del-ind-0085,Bawana Industrial Area (Sector 1-5) - Paint & Coatings Unit #75,chemical,28.79518,77.04348,"Plot No. 42, Bawana Industrial Area (Sector 1-5), Delhi - 110054, Delhi, India",Delhi,Delhi,India,Delhi DSIIDC Industrial Estate Directory
del-ind-0086,Bawana Industrial Area (Sector 1-5) - Plastics & Polymers Unit #76,plastic,28.79002,77.03287,"Plot No. 162, Bawana Industrial Area (Sector 1-5), Delhi - 110034, Delhi, India",Delhi,Delhi,India,Delhi DSIIDC Industrial Estate Directory
del-ind-0087,Bawana Industrial Area (Sector 1-5) - Speciality Chemicals Unit #77,chemical,28.80306,77.06212,"Plot No. 123, Bawana Industrial Area (Sector 1-5), Delhi - 110034, Delhi, India",Delhi,Delhi,India,Delhi DSIIDC Industrial Estate Directory
del-ind-0088,Bawana Industrial Area (Sector 1-5) - Rubber Moulding Unit #78,plastic,28.78468,77.05523,"Plot No. 154, Bawana Industrial Area (Sector 1-5), Delhi - 110059, Delhi, India",Delhi,Delhi,India,Delhi DSIIDC Industrial Estate Directory
del-ind-0089,Bawana Industrial Area (Sector 1-5) - Industrial Tooling Unit #79,manufacturing,28.79041,77.06218,"Plot No. 38, Bawana Industrial Area (Sector 1-5), Delhi - 110002, Delhi, India",Delhi,Delhi,India,Delhi DSIIDC Industrial Estate Directory
del-ind-0090,Bawana Industrial Area (Sector 1-5) - Paint & Coatings Unit #80,chemical,28.773,77.05549,"Plot No. 52, Bawana Industrial Area (Sector 1-5), Delhi - 110010, Delhi, India",Delhi,Delhi,India,Delhi DSIIDC Industrial Estate Directory
del-ind-0091,Bawana Industrial Area (Sector 1-5) - Plastics & Polymers Unit #81,plastic,28.78501,77.04187,"Plot No. 68, Bawana Industrial Area (Sector 1-5), Delhi - 110045, Delhi, India",Delhi,Delhi,India,Delhi DSIIDC Industrial Estate Directory
del-ind-0092,Bawana Industrial Area (Sector 1-5) - Speciality Chemicals Unit #82,chemical,28.81495,77.02926,"Plot No. 190, Bawana Industrial Area (Sector 1-5), Delhi - 110037, Delhi, India",Delhi,Delhi,India,Delhi DSIIDC Industrial Estate Directory
del-ind-0093,Bawana Industrial Area (Sector 1-5) - Rubber Moulding Unit #83,plastic,28.80967,77.06283,"Plot No. 361, Bawana Industrial Area (Sector 1-5), Delhi - 110039, Delhi, India",Delhi,Delhi,India,Delhi DSIIDC Industrial Estate Directory
del-ind-0094,Bawana Industrial Area (Sector 1-5) - Industrial Tooling Unit #84,manufacturing,28.773,77.02355,"Plot No. 335, Bawana Industrial Area (Sector 1-5), Delhi - 110068, Delhi, India",Delhi,Delhi,India,Delhi DSIIDC Industrial Estate Directory
del-ind-0095,Bawana Industrial Area (Sector 1-5) - Paint & Coatings Unit #85,chemical,28.81871,77.04602,"Plot No. 154, Bawana Industrial Area (Sector 1-5), Delhi - 110085, Delhi, India",Delhi,Delhi,India,Delhi DSIIDC Industrial Estate Directory
del-ind-0096,Bawana Industrial Area (Sector 1-5) - Plastics & Polymers Unit #86,plastic,28.81636,77.05898,"Plot No. 136, Bawana Industrial Area (Sector 1-5), Delhi - 110015, Delhi, India",Delhi,Delhi,India,Delhi DSIIDC Industrial Estate Directory
del-ind-0097,Bawana Industrial Area (Sector 1-5) - Speciality Chemicals Unit #87,chemical,28.81226,77.03316,"Plot No. 80, Bawana Industrial Area (Sector 1-5), Delhi - 110035, Delhi, India",Delhi,Delhi,India,Delhi DSIIDC Industrial Estate Directory
del-ind-0098,Bawana Industrial Area (Sector 1-5) - Rubber Moulding Unit #88,plastic,28.79647,77.05258,"Plot No. 176, Bawana Industrial Area (Sector 1-5), Delhi - 110027, Delhi, India",Delhi,Delhi,India,Delhi DSIIDC Industrial Estate Directory
del-ind-0099,Bawana Industrial Area (Sector 1-5) - Industrial Tooling Unit #89,manufacturing,28.78957,77.02465,"Plot No. 259, Bawana Industrial Area (Sector 1-5), Delhi - 110063, Delhi, India",Delhi,Delhi,India,Delhi DSIIDC Industrial Estate Directory
del-ind-0100,Bawana Industrial Area (Sector 1-5) - Paint & Coatings Unit #90,chemical,28.79783,77.06958,"Plot No. 27, Bawana Industrial Area (Sector 1-5), Delhi - 110012, Delhi, India",Delhi,Delhi,India,Delhi DSIIDC Industrial Estate Directory
del-ind-0101,Bawana Industrial Area (Sector 1-5) - Plastics & Polymers Unit #91,plastic,28.78394,77.02919,"Plot No. 23, Bawana Industrial Area (Sector 1-5), Delhi - 110001, Delhi, India",Delhi,Delhi,India,Delhi DSIIDC Industrial Estate Directory
del-ind-0102,Bawana Industrial Area (Sector 1-5) - Speciality Chemicals Unit #92,chemical,28.79501,77.05015,"Plot No. 135, Bawana Industrial Area (Sector 1-5), Delhi - 110021, Delhi, India",Delhi,Delhi,India,Delhi DSIIDC Industrial Estate Directory
del-ind-0103,Bawana Industrial Area (Sector 1-5) - Rubber Moulding Unit #93,plastic,28.79722,77.03077,"Plot No. 219, Bawana Industrial Area (Sector 1-5), Delhi - 110072, Delhi, India",Delhi,Delhi,India,Delhi DSIIDC Industrial Estate Directory
del-ind-0104,Bawana Industrial Area (Sector 1-5) - Industrial Tooling Unit #94,manufacturing,28.80244,77.04527,"Plot No. 354, Bawana Industrial Area (Sector 1-5), Delhi - 110020, Delhi, India",Delhi,Delhi,India,Delhi DSIIDC Industrial Estate Directory
del-ind-0105,Bawana Industrial Area (Sector 1-5) - Paint & Coatings Unit #95,chemical,28.77753,77.03897,"Plot No. 299, Bawana Industrial Area (Sector 1-5), Delhi - 110071, Delhi, India",Delhi,Delhi,India,Delhi DSIIDC Industrial Estate Directory
del-ind-0106,Bawana Industrial Area (Sector 1-5) - Plastics & Polymers Unit #96,plastic,28.80151,77.04971,"Plot No. 158, Bawana Industrial Area (Sector 1-5), Delhi - 110047, Delhi, India",Delhi,Delhi,India,Delhi DSIIDC Industrial Estate Directory
del-ind-0107,Bawana Industrial Area (Sector 1-5) - Speciality Chemicals Unit #97,chemical,28.81416,77.0331,"Plot No. 441, Bawana Industrial Area (Sector 1-5), Delhi - 110006, Delhi, India",Delhi,Delhi,India,Delhi DSIIDC Industrial Estate Directory
del-ind-0108,Bawana Industrial Area (Sector 1-5) - Rubber Moulding Unit #98,plastic,28.80422,77.04042,"Plot No. 128, Bawana Industrial Area (Sector 1-5), Delhi - 110086, Delhi, India",Delhi,Delhi,India,Delhi DSIIDC Industrial Estate Directory
del-ind-0109,Bawana Industrial Area (Sector 1-5) - Industrial Tooling Unit #99,manufacturing,28.81364,77.05679,"Plot No. 448, Bawana Industrial Area (Sector 1-5), Delhi - 110053, Delhi, India",Delhi,Delhi,India,Delhi DSIIDC Industrial Estate Directory
del-ind-0110,Bawana Industrial Area (Sector 1-5) - Paint & Coatings Unit #100,chemical,28.81647,77.04194,"Plot No. 122, Bawana Industrial Area (Sector 1-5), Delhi - 110021, Delhi, India",Delhi,Delhi,India,Delhi DSIIDC Industrial Estate Directory
del-ind-0111,Bawana Industrial Area (Sector 1-5) - Plastics & Polymers Unit #101,plastic,28.8183,77.04194,"Plot No. 212, Bawana Industrial Area (Sector 1-5), Delhi - 110004, Delhi, India",Delhi,Delhi,India,Delhi DSIIDC Industrial Estate Directory
del-ind-0112,Bawana Industrial Area (Sector 1-5) - Speciality Chemicals Unit #102,chemical,28.80898,77.06809,"Plot No. 401, Bawana Industrial Area (Sector 1-5), Delhi - 110053, Delhi, India",Delhi,Delhi,India,Delhi DSIIDC Industrial Estate Directory
del-ind-0113,Bawana Industrial Area (Sector 1-5) - Rubber Moulding Unit #103,plastic,28.80524,77.02372,"Plot No. 416, Bawana Industrial Area (Sector 1-5), Delhi - 110032, Delhi, India",Delhi,Delhi,India,Delhi DSIIDC Industrial Estate Directory
del-ind-0114,Bawana Industrial Area (Sector 1-5) - Industrial Tooling Unit #104,manufacturing,28.79591,77.06469,"Plot No. 56, Bawana Industrial Area (Sector 1-5), Delhi - 110049, Delhi, India",Delhi,Delhi,India,Delhi DSIIDC Industrial Estate Directory
del-ind-0115,Bawana Industrial Area (Sector 1-5) - Paint & Coatings Unit #105,chemical,28.81345,77.02899,"Plot No. 114, Bawana Industrial Area (Sector 1-5), Delhi - 110026, Delhi, India",Delhi,Delhi,India,Delhi DSIIDC Industrial Estate Directory
del-ind-0116,Bawana Industrial Area (Sector 1-5) - Plastics & Polymers Unit #106,plastic,28.80308,77.03358,"Plot No. 157, Bawana Industrial Area (Sector 1-5), Delhi - 110030, Delhi, India",Delhi,Delhi,India,Delhi DSIIDC Industrial Estate Directory
del-ind-0117,Bawana Industrial Area (Sector 1-5) - Speciality Chemicals Unit #107,chemical,28.8008,77.06129,"Plot No. 205, Bawana Industrial Area (Sector 1-5), Delhi - 110043, Delhi, India",Delhi,Delhi,India,Delhi DSIIDC Industrial Estate Directory
del-ind-0118,Bawana Industrial Area (Sector 1-5) - Rubber Moulding Unit #108,plastic,28.79724,77.0492,"Plot No. 396, Bawana Industrial Area (Sector 1-5), Delhi - 110036, Delhi, India",Delhi,Delhi,India,Delhi DSIIDC Industrial Estate Directory
del-ind-0119,Bawana Industrial Area (Sector 1-5) - Industrial Tooling Unit #109,manufacturing,28.79003,77.0558,"Plot No. 348, Bawana Industrial Area (Sector 1-5), Delhi - 110069, Delhi, India",Delhi,Delhi,India,Delhi DSIIDC Industrial Estate Directory
del-ind-0120,Bawana Industrial Area (Sector 1-5) - Paint & Coatings Unit #110,chemical,28.7967,77.04732,"Plot No. 450, Bawana Industrial Area (Sector 1-5), Delhi - 110034, Delhi, India",Delhi,Delhi,India,Delhi DSIIDC Industrial Estate Directory
del-ind-0121,Bawana Industrial Area (Sector 1-5) - Plastics & Polymers Unit #111,plastic,28.81051,77.07,"Plot No. 136, Bawana Industrial Area (Sector 1-5), Delhi - 110005, Delhi, India",Delhi,Delhi,India,Delhi DSIIDC Industrial Estate Directory
del-ind-0122,Bawana Industrial Area (Sector 1-5) - Speciality Chemicals Unit #112,chemical,28.80733,77.05256,"Plot No. 374, Bawana Industrial Area (Sector 1-5), Delhi - 110041, Delhi, India",Delhi,Delhi,India,Delhi DSIIDC Industrial Estate Directory
del-ind-0123,Bawana Industrial Area (Sector 1-5) - Rubber Moulding Unit #113,plastic,28.773,77.05761,"Plot No. 60, Bawana Industrial Area (Sector 1-5), Delhi - 110050, Delhi, India",Delhi,Delhi,India,Delhi DSIIDC Industrial Estate Directory
del-ind-0124,Bawana Industrial Area (Sector 1-5) - Industrial Tooling Unit #114,manufacturing,28.8039,77.04069,"Plot No. 23, Bawana Industrial Area (Sector 1-5), Delhi - 110091, Delhi, India",Delhi,Delhi,India,Delhi DSIIDC Industrial Estate Directory
del-ind-0125,Bawana Industrial Area (Sector 1-5) - Paint & Coatings Unit #115,chemical,28.78546,77.05033,"Plot No. 413, Bawana Industrial Area (Sector 1-5), Delhi - 110069, Delhi, India",Delhi,Delhi,India,Delhi DSIIDC Industrial Estate Directory
del-ind-0126,Bawana Industrial Area (Sector 1-5) - Plastics & Polymers Unit #116,plastic,28.78768,77.02037,"Plot No. 378, Bawana Industrial Area (Sector 1-5), Delhi - 110086, Delhi, India",Delhi,Delhi,India,Delhi DSIIDC Industrial Estate Directory
del-ind-0127,Bawana Industrial Area (Sector 1-5) - Speciality Chemicals Unit #117,chemical,28.8019,77.0563,"Plot No. 341, Bawana Industrial Area (Sector 1-5), Delhi - 110043, Delhi, India",Delhi,Delhi,India,Delhi DSIIDC Industrial Estate Directory
del-ind-0128,Bawana Industrial Area (Sector 1-5) - Rubber Moulding Unit #118,plastic,28.78613,77.0334,"Plot No. 64, Bawana Industrial Area (Sector 1-5), Delhi - 110093, Delhi, India",Delhi,Delhi,India,Delhi DSIIDC Industrial Estate Directory
del-ind-0129,Bawana Industrial Area (Sector 1-5) - Industrial Tooling Unit #119,manufacturing,28.80883,77.03714,"Plot No. 342, Bawana Industrial Area (Sector 1-5), Delhi - 110053, Delhi, India",Delhi,Delhi,India,Delhi DSIIDC Industrial Estate Directory
del-ind-0130,Bawana Industrial Area (Sector 1-5) - Paint & Coatings Unit #120,chemical,28.78999,77.06044,"Plot No. 284, Bawana Industrial Area (Sector 1-5), Delhi - 110017, Delhi, India",Delhi,Delhi,India,Delhi DSIIDC Industrial Estate Directory
del-ind-0131,Bawana Industrial Area (Sector 1-5) - Plastics & Polymers Unit #121,plastic,28.80395,77.06054,"Plot No. 195, Bawana Industrial Area (Sector 1-5), Delhi - 110087, Delhi, India",Delhi,Delhi,India,Delhi DSIIDC Industrial Estate Directory
del-ind-0132,Bawana Industrial Area (Sector 1-5) - Speciality Chemicals Unit #122,chemical,28.79792,77.03804,"Plot No. 292, Bawana Industrial Area (Sector 1-5), Delhi - 110039, Delhi, India",Delhi,Delhi,India,Delhi DSIIDC Industrial Estate Directory
del-ind-0133,Bawana Industrial Area (Sector 1-5) - Rubber Moulding Unit #123,plastic,28.78029,77.05686,"Plot No. 156, Bawana Industrial Area (Sector 1-5), Delhi - 110037, Delhi, India",Delhi,Delhi,India,Delhi DSIIDC Industrial Estate Directory
del-ind-0134,Bawana Industrial Area (Sector 1-5) - Industrial Tooling Unit #124,manufacturing,28.80289,77.06413,"Plot No. 311, Bawana Industrial Area (Sector 1-5), Delhi - 110084, Delhi, India",Delhi,Delhi,India,Delhi DSIIDC Industrial Estate Directory
del-ind-0135,Bawana Industrial Area (Sector 1-5) - Paint & Coatings Unit #125,chemical,28.79267,77.05592,"Plot No. 346, Bawana Industrial Area (Sector 1-5), Delhi - 110028, Delhi, India",Delhi,Delhi,India,Delhi DSIIDC Industrial Estate Directory
del-ind-0136,Bawana Industrial Area (Sector 1-5) - Plastics & Polymers Unit #126,plastic,28.77806,77.0436,"Plot No. 408, Bawana Industrial Area (Sector 1-5), Delhi - 110095, Delhi, India",Delhi,Delhi,India,Delhi DSIIDC Industrial Estate Directory
del-ind-0137,Bawana Industrial Area (Sector 1-5) - Speciality Chemicals Unit #127,chemical,28.80029,77.04915,"Plot No. 264, Bawana Industrial Area (Sector 1-5), Delhi - 110085, Delhi, India",Delhi,Delhi,India,Delhi DSIIDC Industrial Estate Directory
del-ind-0138,Bawana Industrial Area (Sector 1-5) - Rubber Moulding Unit #128,plastic,28.79118,77.03746,"Plot No. 420, Bawana Industrial Area (Sector 1-5), Delhi - 110031, Delhi, India",Delhi,Delhi,India,Delhi DSIIDC Industrial Estate Directory
del-ind-0139,Bawana Industrial Area (Sector 1-5) - Industrial Tooling Unit #129,manufacturing,28.79426,77.0379,"Plot No. 102, Bawana Industrial Area (Sector 1-5), Delhi - 110019, Delhi, India",Delhi,Delhi,India,Delhi DSIIDC Industrial Estate Directory
del-ind-0140,Bawana Industrial Area (Sector 1-5) - Paint & Coatings Unit #130,chemical,28.80633,77.04629,"Plot No. 244, Bawana Industrial Area (Sector 1-5), Delhi - 110079, Delhi, India",Delhi,Delhi,India,Delhi DSIIDC Industrial Estate Directory
del-ind-0141,Bawana Industrial Area (Sector 1-5) - Plastics & Polymers Unit #131,plastic,28.80057,77.04146,"Plot No. 213, Bawana Industrial Area (Sector 1-5), Delhi - 110081, Delhi, India",Delhi,Delhi,India,Delhi DSIIDC Industrial Estate Directory
del-ind-0142,Bawana Industrial Area (Sector 1-5) - Speciality Chemicals Unit #132,chemical,28.78208,77.0368,"Plot No. 197, Bawana Industrial Area (Sector 1-5), Delhi - 110064, Delhi, India",Delhi,Delhi,India,Delhi DSIIDC Industrial Estate Directory
del-ind-0143,Bawana Industrial Area (Sector 1-5) - Rubber Moulding Unit #133,plastic,28.79286,77.04875,"Plot No. 353, Bawana Industrial Area (Sector 1-5), Delhi - 110001, Delhi, India",Delhi,Delhi,India,Delhi DSIIDC Industrial Estate Directory
del-ind-0144,Bawana Industrial Area (Sector 1-5) - Industrial Tooling Unit #134,manufacturing,28.81544,77.03106,"Plot No. 55, Bawana Industrial Area (Sector 1-5), Delhi - 110055, Delhi, India",Delhi,Delhi,India,Delhi DSIIDC Industrial Estate Directory
del-ind-0145,Bawana Industrial Area (Sector 1-5) - Paint & Coatings Unit #135,chemical,28.80195,77.06493,"Plot No. 357, Bawana Industrial Area (Sector 1-5), Delhi - 110067, Delhi, India",Delhi,Delhi,India,Delhi DSIIDC Industrial Estate Directory
del-ind-0146,Bawana Industrial Area (Sector 1-5) - Plastics & Polymers Unit #136,plastic,28.78399,77.04817,"Plot No. 435, Bawana Industrial Area (Sector 1-5), Delhi - 110016, Delhi, India",Delhi,Delhi,India,Delhi DSIIDC Industrial Estate Directory
del-ind-0147,Bawana Industrial Area (Sector 1-5) - Speciality Chemicals Unit #137,chemical,28.77852,77.05046,"Plot No. 342, Bawana Industrial Area (Sector 1-5), Delhi - 110068, Delhi, India",Delhi,Delhi,India,Delhi DSIIDC Industrial Estate Directory
del-ind-0148,Bawana Industrial Area (Sector 1-5) - Rubber Moulding Unit #138,plastic,28.81309,77.04385,"Plot No. 387, Bawana Industrial Area (Sector 1-5), Delhi - 110057, Delhi, India",Delhi,Delhi,India,Delhi DSIIDC Industrial Estate Directory
del-ind-0149,Bawana Industrial Area (Sector 1-5) - Industrial Tooling Unit #139,manufacturing,28.78438,77.03334,"Plot No. 259, Bawana Industrial Area (Sector 1-5), Delhi - 110055, Delhi, India",Delhi,Delhi,India,Delhi DSIIDC Industrial Estate Directory
del-ind-0150,Bawana Industrial Area (Sector 1-5) - Paint & Coatings Unit #140,chemical,28.80487,77.0326,"Plot No. 82, Bawana Industrial Area (Sector 1-5), Delhi - 110096, Delhi, India",Delhi,Delhi,India,Delhi DSIIDC Industrial Estate Directory
del-ind-0151,Narela Industrial Complex - Food Processing Unit #1,food,28.85198,77.08672,"Plot No. 385, Narela Industrial Complex, Delhi - 110032, Delhi, India",Delhi,Delhi,India,Delhi DSIIDC Industrial Estate Directory
del-ind-0152,Narela Industrial Complex - Polymers & Packaging Unit #2,plastic,28.84927,77.08826,"Plot No. 399, Narela Industrial Complex, Delhi - 110067, Delhi, India",Delhi,Delhi,India,Delhi DSIIDC Industrial Estate Directory
del-ind-0153,Narela Industrial Complex - Footwear Unit #3,textile,28.83771,77.09571,"Plot No. 226, Narela Industrial Complex, Delhi - 110010, Delhi, India",Delhi,Delhi,India,Delhi DSIIDC Industrial Estate Directory
del-ind-0154,Narela Industrial Complex - Metal Fabrication Unit #4,metal,28.84336,77.08795,"Plot No. 172, Narela Industrial Complex, Delhi - 110041, Delhi, India",Delhi,Delhi,India,Delhi DSIIDC Industrial Estate Directory
del-ind-0155,Narela Industrial Complex - Electrical Equipment Unit #5,manufacturing,28.84818,77.09247,"Plot No. 78, Narela Industrial Complex, Delhi - 110030, Delhi, India",Delhi,Delhi,India,Delhi DSIIDC Industrial Estate Directory
del-ind-0156,Narela Industrial Complex - Food Processing Unit #6,food,28.84077,77.09882,"Plot No. 110, Narela Industrial Complex, Delhi - 110009, Delhi, India",Delhi,Delhi,India,Delhi DSIIDC Industrial Estate Directory
del-ind-0157,Narela Industrial Complex - Polymers & Packaging Unit #7,plastic,28.83736,77.09952,"Plot No. 239, Narela Industrial Complex, Delhi - 110054, Delhi, India",Delhi,Delhi,India,Delhi DSIIDC Industrial Estate Directory
del-ind-0158,Narela Industrial Complex - Footwear Unit #8,textile,28.86231,77.10214,"Plot No. 200, Narela Industrial Complex, Delhi - 110075, Delhi, India",Delhi,Delhi,India,Delhi DSIIDC Industrial Estate Directory
del-ind-0159,Narela Industrial Complex - Metal Fabrication Unit #9,metal,28.84685,77.09435,"Plot No. 392, Narela Industrial Complex, Delhi - 110074, Delhi, India",Delhi,Delhi,India,Delhi DSIIDC Industrial Estate Directory
del-ind-0160,Narela Industrial Complex - Electrical Equipment Unit #10,manufacturing,28.84421,77.09574,"Plot No. 181, Narela Industrial Complex, Delhi - 110039, Delhi, India",Delhi,Delhi,India,Delhi DSIIDC Industrial Estate Directory
del-ind-0161,Narela Industrial Complex - Food Processing Unit #11,food,28.84542,77.0756,"Plot No. 428, Narela Industrial Complex, Delhi - 110054, Delhi, India",Delhi,Delhi,India,Delhi DSIIDC Industrial Estate Directory
del-ind-0162,Narela Industrial Complex - Polymers & Packaging Unit #12,plastic,28.82934,77.09116,"Plot No. 410, Narela Industrial Complex, Delhi - 110078, Delhi, India",Delhi,Delhi,India,Delhi DSIIDC Industrial Estate Directory
del-ind-0163,Narela Industrial Complex - Footwear Unit #13,textile,28.85418,77.08814,"Plot No. 140, Narela Industrial Complex, Delhi - 110056, Delhi, India",Delhi,Delhi,India,Delhi DSIIDC Industrial Estate Directory
del-ind-0164,Narela Industrial Complex - Metal Fabrication Unit #14,metal,28.83522,77.09589,"Plot No. 343, Narela Industrial Complex, Delhi - 110087, Delhi, India",Delhi,Delhi,India,Delhi DSIIDC Industrial Estate Directory
del-ind-0165,Narela Industrial Complex - Electrical Equipment Unit #15,manufacturing,28.84973,77.07983,"Plot No. 431, Narela Industrial Complex, Delhi - 110060, Delhi, India",Delhi,Delhi,India,Delhi DSIIDC Industrial Estate Directory
del-ind-0166,Narela Industrial Complex - Food Processing Unit #16,food,28.867,77.08153,"Plot No. 274, Narela Industrial Complex, Delhi - 110004, Delhi, India",Delhi,Delhi,India,Delhi DSIIDC Industrial Estate Directory
del-ind-0167,Narela Industrial Complex - Polymers & Packaging Unit #17,plastic,28.85605,77.08768,"Plot No. 340, Narela Industrial Complex, Delhi - 110004, Delhi, India",Delhi,Delhi,India,Delhi DSIIDC Industrial Estate Directory
del-ind-0168,Narela Industrial Complex - Footwear Unit #18,textile,28.85405,77.10027,"Plot No. 444, Narela Industrial Complex, Delhi - 110060, Delhi, India",Delhi,Delhi,India,Delhi DSIIDC Industrial Estate Directory
del-ind-0169,Narela Industrial Complex - Metal Fabrication Unit #19,metal,28.8482,77.10199,"Plot No. 168, Narela Industrial Complex, Delhi - 110028, Delhi, India",Delhi,Delhi,India,Delhi DSIIDC Industrial Estate Directory
del-ind-0170,Narela Industrial Complex - Electrical Equipment Unit #20,manufacturing,28.83638,77.09752,"Plot No. 195, Narela Industrial Complex, Delhi - 110036, Delhi, India",Delhi,Delhi,India,Delhi DSIIDC Industrial Estate Directory
del-ind-0171,Narela Industrial Complex - Food Processing Unit #21,food,28.84524,77.0763,"Plot No. 130, Narela Industrial Complex, Delhi - 110011, Delhi, India",Delhi,Delhi,India,Delhi DSIIDC Industrial Estate Directory
del-ind-0172,Narela Industrial Complex - Polymers & Packaging Unit #22,plastic,28.82882,77.09805,"Plot No. 27, Narela Industrial Complex, Delhi - 110045, Delhi, India",Delhi,Delhi,India,Delhi DSIIDC Industrial Estate Directory
del-ind-0173,Narela Industrial Complex - Footwear Unit #23,textile,28.8456,77.09868,"Plot No. 334, Narela Industrial Complex, Delhi - 110006, Delhi, India",Delhi,Delhi,India,Delhi DSIIDC Industrial Estate Directory
del-ind-0174,Narela Industrial Complex - Metal Fabrication Unit #24,metal,28.84564,77.073,"Plot No. 103, Narela Industrial Complex, Delhi - 110003, Delhi, India",Delhi,Delhi,India,Delhi DSIIDC Industrial Estate Directory
del-ind-0175,Narela Industrial Complex - Electrical Equipment Unit #25,manufacturing,28.83971,77.08995,"Plot No. 243, Narela Industrial Complex, Delhi - 110086, Delhi, India",Delhi,Delhi,India,Delhi DSIIDC Industrial Estate Directory
del-ind-0176,Narela Industrial Complex - Food Processing Unit #26,food,28.8631,77.11084,"Plot No. 239, Narela Industrial Complex, Delhi - 110090, Delhi, India",Delhi,Delhi,India,Delhi DSIIDC Industrial Estate Directory
del-ind-0177,Narela Industrial Complex - Polymers & Packaging Unit #27,plastic,28.84463,77.10449,"Plot No. 311, Narela Industrial Complex, Delhi - 110078, Delhi, India",Delhi,Delhi,India,Delhi DSIIDC Industrial Estate Directory
del-ind-0178,Narela Industrial Complex - Footwear Unit #28,textile,28.86035,77.09144,"Plot No. 399, Narela Industrial Complex, Delhi - 110021, Delhi, India",Delhi,Delhi,India,Delhi DSIIDC Industrial Estate Directory
del-ind-0179,Narela Industrial Complex - Metal Fabrication Unit #29,metal,28.84962,77.09396,"Plot No. 14, Narela Industrial Complex, Delhi - 110040, Delhi, India",Delhi,Delhi,India,Delhi DSIIDC Industrial Estate Directory
del-ind-0180,Narela Industrial Complex - Electrical Equipment Unit #30,manufacturing,28.82578,77.08508,"Plot No. 193, Narela Industrial Complex, Delhi - 110051, Delhi, India",Delhi,Delhi,India,Delhi DSIIDC Industrial Estate Directory
del-ind-0181,Narela Industrial Complex - Food Processing Unit #31,food,28.85114,77.09263,"Plot No. 304, Narela Industrial Complex, Delhi - 110089, Delhi, India",Delhi,Delhi,India,Delhi DSIIDC Industrial Estate Directory
del-ind-0182,Narela Industrial Complex - Polymers & Packaging Unit #32,plastic,28.84858,77.08854,"Plot No. 357, Narela Industrial Complex, Delhi - 110039, Delhi, India",Delhi,Delhi,India,Delhi DSIIDC Industrial Estate Directory
del-ind-0183,Narela Industrial Complex - Footwear Unit #33,textile,28.8529,77.08417,"Plot No. 62, Narela Industrial Complex, Delhi - 110073, Delhi, India",Delhi,Delhi,India,Delhi DSIIDC Industrial Estate Directory
del-ind-0184,Narela Industrial Complex - Metal Fabrication Unit #34,metal,28.84686,77.08605,"Plot No. 220, Narela Industrial Complex, Delhi - 110085, Delhi, India",Delhi,Delhi,India,Delhi DSIIDC Industrial Estate Directory
del-ind-0185,Narela Industrial Complex - Electrical Equipment Unit #35,manufacturing,28.83692,77.10354,"Plot No. 175, Narela Industrial Complex, Delhi - 110002, Delhi, India",Delhi,Delhi,India,Delhi DSIIDC Industrial Estate Directory
del-ind-0186,Narela Industrial Complex - Food Processing Unit #36,food,28.85578,77.08008,"Plot No. 55, Narela Industrial Complex, Delhi - 110056, Delhi, India",Delhi,Delhi,India,Delhi DSIIDC Industrial Estate Directory
del-ind-0187,Narela Industrial Complex - Polymers & Packaging Unit #37,plastic,28.85864,77.09157,"Plot No. 425, Narela Industrial Complex, Delhi - 110059, Delhi, India",Delhi,Delhi,India,Delhi DSIIDC Industrial Estate Directory
del-ind-0188,Narela Industrial Complex - Footwear Unit #38,textile,28.84219,77.08479,"Plot No. 376, Narela Industrial Complex, Delhi - 110067, Delhi, India",Delhi,Delhi,India,Delhi DSIIDC Industrial Estate Directory
del-ind-0189,Narela Industrial Complex - Metal Fabrication Unit #39,metal,28.85267,77.09331,"Plot No. 414, Narela Industrial Complex, Delhi - 110069, Delhi, India",Delhi,Delhi,India,Delhi DSIIDC Industrial Estate Directory
del-ind-0190,Narela Industrial Complex - Electrical Equipment Unit #40,manufacturing,28.84671,77.08406,"Plot No. 423, Narela Industrial Complex, Delhi - 110094, Delhi, India",Delhi,Delhi,India,Delhi DSIIDC Industrial Estate Directory
del-ind-0191,Narela Industrial Complex - Food Processing Unit #41,food,28.8377,77.09021,"Plot No. 126, Narela Industrial Complex, Delhi - 110012, Delhi, India",Delhi,Delhi,India,Delhi DSIIDC Industrial Estate Directory
del-ind-0192,Narela Industrial Complex - Polymers & Packaging Unit #42,plastic,28.84304,77.10566,"Plot No. 385, Narela Industrial Complex, Delhi - 110060, Delhi, India",Delhi,Delhi,India,Delhi DSIIDC Industrial Estate Directory
del-ind-0193,Narela Industrial Complex - Footwear Unit #43,textile,28.83169,77.08875,"Plot No. 173, Narela Industrial Complex, Delhi - 110004, Delhi, India",Delhi,Delhi,India,Delhi DSIIDC Industrial Estate Directory
del-ind-0194,Narela Industrial Complex - Metal Fabrication Unit #44,metal,28.83623,77.09531,"Plot No. 250, Narela Industrial Complex, Delhi - 110028, Delhi, India",Delhi,Delhi,India,Delhi DSIIDC Industrial Estate Directory
del-ind-0195,Narela Industrial Complex - Electrical Equipment Unit #45,manufacturing,28.84032,77.10105,"Plot No. 144, Narela Industrial Complex, Delhi - 110077, Delhi, India",Delhi,Delhi,India,Delhi DSIIDC Industrial Estate Directory
del-ind-0196,Narela Industrial Complex - Food Processing Unit #46,food,28.8426,77.08741,"Plot No. 6, Narela Industrial Complex, Delhi - 110067, Delhi, India",Delhi,Delhi,India,Delhi DSIIDC Industrial Estate Directory
del-ind-0197,Narela Industrial Complex - Polymers & Packaging Unit #47,plastic,28.84897,77.09366,"Plot No. 369, Narela Industrial Complex, Delhi - 110053, Delhi, India",Delhi,Delhi,India,Delhi DSIIDC Industrial Estate Directory
del-ind-0198,Narela Industrial Complex - Footwear Unit #48,textile,28.82836,77.0962,"Plot No. 354, Narela Industrial Complex, Delhi - 110061, Delhi, India",Delhi,Delhi,India,Delhi DSIIDC Industrial Estate Directory
del-ind-0199,Narela Industrial Complex - Metal Fabrication Unit #49,metal,28.838,77.08587,"Plot No. 406, Narela Industrial Complex, Delhi - 110003, Delhi, India",Delhi,Delhi,India,Delhi DSIIDC Industrial Estate Directory
del-ind-0200,Narela Industrial Complex - Electrical Equipment Unit #50,manufacturing,28.85084,77.09887,"Plot No. 355, Narela Industrial Complex, Delhi - 110032, Delhi, India",Delhi,Delhi,India,Delhi DSIIDC Industrial Estate Directory
del-ind-0201,Narela Industrial Complex - Food Processing Unit #51,food,28.84048,77.10726,"Plot No. 243, Narela Industrial Complex, Delhi - 110071, Delhi, India",Delhi,Delhi,India,Delhi DSIIDC Industrial Estate Directory
del-ind-0202,Narela Industrial Complex - Polymers & Packaging Unit #52,plastic,28.83477,77.09299,"Plot No. 382, Narela Industrial Complex, Delhi - 110071, Delhi, India",Delhi,Delhi,India,Delhi DSIIDC Industrial Estate Directory
del-ind-0203,Narela Industrial Complex - Footwear Unit #53,textile,28.8375,77.10848,"Plot No. 139, Narela Industrial Complex, Delhi - 110040, Delhi, India",Delhi,Delhi,India,Delhi DSIIDC Industrial Estate Directory
del-ind-0204,Narela Industrial Complex - Metal Fabrication Unit #54,metal,28.84496,77.10002,"Plot No. 99, Narela Industrial Complex, Delhi - 110041, Delhi, India",Delhi,Delhi,India,Delhi DSIIDC Industrial Estate Directory
del-ind-0205,Narela Industrial Complex - Electrical Equipment Unit #55,manufacturing,28.85397,77.10337,"Plot No. 391, Narela Industrial Complex, Delhi - 110089, Delhi, India",Delhi,Delhi,India,Delhi DSIIDC Industrial Estate Directory
del-ind-0206,Narela Industrial Complex - Food Processing Unit #56,food,28.84774,77.10135,"Plot No. 248, Narela Industrial Complex, Delhi - 110036, Delhi, India",Delhi,Delhi,India,Delhi DSIIDC Industrial Estate Directory
del-ind-0207,Narela Industrial Complex - Polymers & Packaging Unit #57,plastic,28.84069,77.073,"Plot No. 269, Narela Industrial Complex, Delhi - 110077, Delhi, India",Delhi,Delhi,India,Delhi DSIIDC Industrial Estate Directory
del-ind-0208,Narela Industrial Complex - Footwear Unit #58,textile,28.84406,77.09946,"Plot No. 100, Narela Industrial Complex, Delhi - 110038, Delhi, India",Delhi,Delhi,India,Delhi DSIIDC Industrial Estate Directory
del-ind-0209,Narela Industrial Complex - Metal Fabrication Unit #59,metal,28.84588,77.10116,"Plot No. 8, Narela Industrial Complex, Delhi - 110091, Delhi, India",Delhi,Delhi,India,Delhi DSIIDC Industrial Estate Directory
del-ind-0210,Narela Industrial Complex - Electrical Equipment Unit #60,manufacturing,28.83725,77.09331,"Plot No. 28, Narela Industrial Complex, Delhi - 110071, Delhi, India",Delhi,Delhi,India,Delhi DSIIDC Industrial Estate Directory
del-ind-0211,Narela Industrial Complex - Food Processing Unit #61,food,28.83878,77.117,"Plot No. 327, Narela Industrial Complex, Delhi - 110063, Delhi, India",Delhi,Delhi,India,Delhi DSIIDC Industrial Estate Directory
del-ind-0212,Narela Industrial Complex - Polymers & Packaging Unit #62,plastic,28.84624,77.09593,"Plot No. 146, Narela Industrial Complex, Delhi - 110061, Delhi, India",Delhi,Delhi,India,Delhi DSIIDC Industrial Estate Directory
del-ind-0213,Narela Industrial Complex - Footwear Unit #63,textile,28.83604,77.0962,"Plot No. 27, Narela Industrial Complex, Delhi - 110033, Delhi, India",Delhi,Delhi,India,Delhi DSIIDC Industrial Estate Directory
del-ind-0214,Narela Industrial Complex - Metal Fabrication Unit #64,metal,28.85552,77.09092,"Plot No. 421, Narela Industrial Complex, Delhi - 110009, Delhi, India",Delhi,Delhi,India,Delhi DSIIDC Industrial Estate Directory
del-ind-0215,Narela Industrial Complex - Electrical Equipment Unit #65,manufacturing,28.84185,77.09727,"Plot No. 323, Narela Industrial Complex, Delhi - 110088, Delhi, India",Delhi,Delhi,India,Delhi DSIIDC Industrial Estate Directory
del-ind-0216,Narela Industrial Complex - Food Processing Unit #66,food,28.85031,77.09686,"Plot No. 289, Narela Industrial Complex, Delhi - 110039, Delhi, India",Delhi,Delhi,India,Delhi DSIIDC Industrial Estate Directory
del-ind-0217,Narela Industrial Complex - Polymers & Packaging Unit #67,plastic,28.85143,77.09881,"Plot No. 286, Narela Industrial Complex, Delhi - 110054, Delhi, India",Delhi,Delhi,India,Delhi DSIIDC Industrial Estate Directory
del-ind-0218,Narela Industrial Complex - Footwear Unit #68,textile,28.83125,77.08415,"Plot No. 116, Narela Industrial Complex, Delhi - 110067, Delhi, India",Delhi,Delhi,India,Delhi DSIIDC Industrial Estate Directory
del-ind-0219,Narela Industrial Complex - Metal Fabrication Unit #69,metal,28.82918,77.10978,"Plot No. 153, Narela Industrial Complex, Delhi - 110076, Delhi, India",Delhi,Delhi,India,Delhi DSIIDC Industrial Estate Directory
del-ind-0220,Narela Industrial Complex - Electrical Equipment Unit #70,manufacturing,28.85343,77.09447,"Plot No. 318, Narela Industrial Complex, Delhi - 110008, Delhi, India",Delhi,Delhi,India,Delhi DSIIDC Industrial Estate Directory
del-ind-0221,Narela Industrial Complex - Food Processing Unit #71,food,28.83245,77.08467,"Plot No. 391, Narela Industrial Complex, Delhi - 110027, Delhi, India",Delhi,Delhi,India,Delhi DSIIDC Industrial Estate Directory
del-ind-0222,Narela Industrial Complex - Polymers & Packaging Unit #72,plastic,28.83953,77.08949,"Plot No. 42, Narela Industrial Complex, Delhi - 110021, Delhi, India",Delhi,Delhi,India,Delhi DSIIDC Industrial Estate Directory
del-ind-0223,Narela Industrial Complex - Footwear Unit #73,textile,28.8458,77.10752,"Plot No. 81, Narela Industrial Complex, Delhi - 110001, Delhi, India",Delhi,Delhi,India,Delhi DSIIDC Industrial Estate Directory
del-ind-0224,Narela Industrial Complex - Metal Fabrication Unit #74,metal,28.83229,77.10323,"Plot No. 241, Narela Industrial Complex, Delhi - 110038, Delhi, India",Delhi,Delhi,India,Delhi DSIIDC Industrial Estate Directory
del-ind-0225,Narela Industrial Complex - Electrical Equipment Unit #75,manufacturing,28.85299,77.09666,"Plot No. 145, Narela Industrial Complex, Delhi - 110090, Delhi, India",Delhi,Delhi,India,Delhi DSIIDC Industrial Estate Directory
del-ind-0226,Narela Industrial Complex - Food Processing Unit #76,food,28.84742,77.09206,"Plot No. 120, Narela Industrial Complex, Delhi - 110034, Delhi, India",Delhi,Delhi,India,Delhi DSIIDC Industrial Estate Directory
del-ind-0227,Narela Industrial Complex - Polymers & Packaging Unit #77,plastic,28.84826,77.08152,"Plot No. 339, Narela Industrial Complex, Delhi - 110026, Delhi, India",Delhi,Delhi,India,Delhi DSIIDC Industrial Estate Directory
del-ind-0228,Narela Industrial Complex - Footwear Unit #78,textile,28.83393,77.10063,"Plot No. 332, Narela Industrial Complex, Delhi - 110020, Delhi, India",Delhi,Delhi,India,Delhi DSIIDC Industrial Estate Directory
del-ind-0229,Narela Industrial Complex - Metal Fabrication Unit #79,metal,28.86055,77.08491,"Plot No. 37, Narela Industrial Complex, Delhi - 110008, Delhi, India",Delhi,Delhi,India,Delhi DSIIDC Industrial Estate Directory
del-ind-0230,Narela Industrial Complex - Electrical Equipment Unit #80,manufacturing,28.84928,77.10233,"Plot No. 384, Narela Industrial Complex, Delhi - 110073, Delhi, India",Delhi,Delhi,India,Delhi DSIIDC Industrial Estate Directory
del-ind-0231,Narela Industrial Complex - Food Processing Unit #81,food,28.85437,77.08994,"Plot No. 240, Narela Industrial Complex, Delhi - 110089, Delhi, India",Delhi,Delhi,India,Delhi DSIIDC Industrial Estate Directory
del-ind-0232,Narela Industrial Complex - Polymers & Packaging Unit #82,plastic,28.84165,77.10447,"Plot No. 140, Narela Industrial Complex, Delhi - 110065, Delhi, India",Delhi,Delhi,India,Delhi DSIIDC Industrial Estate Directory
del-ind-0233,Narela Industrial Complex - Footwear Unit #83,textile,28.83471,77.09236,"Plot No. 307, Narela Industrial Complex, Delhi - 110006, Delhi, India",Delhi,Delhi,India,Delhi DSIIDC Industrial Estate Directory
del-ind-0234,Narela Industrial Complex - Metal Fabrication Unit #84,metal,28.85739,77.08468,"Plot No. 310, Narela Industrial Complex, Delhi - 110033, Delhi, India",Delhi,Delhi,India,Delhi DSIIDC Industrial Estate Directory
del-ind-0235,Narela Industrial Complex - Electrical Equipment Unit #85,manufacturing,28.85204,77.09616,"Plot No. 346, Narela Industrial Complex, Delhi - 110074, Delhi, India",Delhi,Delhi,India,Delhi DSIIDC Industrial Estate Directory
del-ind-0236,Narela Industrial Complex - Food Processing Unit #86,food,28.84327,77.09394,"Plot No. 392, Narela Industrial Complex, Delhi - 110087, Delhi, India",Delhi,Delhi,India,Delhi DSIIDC Industrial Estate Directory
del-ind-0237,Narela Industrial Complex - Polymers & Packaging Unit #87,plastic,28.85063,77.08331,"Plot No. 391, Narela Industrial Complex, Delhi - 110023, Delhi, India",Delhi,Delhi,India,Delhi DSIIDC Industrial Estate Directory
del-ind-0238,Narela Industrial Complex - Footwear Unit #88,textile,28.83087,77.09765,"Plot No. 143, Narela Industrial Complex, Delhi - 110024, Delhi, India",Delhi,Delhi,India,Delhi DSIIDC Industrial Estate Directory
del-ind-0239,Narela Industrial Complex - Metal Fabrication Unit #89,metal,28.85559,77.0948,"Plot No. 417, Narela Industrial Complex, Delhi - 110063, Delhi, India",Delhi,Delhi,India,Delhi DSIIDC Industrial Estate Directory
del-ind-0240,Narela Industrial Complex - Electrical Equipment Unit #90,manufacturing,28.85595,77.09284,"Plot No. 210, Narela Industrial Complex, Delhi - 110043, Delhi, India",Delhi,Delhi,India,Delhi DSIIDC Industrial Estate Directory
del-ind-0241,Narela Industrial Complex - Food Processing Unit #91,food,28.84299,77.0992,"Plot No. 83, Narela Industrial Complex, Delhi - 110043, Delhi, India",Delhi,Delhi,India,Delhi DSIIDC Industrial Estate Directory
del-ind-0242,Narela Industrial Complex - Polymers & Packaging Unit #92,plastic,28.83516,77.1011,"Plot No. 340, Narela Industrial Complex, Delhi - 110052, Delhi, India",Delhi,Delhi,India,Delhi DSIIDC Industrial Estate Directory
del-ind-0243,Narela Industrial Complex - Footwear Unit #93,textile,28.84987,77.08347,"Plot No. 233, Narela Industrial Complex, Delhi - 110012, Delhi, India",Delhi,Delhi,India,Delhi DSIIDC Industrial Estate Directory
del-ind-0244,Narela Industrial Complex - Metal Fabrication Unit #94,metal,28.84155,77.10304,"Plot No. 396, Narela Industrial Complex, Delhi - 110052, Delhi, India",Delhi,Delhi,India,Delhi DSIIDC Industrial Estate Directory
del-ind-0245,Narela Industrial Complex - Electrical Equipment Unit #95,manufacturing,28.85721,77.08113,"Plot No. 1, Narela Industrial Complex, Delhi - 110085, Delhi, India",Delhi,Delhi,India,Delhi DSIIDC Industrial Estate Directory
del-ind-0246,Narela Industrial Complex - Food Processing Unit #96,food,28.85251,77.08693,"Plot No. 28, Narela Industrial Complex, Delhi - 110025, Delhi, India",Delhi,Delhi,India,Delhi DSIIDC Industrial Estate Directory
del-ind-0247,Narela Industrial Complex - Polymers & Packaging Unit #97,plastic,28.83127,77.0934,"Plot No. 256, Narela Industrial Complex, Delhi - 110081, Delhi, India",Delhi,Delhi,India,Delhi DSIIDC Industrial Estate Directory
del-ind-0248,Narela Industrial Complex - Footwear Unit #98,textile,28.84199,77.09615,"Plot No. 137, Narela Industrial Complex, Delhi - 110071, Delhi, India",Delhi,Delhi,India,Delhi DSIIDC Industrial Estate Directory
del-ind-0249,Narela Industrial Complex - Metal Fabrication Unit #99,metal,28.85055,77.10098,"Plot No. 358, Narela Industrial Complex, Delhi - 110063, Delhi, India",Delhi,Delhi,India,Delhi DSIIDC Industrial Estate Directory
del-ind-0250,Narela Industrial Complex - Electrical Equipment Unit #100,manufacturing,28.86425,77.1134,"Plot No. 312, Narela Industrial Complex, Delhi - 110031, Delhi, India",Delhi,Delhi,India,Delhi DSIIDC Industrial Estate Directory
del-ind-0251,Narela Industrial Complex - Food Processing Unit #101,food,28.84286,77.08673,"Plot No. 8, Narela Industrial Complex, Delhi - 110071, Delhi, India",Delhi,Delhi,India,Delhi DSIIDC Industrial Estate Directory
del-ind-0252,Narela Industrial Complex - Polymers & Packaging Unit #102,plastic,28.83908,77.09886,"Plot No. 431, Narela Industrial Complex, Delhi - 110015, Delhi, India",Delhi,Delhi,India,Delhi DSIIDC Industrial Estate Directory
del-ind-0253,Narela Industrial Complex - Footwear Unit #103,textile,28.8402,77.09619,"Plot No. 427, Narela Industrial Complex, Delhi - 110020, Delhi, India",Delhi,Delhi,India,Delhi DSIIDC Industrial Estate Directory
del-ind-0254,Narela Industrial Complex - Metal Fabrication Unit #104,metal,28.82928,77.09516,"Plot No. 261, Narela Industrial Complex, Delhi - 110091, Delhi, India",Delhi,Delhi,India,Delhi DSIIDC Industrial Estate Directory
del-ind-0255,Narela Industrial Complex - Electrical Equipment Unit #105,manufacturing,28.84225,77.11358,"Plot No. 242, Narela Industrial Complex, Delhi - 110032, Delhi, India",Delhi,Delhi,India,Delhi DSIIDC Industrial Estate Directory
del-ind-0256,Narela Industrial Complex - Food Processing Unit #106,food,28.83967,77.09648,"Plot No. 98, Narela Industrial Complex, Delhi - 110077, Delhi, India",Delhi,Delhi,India,Delhi DSIIDC Industrial Estate Directory
del-ind-0257,Narela Industrial Complex - Polymers & Packaging Unit #107,plastic,28.82467,77.09395,"Plot No. 443, Narela Industrial Complex, Delhi - 110009, Delhi, India",Delhi,Delhi,India,Delhi DSIIDC Industrial Estate Directory
del-ind-0258,Narela Industrial Complex - Footwear Unit #108,textile,28.84213,77.11225,"Plot No. 213, Narela Industrial Complex, Delhi - 110044, Delhi, India",Delhi,Delhi,India,Delhi DSIIDC Industrial Estate Directory
del-ind-0259,Narela Industrial Complex - Metal Fabrication Unit #109,metal,28.8558,77.09027,"Plot No. 421, Narela Industrial Complex, Delhi - 110001, Delhi, India",Delhi,Delhi,India,Delhi DSIIDC Industrial Estate Directory
del-ind-0260,Narela Industrial Complex - Electrical Equipment Unit #110,manufacturing,28.84329,77.10316,"Plot No. 301, Narela Industrial Complex, Delhi - 110075, Delhi, India",Delhi,Delhi,India,Delhi DSIIDC Industrial Estate Directory
del-ind-0261,Wazirpur Industrial Area - Stainless Steel Rolling Unit #1,metal,28.70426,77.16796,"Plot No. 77, Wazirpur Industrial Area, Delhi - 110058, Delhi, India",Delhi,Delhi,India,Delhi DSIIDC Industrial Estate Directory
del-ind-0262,Wazirpur Industrial Area - Metal Pickling Unit #2,metal,28.69318,77.16681,"Plot No. 283, Wazirpur Industrial Area, Delhi - 110070, Delhi, India",Delhi,Delhi,India,Delhi DSIIDC Industrial Estate Directory
del-ind-0263,Wazirpur Industrial Area - Steel Utensils Unit #3,metal,28.689,77.17675,"Plot No. 446, Wazirpur Industrial Area, Delhi - 110025, Delhi, India",Delhi,Delhi,India,Delhi DSIIDC Industrial Estate Directory
del-ind-0264,Wazirpur Industrial Area - Electroplating Unit #4,manufacturing,28.70196,77.16752,"Plot No. 197, Wazirpur Industrial Area, Delhi - 110030, Delhi, India",Delhi,Delhi,India,Delhi DSIIDC Industrial Estate Directory
del-ind-0265,Wazirpur Industrial Area - Hardware Unit #5,manufacturing,28.70143,77.16363,"Plot No. 163, Wazirpur Industrial Area, Delhi - 110096, Delhi, India",Delhi,Delhi,India,Delhi DSIIDC Industrial Estate Directory
del-ind-0266,Wazirpur Industrial Area - Stainless Steel Rolling Unit #6,metal,28.68623,77.17002,"Plot No. 196, Wazirpur Industrial Area, Delhi - 110050, Delhi, India",Delhi,Delhi,India,Delhi DSIIDC Industrial Estate Directory
del-ind-0267,Wazirpur Industrial Area - Metal Pickling Unit #7,metal,28.70755,77.1673,"Plot No. 334, Wazirpur Industrial Area, Delhi - 110020, Delhi, India",Delhi,Delhi,India,Delhi DSIIDC Industrial Estate Directory
del-ind-0268,Wazirpur Industrial Area - Steel Utensils Unit #8,metal,28.69652,77.16804,"Plot No. 258, Wazirpur Industrial Area, Delhi - 110076, Delhi, India",Delhi,Delhi,India,Delhi DSIIDC Industrial Estate Directory
del-ind-0269,Wazirpur Industrial Area - Electroplating Unit #9,manufacturing,28.69678,77.17016,"Plot No. 433, Wazirpur Industrial Area, Delhi - 110057, Delhi, India",Delhi,Delhi,India,Delhi DSIIDC Industrial Estate Directory
del-ind-0270,Wazirpur Industrial Area - Hardware Unit #10,manufacturing,28.70761,77.17496,"Plot No. 8, Wazirpur Industrial Area, Delhi - 110093, Delhi, India",Delhi,Delhi,India,Delhi DSIIDC Industrial Estate Directory
del-ind-0271,Wazirpur Industrial Area - Stainless Steel Rolling Unit #11,metal,28.70474,77.1766,"Plot No. 80, Wazirpur Industrial Area, Delhi - 110010, Delhi, India",Delhi,Delhi,India,Delhi DSIIDC Industrial Estate Directory
del-ind-0272,Wazirpur Industrial Area - Metal Pickling Unit #12,metal,28.686,77.17071,"Plot No. 174, Wazirpur Industrial Area, Delhi - 110080, Delhi, India",Delhi,Delhi,India,Delhi DSIIDC Industrial Estate Directory
del-ind-0273,Wazirpur Industrial Area - Steel Utensils Unit #13,metal,28.69524,77.16068,"Plot No. 437, Wazirpur Industrial Area, Delhi - 110043, Delhi, India",Delhi,Delhi,India,Delhi DSIIDC Industrial Estate Directory
del-ind-0274,Wazirpur Industrial Area - Electroplating Unit #14,manufacturing,28.70441,77.15944,"Plot No. 195, Wazirpur Industrial Area, Delhi - 110041, Delhi, India",Delhi,Delhi,India,Delhi DSIIDC Industrial Estate Directory
del-ind-0275,Wazirpur Industrial Area - Hardware Unit #15,manufacturing,28.69011,77.15993,"Plot No. 250, Wazirpur Industrial Area, Delhi - 110070, Delhi, India",Delhi,Delhi,India,Delhi DSIIDC Industrial Estate Directory
del-ind-0276,Wazirpur Industrial Area - Stainless Steel Rolling Unit #16,metal,28.69998,77.16845,"Plot No. 324, Wazirpur Industrial Area, Delhi - 110088, Delhi, India",Delhi,Delhi,India,Delhi DSIIDC Industrial Estate Directory
del-ind-0277,Wazirpur Industrial Area - Metal Pickling Unit #17,metal,28.71,77.15911,"Plot No. 383, Wazirpur Industrial Area, Delhi - 110012, Delhi, India",Delhi,Delhi,India,Delhi DSIIDC Industrial Estate Directory
del-ind-0278,Wazirpur Industrial Area - Steel Utensils Unit #18,metal,28.69575,77.16899,"Plot No. 325, Wazirpur Industrial Area, Delhi - 110091, Delhi, India",Delhi,Delhi,India,Delhi DSIIDC Industrial Estate Directory
del-ind-0279,Wazirpur Industrial Area - Electroplating Unit #19,manufacturing,28.70207,77.1638,"Plot No. 356, Wazirpur Industrial Area, Delhi - 110039, Delhi, India",Delhi,Delhi,India,Delhi DSIIDC Industrial Estate Directory
del-ind-0280,Wazirpur Industrial Area - Hardware Unit #20,manufacturing,28.69936,77.16706,"Plot No. 408, Wazirpur Industrial Area, Delhi - 110008, Delhi, India",Delhi,Delhi,India,Delhi DSIIDC Industrial Estate Directory
del-ind-0281,Wazirpur Industrial Area - Stainless Steel Rolling Unit #21,metal,28.69659,77.17304,"Plot No. 75, Wazirpur Industrial Area, Delhi - 110032, Delhi, India",Delhi,Delhi,India,Delhi DSIIDC Industrial Estate Directory
del-ind-0282,Wazirpur Industrial Area - Metal Pickling Unit #22,metal,28.69116,77.16664,"Plot No. 406, Wazirpur Industrial Area, Delhi - 110024, Delhi, India",Delhi,Delhi,India,Delhi DSIIDC Industrial Estate Directory
del-ind-0283,Wazirpur Industrial Area - Steel Utensils Unit #23,metal,28.69906,77.16992,"Plot No. 446, Wazirpur Industrial Area, Delhi - 110049, Delhi, India",Delhi,Delhi,India,Delhi DSIIDC Industrial Estate Directory
del-ind-0284,Wazirpur Industrial Area - Electroplating Unit #24,manufacturing,28.69507,77.16526,"Plot No. 299, Wazirpur Industrial Area, Delhi - 110019, Delhi, India",Delhi,Delhi,India,Delhi DSIIDC Industrial Estate Directory
del-ind-0285,Wazirpur Industrial Area - Hardware Unit #25,manufacturing,28.69886,77.17565,"Plot No. 236, Wazirpur Industrial Area, Delhi - 110033, Delhi, India",Delhi,Delhi,India,Delhi DSIIDC Industrial Estate Directory
del-ind-0286,Wazirpur Industrial Area - Stainless Steel Rolling Unit #26,metal,28.69223,77.15798,"Plot No. 239, Wazirpur Industrial Area, Delhi - 110037, Delhi, India",Delhi,Delhi,India,Delhi DSIIDC Industrial Estate Directory
del-ind-0287,Wazirpur Industrial Area - Metal Pickling Unit #27,metal,28.69661,77.16516,"Plot No. 227, Wazirpur Industrial Area, Delhi - 110045, Delhi, India",Delhi,Delhi,India,Delhi DSIIDC Industrial Estate Directory
del-ind-0288,Wazirpur Industrial Area - Steel Utensils Unit #28,metal,28.70254,77.16765,"Plot No. 218, Wazirpur Industrial Area, Delhi - 110089, Delhi, India",Delhi,Delhi,India,Delhi DSIIDC Industrial Estate Directory
del-ind-0289,Wazirpur Industrial Area - Electroplating Unit #29,manufacturing,28.69799,77.17843,"Plot No. 102, Wazirpur Industrial Area, Delhi - 110050, Delhi, India",Delhi,Delhi,India,Delhi DSIIDC Industrial Estate Directory
del-ind-0290,Wazirpur Industrial Area - Hardware Unit #30,manufacturing,28.69955,77.16596,"Plot No. 196, Wazirpur Industrial Area, Delhi - 110074, Delhi, India",Delhi,Delhi,India,Delhi DSIIDC Industrial Estate Directory
del-ind-0291,Wazirpur Industrial Area - Stainless Steel Rolling Unit #31,metal,28.69514,77.1715,"Plot No. 359, Wazirpur Industrial Area, Delhi - 110038, Delhi, India",Delhi,Delhi,India,Delhi DSIIDC Industrial Estate Directory
del-ind-0292,Wazirpur Industrial Area - Metal Pickling Unit #32,metal,28.70807,77.1694,"Plot No. 203, Wazirpur Industrial Area, Delhi - 110036, Delhi, India",Delhi,Delhi,India,Delhi DSIIDC Industrial Estate Directory
del-ind-0293,Wazirpur Industrial Area - Steel Utensils Unit #33,metal,28.70879,77.16855,"Plot No. 399, Wazirpur Industrial Area, Delhi - 110096, Delhi, India",Delhi,Delhi,India,Delhi DSIIDC Industrial Estate Directory
del-ind-0294,Wazirpur Industrial Area - Electroplating Unit #34,manufacturing,28.7097,77.16604,"Plot No. 382, Wazirpur Industrial Area, Delhi - 110064, Delhi, India",Delhi,Delhi,India,Delhi DSIIDC Industrial Estate Directory
del-ind-0295,Wazirpur Industrial Area - Hardware Unit #35,manufacturing,28.7038,77.15788,"Plot No. 398, Wazirpur Industrial Area, Delhi - 110030, Delhi, India",Delhi,Delhi,India,Delhi DSIIDC Industrial Estate Directory
del-ind-0296,Wazirpur Industrial Area - Stainless Steel Rolling Unit #36,metal,28.69406,77.16486,"Plot No. 326, Wazirpur Industrial Area, Delhi - 110025, Delhi, India",Delhi,Delhi,India,Delhi DSIIDC Industrial Estate Directory
del-ind-0297,Wazirpur Industrial Area - Metal Pickling Unit #37,metal,28.69211,77.1624,"Plot No. 370, Wazirpur Industrial Area, Delhi - 110085, Delhi, India",Delhi,Delhi,India,Delhi DSIIDC Industrial Estate Directory
del-ind-0298,Wazirpur Industrial Area - Steel Utensils Unit #38,metal,28.69677,77.16534,"Plot No. 50, Wazirpur Industrial Area, Delhi - 110081, Delhi, India",Delhi,Delhi,India,Delhi DSIIDC Industrial Estate Directory
del-ind-0299,Wazirpur Industrial Area - Electroplating Unit #39,manufacturing,28.69519,77.16431,"Plot No. 226, Wazirpur Industrial Area, Delhi - 110005, Delhi, India",Delhi,Delhi,India,Delhi DSIIDC Industrial Estate Directory
del-ind-0300,Wazirpur Industrial Area - Hardware Unit #40,manufacturing,28.69031,77.1638,"Plot No. 47, Wazirpur Industrial Area, Delhi - 110038, Delhi, India",Delhi,Delhi,India,Delhi DSIIDC Industrial Estate Directory
del-ind-0301,Wazirpur Industrial Area - Stainless Steel Rolling Unit #41,metal,28.69541,77.17296,"Plot No. 103, Wazirpur Industrial Area, Delhi - 110017, Delhi, India",Delhi,Delhi,India,Delhi DSIIDC Industrial Estate Directory
del-ind-0302,Wazirpur Industrial Area - Metal Pickling Unit #42,metal,28.70051,77.15725,"Plot No. 188, Wazirpur Industrial Area, Delhi - 110068, Delhi, India",Delhi,Delhi,India,Delhi DSIIDC Industrial Estate Directory
del-ind-0303,Wazirpur Industrial Area - Steel Utensils Unit #43,metal,28.69369,77.16795,"Plot No. 85, Wazirpur Industrial Area, Delhi - 110033, Delhi, India",Delhi,Delhi,India,Delhi DSIIDC Industrial Estate Directory
del-ind-0304,Wazirpur Industrial Area - Electroplating Unit #44,manufacturing,28.70913,77.16133,"Plot No. 413, Wazirpur Industrial Area, Delhi - 110038, Delhi, India",Delhi,Delhi,India,Delhi DSIIDC Industrial Estate Directory
del-ind-0305,Wazirpur Industrial Area - Hardware Unit #45,manufacturing,28.69789,77.16309,"Plot No. 59, Wazirpur Industrial Area, Delhi - 110060, Delhi, India",Delhi,Delhi,India,Delhi DSIIDC Industrial Estate Directory
del-ind-0306,Wazirpur Industrial Area - Stainless Steel Rolling Unit #46,metal,28.70089,77.16731,"Plot No. 116, Wazirpur Industrial Area, Delhi - 110087, Delhi, India",Delhi,Delhi,India,Delhi DSIIDC Industrial Estate Directory
del-ind-0307,Wazirpur Industrial Area - Metal Pickling Unit #47,metal,28.69556,77.156,"Plot No. 434, Wazirpur Industrial Area, Delhi - 110072, Delhi, India",Delhi,Delhi,India,Delhi DSIIDC Industrial Estate Directory
del-ind-0308,Wazirpur Industrial Area - Steel Utensils Unit #48,metal,28.69165,77.17513,"Plot No. 8, Wazirpur Industrial Area, Delhi - 110034, Delhi, India",Delhi,Delhi,India,Delhi DSIIDC Industrial Estate Directory
del-ind-0309,Wazirpur Industrial Area - Electroplating Unit #49,manufacturing,28.69221,77.16665,"Plot No. 345, Wazirpur Industrial Area, Delhi - 110096, Delhi, India",Delhi,Delhi,India,Delhi DSIIDC Industrial Estate Directory
del-ind-0310,Wazirpur Industrial Area - Hardware Unit #50,manufacturing,28.69464,77.16168,"Plot No. 422, Wazirpur Industrial Area, Delhi - 110082, Delhi, India",Delhi,Delhi,India,Delhi DSIIDC Industrial Estate Directory
del-ind-0311,Wazirpur Industrial Area - Stainless Steel Rolling Unit #51,metal,28.70041,77.16705,"Plot No. 120, Wazirpur Industrial Area, Delhi - 110061, Delhi, India",Delhi,Delhi,India,Delhi DSIIDC Industrial Estate Directory
del-ind-0312,Wazirpur Industrial Area - Metal Pickling Unit #52,metal,28.70908,77.16976,"Plot No. 288, Wazirpur Industrial Area, Delhi - 110042, Delhi, India",Delhi,Delhi,India,Delhi DSIIDC Industrial Estate Directory
del-ind-0313,Wazirpur Industrial Area - Steel Utensils Unit #53,metal,28.70129,77.16606,"Plot No. 33, Wazirpur Industrial Area, Delhi - 110082, Delhi, India",Delhi,Delhi,India,Delhi DSIIDC Industrial Estate Directory
del-ind-0314,Wazirpur Industrial Area - Electroplating Unit #54,manufacturing,28.7033,77.15742,"Plot No. 155, Wazirpur Industrial Area, Delhi - 110084, Delhi, India",Delhi,Delhi,India,Delhi DSIIDC Industrial Estate Directory
del-ind-0315,Wazirpur Industrial Area - Hardware Unit #55,manufacturing,28.69552,77.16961,"Plot No. 20, Wazirpur Industrial Area, Delhi - 110039, Delhi, India",Delhi,Delhi,India,Delhi DSIIDC Industrial Estate Directory
del-ind-0316,Wazirpur Industrial Area - Stainless Steel Rolling Unit #56,metal,28.70068,77.16793,"Plot No. 121, Wazirpur Industrial Area, Delhi - 110069, Delhi, India",Delhi,Delhi,India,Delhi DSIIDC Industrial Estate Directory
del-ind-0317,Wazirpur Industrial Area - Metal Pickling Unit #57,metal,28.70191,77.17247,"Plot No. 344, Wazirpur Industrial Area, Delhi - 110096, Delhi, India",Delhi,Delhi,India,Delhi DSIIDC Industrial Estate Directory
del-ind-0318,Wazirpur Industrial Area - Steel Utensils Unit #58,metal,28.69578,77.16165,"Plot No. 301, Wazirpur Industrial Area, Delhi - 110096, Delhi, India",Delhi,Delhi,India,Delhi DSIIDC Industrial Estate Directory
del-ind-0319,Wazirpur Industrial Area - Electroplating Unit #59,manufacturing,28.69635,77.15688,"Plot No. 336, Wazirpur Industrial Area, Delhi - 110013, Delhi, India",Delhi,Delhi,India,Delhi DSIIDC Industrial Estate Directory
del-ind-0320,Wazirpur Industrial Area - Hardware Unit #60,manufacturing,28.70175,77.16154,"Plot No. 144, Wazirpur Industrial Area, Delhi - 110005, Delhi, India",Delhi,Delhi,India,Delhi DSIIDC Industrial Estate Directory
del-ind-0321,Wazirpur Industrial Area - Stainless Steel Rolling Unit #61,metal,28.69661,77.16448,"Plot No. 228, Wazirpur Industrial Area, Delhi - 110031, Delhi, India",Delhi,Delhi,India,Delhi DSIIDC Industrial Estate Directory
del-ind-0322,Wazirpur Industrial Area - Metal Pickling Unit #62,metal,28.69952,77.16605,"Plot No. 352, Wazirpur Industrial Area, Delhi - 110048, Delhi, India",Delhi,Delhi,India,Delhi DSIIDC Industrial Estate Directory
del-ind-0323,Wazirpur Industrial Area - Steel Utensils Unit #63,metal,28.686,77.16389,"Plot No. 184, Wazirpur Industrial Area, Delhi - 110008, Delhi, India",Delhi,Delhi,India,Delhi DSIIDC Industrial Estate Directory
del-ind-0324,Wazirpur Industrial Area - Electroplating Unit #64,manufacturing,28.69519,77.17009,"Plot No. 63, Wazirpur Industrial Area, Delhi - 110059, Delhi, India",Delhi,Delhi,India,Delhi DSIIDC Industrial Estate Directory
del-ind-0325,Wazirpur Industrial Area - Hardware Unit #65,manufacturing,28.70113,77.17003,"Plot No. 328, Wazirpur Industrial Area, Delhi - 110077, Delhi, India",Delhi,Delhi,India,Delhi DSIIDC Industrial Estate Directory
del-ind-0326,Wazirpur Industrial Area - Stainless Steel Rolling Unit #66,metal,28.69971,77.16769,"Plot No. 171, Wazirpur Industrial Area, Delhi - 110032, Delhi, India",Delhi,Delhi,India,Delhi DSIIDC Industrial Estate Directory
del-ind-0327,Wazirpur Industrial Area - Metal Pickling Unit #67,metal,28.70747,77.16733,"Plot No. 106, Wazirpur Industrial Area, Delhi - 110009, Delhi, India",Delhi,Delhi,India,Delhi DSIIDC Industrial Estate Directory
del-ind-0328,Wazirpur Industrial Area - Steel Utensils Unit #68,metal,28.7013,77.16198,"Plot No. 301, Wazirpur Industrial Area, Delhi - 110028, Delhi, India",Delhi,Delhi,India,Delhi DSIIDC Industrial Estate Directory
del-ind-0329,Wazirpur Industrial Area - Electroplating Unit #69,manufacturing,28.69952,77.16437,"Plot No. 397, Wazirpur Industrial Area, Delhi - 110019, Delhi, India",Delhi,Delhi,India,Delhi DSIIDC Industrial Estate Directory
del-ind-0330,Wazirpur Industrial Area - Hardware Unit #70,manufacturing,28.69975,77.16094,"Plot No. 142, Wazirpur Industrial Area, Delhi - 110019, Delhi, India",Delhi,Delhi,India,Delhi DSIIDC Industrial Estate Directory
del-ind-0331,Wazirpur Industrial Area - Stainless Steel Rolling Unit #71,metal,28.70471,77.16747,"Plot No. 409, Wazirpur Industrial Area, Delhi - 110023, Delhi, India",Delhi,Delhi,India,Delhi DSIIDC Industrial Estate Directory
del-ind-0332,Wazirpur Industrial Area - Metal Pickling Unit #72,metal,28.70635,77.1749,"Plot No. 68, Wazirpur Industrial Area, Delhi - 110002, Delhi, India",Delhi,Delhi,India,Delhi DSIIDC Industrial Estate Directory
del-ind-0333,Wazirpur Industrial Area - Steel Utensils Unit #73,metal,28.69201,77.1754,"Plot No. 302, Wazirpur Industrial Area, Delhi - 110042, Delhi, India",Delhi,Delhi,India,Delhi DSIIDC Industrial Estate Directory
del-ind-0334,Wazirpur Industrial Area - Electroplating Unit #74,manufacturing,28.70222,77.16842,"Plot No. 65, Wazirpur Industrial Area, Delhi - 110095, Delhi, India",Delhi,Delhi,India,Delhi DSIIDC Industrial Estate Directory
del-ind-0335,Wazirpur Industrial Area - Hardware Unit #75,manufacturing,28.69567,77.16926,"Plot No. 33, Wazirpur Industrial Area, Delhi - 110061, Delhi, India",Delhi,Delhi,India,Delhi DSIIDC Industrial Estate Directory
del-ind-0336,Wazirpur Industrial Area - Stainless Steel Rolling Unit #76,metal,28.69315,77.16963,"Plot No. 304, Wazirpur Industrial Area, Delhi - 110014, Delhi, India",Delhi,Delhi,India,Delhi DSIIDC Industrial Estate Directory
del-ind-0337,Wazirpur Industrial Area - Metal Pickling Unit #77,metal,28.69435,77.16914,"Plot No. 315, Wazirpur Industrial Area, Delhi - 110006, Delhi, India",Delhi,Delhi,India,Delhi DSIIDC Industrial Estate Directory
del-ind-0338,Wazirpur Industrial Area - Steel Utensils Unit #78,metal,28.69632,77.1563,"Plot No. 338, Wazirpur Industrial Area, Delhi - 110067, Delhi, India",Delhi,Delhi,India,Delhi DSIIDC Industrial Estate Directory
del-ind-0339,Wazirpur Industrial Area - Electroplating Unit #79,manufacturing,28.69553,77.17535,"Plot No. 16, Wazirpur Industrial Area, Delhi - 110008, Delhi, India",Delhi,Delhi,India,Delhi DSIIDC Industrial Estate Directory
del-ind-0340,Wazirpur Industrial Area - Hardware Unit #80,manufacturing,28.70847,77.16791,"Plot No. 219, Wazirpur Industrial Area, Delhi - 110088, Delhi, India",Delhi,Delhi,India,Delhi DSIIDC Industrial Estate Directory
del-ind-0341,Mangolpuri Industrial Area (Ph I-III) - Footwear & Leather Unit #1,textile,28.7033,77.09169,"Plot No. 228, Mangolpuri Industrial Area (Ph I-III), Delhi - 110010, Delhi, India",Delhi,Delhi,India,Delhi DSIIDC Industrial Estate Directory
del-ind-0342,Mangolpuri Industrial Area (Ph I-III) - Automotive Parts Unit #2,manufacturing,28.6998,77.08148,"Plot No. 76, Mangolpuri Industrial Area (Ph I-III), Delhi - 110009, Delhi, India",Delhi,Delhi,India,Delhi DSIIDC Industrial Estate Directory
del-ind-0343,Mangolpuri Industrial Area (Ph I-III) - Packaging Unit #3,manufacturing,28.70163,77.09173,"Plot No. 300, Mangolpuri Industrial Area (Ph I-III), Delhi - 110071, Delhi, India",Delhi,Delhi,India,Delhi DSIIDC Industrial Estate Directory
del-ind-0344,Mangolpuri Industrial Area (Ph I-III) - Plastics Unit #4,plastic,28.69344,77.07858,"Plot No. 306, Mangolpuri Industrial Area (Ph I-III), Delhi - 110068, Delhi, India",Delhi,Delhi,India,Delhi DSIIDC Industrial Estate Directory
del-ind-0345,Mangolpuri Industrial Area (Ph I-III) - Light Engineering Unit #5,manufacturing,28.69277,77.09269,"Plot No. 221, Mangolpuri Industrial Area (Ph I-III), Delhi - 110013, Delhi, India",Delhi,Delhi,India,Delhi DSIIDC Industrial Estate Directory
del-ind-0346,Mangolpuri Industrial Area (Ph I-III) - Footwear & Leather Unit #6,textile,28.69589,77.08179,"Plot No. 336, Mangolpuri Industrial Area (Ph I-III), Delhi - 110084, Delhi, India",Delhi,Delhi,India,Delhi DSIIDC Industrial Estate Directory
del-ind-0347,Mangolpuri Industrial Area (Ph I-III) - Automotive Parts Unit #7,manufacturing,28.70114,77.07906,"Plot No. 444, Mangolpuri Industrial Area (Ph I-III), Delhi - 110028, Delhi, India",Delhi,Delhi,India,Delhi DSIIDC Industrial Estate Directory
del-ind-0348,Mangolpuri Industrial Area (Ph I-III) - Packaging Unit #8,manufacturing,28.68221,77.09101,"Plot No. 212, Mangolpuri Industrial Area (Ph I-III), Delhi - 110044, Delhi, India",Delhi,Delhi,India,Delhi DSIIDC Industrial Estate Directory
del-ind-0349,Mangolpuri Industrial Area (Ph I-III) - Plastics Unit #9,plastic,28.69818,77.07898,"Plot No. 374, Mangolpuri Industrial Area (Ph I-III), Delhi - 110013, Delhi, India",Delhi,Delhi,India,Delhi DSIIDC Industrial Estate Directory
del-ind-0350,Mangolpuri Industrial Area (Ph I-III) - Light Engineering Unit #10,manufacturing,28.69276,77.0904,"Plot No. 131, Mangolpuri Industrial Area (Ph I-III), Delhi - 110048, Delhi, India",Delhi,Delhi,India,Delhi DSIIDC Industrial Estate Directory
del-ind-0351,Mangolpuri Industrial Area (Ph I-III) - Footwear & Leather Unit #11,textile,28.70485,77.08204,"Plot No. 243, Mangolpuri Industrial Area (Ph I-III), Delhi - 110009, Delhi, India",Delhi,Delhi,India,Delhi DSIIDC Industrial Estate Directory
del-ind-0352,Mangolpuri Industrial Area (Ph I-III) - Automotive Parts Unit #12,manufacturing,28.6974,77.08655,"Plot No. 222, Mangolpuri Industrial Area (Ph I-III), Delhi - 110013, Delhi, India",Delhi,Delhi,India,Delhi DSIIDC Industrial Estate Directory
del-ind-0353,Mangolpuri Industrial Area (Ph I-III) - Packaging Unit #13,manufacturing,28.69478,77.07849,"Plot No. 67, Mangolpuri Industrial Area (Ph I-III), Delhi - 110072, Delhi, India",Delhi,Delhi,India,Delhi DSIIDC Industrial Estate Directory
del-ind-0354,Mangolpuri Industrial Area (Ph I-III) - Plastics Unit #14,plastic,28.71,77.09122,"Plot No. 288, Mangolpuri Industrial Area (Ph I-III), Delhi - 110043, Delhi, India",Delhi,Delhi,India,Delhi DSIIDC Industrial Estate Directory
del-ind-0355,Mangolpuri Industrial Area (Ph I-III) - Light Engineering Unit #15,manufacturing,28.69166,77.07892,"Plot No. 448, Mangolpuri Industrial Area (Ph I-III), Delhi - 110086, Delhi, India",Delhi,Delhi,India,Delhi DSIIDC Industrial Estate Directory
del-ind-0356,Mangolpuri Industrial Area (Ph I-III) - Footwear & Leather Unit #16,textile,28.7016,77.08244,"Plot No. 370, Mangolpuri Industrial Area (Ph I-III), Delhi - 110007, Delhi, India",Delhi,Delhi,India,Delhi DSIIDC Industrial Estate Directory
del-ind-0357,Mangolpuri Industrial Area (Ph I-III) - Automotive Parts Unit #17,manufacturing,28.70396,77.0832,"Plot No. 181, Mangolpuri Industrial Area (Ph I-III), Delhi - 110014, Delhi, India",Delhi,Delhi,India,Delhi DSIIDC Industrial Estate Directory
del-ind-0358,Mangolpuri Industrial Area (Ph I-III) - Packaging Unit #18,manufacturing,28.69088,77.0828,"Plot No. 337, Mangolpuri Industrial Area (Ph I-III), Delhi - 110062, Delhi, India",Delhi,Delhi,India,Delhi DSIIDC Industrial Estate Directory
del-ind-0359,Mangolpuri Industrial Area (Ph I-III) - Plastics Unit #19,plastic,28.69552,77.08819,"Plot No. 433, Mangolpuri Industrial Area (Ph I-III), Delhi - 110072, Delhi, India",Delhi,Delhi,India,Delhi DSIIDC Industrial Estate Directory
del-ind-0360,Mangolpuri Industrial Area (Ph I-III) - Light Engineering Unit #20,manufacturing,28.68729,77.09346,"Plot No. 294, Mangolpuri Industrial Area (Ph I-III), Delhi - 110029, Delhi, India",Delhi,Delhi,India,Delhi DSIIDC Industrial Estate Directory
del-ind-0361,Mangolpuri Industrial Area (Ph I-III) - Footwear & Leather Unit #21,textile,28.69959,77.0728,"Plot No. 393, Mangolpuri Industrial Area (Ph I-III), Delhi - 110080, Delhi, India",Delhi,Delhi,India,Delhi DSIIDC Industrial Estate Directory
del-ind-0362,Mangolpuri Industrial Area (Ph I-III) - Automotive Parts Unit #22,manufacturing,28.68768,77.07866,"Plot No. 14, Mangolpuri Industrial Area (Ph I-III), Delhi - 110078, Delhi, India",Delhi,Delhi,India,Delhi DSIIDC Industrial Estate Directory
del-ind-0363,Mangolpuri Industrial Area (Ph I-III) - Packaging Unit #23,manufacturing,28.70646,77.07953,"Plot No. 137, Mangolpuri Industrial Area (Ph I-III), Delhi - 110004, Delhi, India",Delhi,Delhi,India,Delhi DSIIDC Industrial Estate Directory
del-ind-0364,Mangolpuri Industrial Area (Ph I-III) - Plastics Unit #24,plastic,28.69945,77.09452,"Plot No. 159, Mangolpuri Industrial Area (Ph I-III), Delhi - 110044, Delhi, India",Delhi,Delhi,India,Delhi DSIIDC Industrial Estate Directory
del-ind-0365,Mangolpuri Industrial Area (Ph I-III) - Light Engineering Unit #25,manufacturing,28.69247,77.08844,"Plot No. 74, Mangolpuri Industrial Area (Ph I-III), Delhi - 110073, Delhi, India",Delhi,Delhi,India,Delhi DSIIDC Industrial Estate Directory
del-ind-0366,Mangolpuri Industrial Area (Ph I-III) - Footwear & Leather Unit #26,textile,28.69359,77.08286,"Plot No. 380, Mangolpuri Industrial Area (Ph I-III), Delhi - 110082, Delhi, India",Delhi,Delhi,India,Delhi DSIIDC Industrial Estate Directory
del-ind-0367,Mangolpuri Industrial Area (Ph I-III) - Automotive Parts Unit #27,manufacturing,28.69792,77.08448,"Plot No. 272, Mangolpuri Industrial Area (Ph I-III), Delhi - 110028, Delhi, India",Delhi,Delhi,India,Delhi DSIIDC Industrial Estate Directory
del-ind-0368,Mangolpuri Industrial Area (Ph I-III) - Packaging Unit #28,manufacturing,28.68971,77.09021,"Plot No. 81, Mangolpuri Industrial Area (Ph I-III), Delhi - 110048, Delhi, India",Delhi,Delhi,India,Delhi DSIIDC Industrial Estate Directory
del-ind-0369,Mangolpuri Industrial Area (Ph I-III) - Plastics Unit #29,plastic,28.69274,77.09053,"Plot No. 291, Mangolpuri Industrial Area (Ph I-III), Delhi - 110077, Delhi, India",Delhi,Delhi,India,Delhi DSIIDC Industrial Estate Directory
del-ind-0370,Mangolpuri Industrial Area (Ph I-III) - Light Engineering Unit #30,manufacturing,28.69691,77.08613,"Plot No. 81, Mangolpuri Industrial Area (Ph I-III), Delhi - 110080, Delhi, India",Delhi,Delhi,India,Delhi DSIIDC Industrial Estate Directory
del-ind-0371,Mangolpuri Industrial Area (Ph I-III) - Footwear & Leather Unit #31,textile,28.69765,77.08586,"Plot No. 227, Mangolpuri Industrial Area (Ph I-III), Delhi - 110085, Delhi, India",Delhi,Delhi,India,Delhi DSIIDC Industrial Estate Directory
del-ind-0372,Mangolpuri Industrial Area (Ph I-III) - Automotive Parts Unit #32,manufacturing,28.68681,77.08924,"Plot No. 213, Mangolpuri Industrial Area (Ph I-III), Delhi - 110035, Delhi, India",Delhi,Delhi,India,Delhi DSIIDC Industrial Estate Directory
del-ind-0373,Mangolpuri Industrial Area (Ph I-III) - Packaging Unit #33,manufacturing,28.69674,77.0929,"Plot No. 177, Mangolpuri Industrial Area (Ph I-III), Delhi - 110056, Delhi, India",Delhi,Delhi,India,Delhi DSIIDC Industrial Estate Directory
del-ind-0374,Mangolpuri Industrial Area (Ph I-III) - Plastics Unit #34,plastic,28.7028,77.09152,"Plot No. 304, Mangolpuri Industrial Area (Ph I-III), Delhi - 110063, Delhi, India",Delhi,Delhi,India,Delhi DSIIDC Industrial Estate Directory
del-ind-0375,Mangolpuri Industrial Area (Ph I-III) - Light Engineering Unit #35,manufacturing,28.68929,77.08402,"Plot No. 113, Mangolpuri Industrial Area (Ph I-III), Delhi - 110051, Delhi, India",Delhi,Delhi,India,Delhi DSIIDC Industrial Estate Directory
del-ind-0376,Mangolpuri Industrial Area (Ph I-III) - Footwear & Leather Unit #36,textile,28.69726,77.08478,"Plot No. 105, Mangolpuri Industrial Area (Ph I-III), Delhi - 110039, Delhi, India",Delhi,Delhi,India,Delhi DSIIDC Industrial Estate Directory
del-ind-0377,Mangolpuri Industrial Area (Ph I-III) - Automotive Parts Unit #37,manufacturing,28.70585,77.08112,"Plot No. 392, Mangolpuri Industrial Area (Ph I-III), Delhi - 110033, Delhi, India",Delhi,Delhi,India,Delhi DSIIDC Industrial Estate Directory
del-ind-0378,Mangolpuri Industrial Area (Ph I-III) - Packaging Unit #38,manufacturing,28.69416,77.08831,"Plot No. 255, Mangolpuri Industrial Area (Ph I-III), Delhi - 110096, Delhi, India",Delhi,Delhi,India,Delhi DSIIDC Industrial Estate Directory
del-ind-0379,Mangolpuri Industrial Area (Ph I-III) - Plastics Unit #39,plastic,28.69178,77.0865,"Plot No. 273, Mangolpuri Industrial Area (Ph I-III), Delhi - 110091, Delhi, India",Delhi,Delhi,India,Delhi DSIIDC Industrial Estate Directory
del-ind-0380,Mangolpuri Industrial Area (Ph I-III) - Light Engineering Unit #40,manufacturing,28.69608,77.09357,"Plot No. 343, Mangolpuri Industrial Area (Ph I-III), Delhi - 110046, Delhi, India",Delhi,Delhi,India,Delhi DSIIDC Industrial Estate Directory
del-ind-0381,Mangolpuri Industrial Area (Ph I-III) - Footwear & Leather Unit #41,textile,28.70707,77.09088,"Plot No. 22, Mangolpuri Industrial Area (Ph I-III), Delhi - 110056, Delhi, India",Delhi,Delhi,India,Delhi DSIIDC Industrial Estate Directory
del-ind-0382,Mangolpuri Industrial Area (Ph I-III) - Automotive Parts Unit #42,manufacturing,28.71,77.08679,"Plot No. 442, Mangolpuri Industrial Area (Ph I-III), Delhi - 110041, Delhi, India",Delhi,Delhi,India,Delhi DSIIDC Industrial Estate Directory
del-ind-0383,Mangolpuri Industrial Area (Ph I-III) - Packaging Unit #43,manufacturing,28.68717,77.08096,"Plot No. 364, Mangolpuri Industrial Area (Ph I-III), Delhi - 110082, Delhi, India",Delhi,Delhi,India,Delhi DSIIDC Industrial Estate Directory
del-ind-0384,Mangolpuri Industrial Area (Ph I-III) - Plastics Unit #44,plastic,28.6921,77.08665,"Plot No. 11, Mangolpuri Industrial Area (Ph I-III), Delhi - 110042, Delhi, India",Delhi,Delhi,India,Delhi DSIIDC Industrial Estate Directory
del-ind-0385,Mangolpuri Industrial Area (Ph I-III) - Light Engineering Unit #45,manufacturing,28.70273,77.09946,"Plot No. 236, Mangolpuri Industrial Area (Ph I-III), Delhi - 110089, Delhi, India",Delhi,Delhi,India,Delhi DSIIDC Industrial Estate Directory
del-ind-0386,Mangolpuri Industrial Area (Ph I-III) - Footwear & Leather Unit #46,textile,28.69754,77.0836,"Plot No. 433, Mangolpuri Industrial Area (Ph I-III), Delhi - 110014, Delhi, India",Delhi,Delhi,India,Delhi DSIIDC Industrial Estate Directory
del-ind-0387,Mangolpuri Industrial Area (Ph I-III) - Automotive Parts Unit #47,manufacturing,28.69538,77.09399,"Plot No. 269, Mangolpuri Industrial Area (Ph I-III), Delhi - 110011, Delhi, India",Delhi,Delhi,India,Delhi DSIIDC Industrial Estate Directory
del-ind-0388,Mangolpuri Industrial Area (Ph I-III) - Packaging Unit #48,manufacturing,28.69039,77.08854,"Plot No. 174, Mangolpuri Industrial Area (Ph I-III), Delhi - 110029, Delhi, India",Delhi,Delhi,India,Delhi DSIIDC Industrial Estate Directory
del-ind-0389,Mangolpuri Industrial Area (Ph I-III) - Plastics Unit #49,plastic,28.69296,77.08855,"Plot No. 262, Mangolpuri Industrial Area (Ph I-III), Delhi - 110082, Delhi, India",Delhi,Delhi,India,Delhi DSIIDC Industrial Estate Directory
del-ind-0390,Mangolpuri Industrial Area (Ph I-III) - Light Engineering Unit #50,manufacturing,28.70108,77.09029,"Plot No. 398, Mangolpuri Industrial Area (Ph I-III), Delhi - 110045, Delhi, India",Delhi,Delhi,India,Delhi DSIIDC Industrial Estate Directory
del-ind-0391,Mangolpuri Industrial Area (Ph I-III) - Footwear & Leather Unit #51,textile,28.68491,77.09869,"Plot No. 331, Mangolpuri Industrial Area (Ph I-III), Delhi - 110019, Delhi, India",Delhi,Delhi,India,Delhi DSIIDC Industrial Estate Directory
del-ind-0392,Mangolpuri Industrial Area (Ph I-III) - Automotive Parts Unit #52,manufacturing,28.69533,77.08878,"Plot No. 102, Mangolpuri Industrial Area (Ph I-III), Delhi - 110023, Delhi, India",Delhi,Delhi,India,Delhi DSIIDC Industrial Estate Directory
del-ind-0393,Mangolpuri Industrial Area (Ph I-III) - Packaging Unit #53,manufacturing,28.68587,77.07816,"Plot No. 336, Mangolpuri Industrial Area (Ph I-III), Delhi - 110010, Delhi, India",Delhi,Delhi,India,Delhi DSIIDC Industrial Estate Directory
del-ind-0394,Mangolpuri Industrial Area (Ph I-III) - Plastics Unit #54,plastic,28.70014,77.09543,"Plot No. 253, Mangolpuri Industrial Area (Ph I-III), Delhi - 110060, Delhi, India",Delhi,Delhi,India,Delhi DSIIDC Industrial Estate Directory
del-ind-0395,Mangolpuri Industrial Area (Ph I-III) - Light Engineering Unit #55,manufacturing,28.69532,77.0736,"Plot No. 230, Mangolpuri Industrial Area (Ph I-III), Delhi - 110088, Delhi, India",Delhi,Delhi,India,Delhi DSIIDC Industrial Estate Directory
del-ind-0396,Mangolpuri Industrial Area (Ph I-III) - Footwear & Leather Unit #56,textile,28.70273,77.08101,"Plot No. 326, Mangolpuri Industrial Area (Ph I-III), Delhi - 110080, Delhi, India",Delhi,Delhi,India,Delhi DSIIDC Industrial Estate Directory
del-ind-0397,Mangolpuri Industrial Area (Ph I-III) - Automotive Parts Unit #57,manufacturing,28.68703,77.1,"Plot No. 162, Mangolpuri Industrial Area (Ph I-III), Delhi - 110020, Delhi, India",Delhi,Delhi,India,Delhi DSIIDC Industrial Estate Directory
del-ind-0398,Mangolpuri Industrial Area (Ph I-III) - Packaging Unit #58,manufacturing,28.68794,77.08781,"Plot No. 324, Mangolpuri Industrial Area (Ph I-III), Delhi - 110039, Delhi, India",Delhi,Delhi,India,Delhi DSIIDC Industrial Estate Directory
del-ind-0399,Mangolpuri Industrial Area (Ph I-III) - Plastics Unit #59,plastic,28.69759,77.07635,"Plot No. 181, Mangolpuri Industrial Area (Ph I-III), Delhi - 110065, Delhi, India",Delhi,Delhi,India,Delhi DSIIDC Industrial Estate Directory
del-ind-0400,Mangolpuri Industrial Area (Ph I-III) - Light Engineering Unit #60,manufacturing,28.70171,77.08838,"Plot No. 20, Mangolpuri Industrial Area (Ph I-III), Delhi - 110008, Delhi, India",Delhi,Delhi,India,Delhi DSIIDC Industrial Estate Directory
del-ind-0401,Mangolpuri Industrial Area (Ph I-III) - Footwear & Leather Unit #61,textile,28.69123,77.08908,"Plot No. 331, Mangolpuri Industrial Area (Ph I-III), Delhi - 110012, Delhi, India",Delhi,Delhi,India,Delhi DSIIDC Industrial Estate Directory
del-ind-0402,Mangolpuri Industrial Area (Ph I-III) - Automotive Parts Unit #62,manufacturing,28.68898,77.07969,"Plot No. 237, Mangolpuri Industrial Area (Ph I-III), Delhi - 110075, Delhi, India",Delhi,Delhi,India,Delhi DSIIDC Industrial Estate Directory
del-ind-0403,Mangolpuri Industrial Area (Ph I-III) - Packaging Unit #63,manufacturing,28.68373,77.081,"Plot No. 22, Mangolpuri Industrial Area (Ph I-III), Delhi - 110058, Delhi, India",Delhi,Delhi,India,Delhi DSIIDC Industrial Estate Directory
del-ind-0404,Mangolpuri Industrial Area (Ph I-III) - Plastics Unit #64,plastic,28.70239,77.08025,"Plot No. 97, Mangolpuri Industrial Area (Ph I-III), Delhi - 110042, Delhi, India",Delhi,Delhi,India,Delhi DSIIDC Industrial Estate Directory
del-ind-0405,Mangolpuri Industrial Area (Ph I-III) - Light Engineering Unit #65,manufacturing,28.68871,77.08012,"Plot No. 32, Mangolpuri Industrial Area (Ph I-III), Delhi - 110058, Delhi, India",Delhi,Delhi,India,Delhi DSIIDC Industrial Estate Directory
del-ind-0406,Mangolpuri Industrial Area (Ph I-III) - Footwear & Leather Unit #66,textile,28.70651,77.09375,"Plot No. 176, Mangolpuri Industrial Area (Ph I-III), Delhi - 110092, Delhi, India",Delhi,Delhi,India,Delhi DSIIDC Industrial Estate Directory
del-ind-0407,Mangolpuri Industrial Area (Ph I-III) - Automotive Parts Unit #67,manufacturing,28.7034,77.08992,"Plot No. 21, Mangolpuri Industrial Area (Ph I-III), Delhi - 110032, Delhi, India",Delhi,Delhi,India,Delhi DSIIDC Industrial Estate Directory
del-ind-0408,Mangolpuri Industrial Area (Ph I-III) - Packaging Unit #68,manufacturing,28.68955,77.07,"Plot No. 269, Mangolpuri Industrial Area (Ph I-III), Delhi - 110067, Delhi, India",Delhi,Delhi,India,Delhi DSIIDC Industrial Estate Directory
del-ind-0409,Mangolpuri Industrial Area (Ph I-III) - Plastics Unit #69,plastic,28.69005,77.08091,"Plot No. 145, Mangolpuri Industrial Area (Ph I-III), Delhi - 110050, Delhi, India",Delhi,Delhi,India,Delhi DSIIDC Industrial Estate Directory
del-ind-0410,Mangolpuri Industrial Area (Ph I-III) - Light Engineering Unit #70,manufacturing,28.68985,77.08833,"Plot No. 307, Mangolpuri Industrial Area (Ph I-III), Delhi - 110007, Delhi, India",Delhi,Delhi,India,Delhi DSIIDC Industrial Estate Directory
del-ind-0411,Mangolpuri Industrial Area (Ph I-III) - Footwear & Leather Unit #71,textile,28.69738,77.07555,"Plot No. 34, Mangolpuri Industrial Area (Ph I-III), Delhi - 110043, Delhi, India",Delhi,Delhi,India,Delhi DSIIDC Industrial Estate Directory
del-ind-0412,Mangolpuri Industrial Area (Ph I-III) - Automotive Parts Unit #72,manufacturing,28.70343,77.09069,"Plot No. 146, Mangolpuri Industrial Area (Ph I-III), Delhi - 110033, Delhi, India",Delhi,Delhi,India,Delhi DSIIDC Industrial Estate Directory
del-ind-0413,Mangolpuri Industrial Area (Ph I-III) - Packaging Unit #73,manufacturing,28.69338,77.07527,"Plot No. 309, Mangolpuri Industrial Area (Ph I-III), Delhi - 110020, Delhi, India",Delhi,Delhi,India,Delhi DSIIDC Industrial Estate Directory
del-ind-0414,Mangolpuri Industrial Area (Ph I-III) - Plastics Unit #74,plastic,28.69054,77.09273,"Plot No. 73, Mangolpuri Industrial Area (Ph I-III), Delhi - 110045, Delhi, India",Delhi,Delhi,India,Delhi DSIIDC Industrial Estate Directory
del-ind-0415,Mangolpuri Industrial Area (Ph I-III) - Light Engineering Unit #75,manufacturing,28.69136,77.09416,"Plot No. 340, Mangolpuri Industrial Area (Ph I-III), Delhi - 110051, Delhi, India",Delhi,Delhi,India,Delhi DSIIDC Industrial Estate Directory
del-ind-0416,Badli Industrial Area - Auto Components Unit #1,manufacturing,28.74085,77.15115,"Plot No. 44, Badli Industrial Area, Delhi - 110040, Delhi, India",Delhi,Delhi,India,Delhi DSIIDC Industrial Estate Directory
del-ind-0417,Badli Industrial Area - Sheet Metal Works Unit #2,metal,28.72777,77.14219,"Plot No. 169, Badli Industrial Area, Delhi - 110017, Delhi, India",Delhi,Delhi,India,Delhi DSIIDC Industrial Estate Directory
del-ind-0418,Badli Industrial Area - Textiles Unit #3,textile,28.73012,77.1361,"Plot No. 379, Badli Industrial Area, Delhi - 110088, Delhi, India",Delhi,Delhi,India,Delhi DSIIDC Industrial Estate Directory
del-ind-0419,Badli Industrial Area - Machinery Unit #4,manufacturing,28.73704,77.14375,"Plot No. 344, Badli Industrial Area, Delhi - 110055, Delhi, India",Delhi,Delhi,India,Delhi DSIIDC Industrial Estate Directory
del-ind-0420,Badli Industrial Area - Plastics Unit #5,plastic,28.73397,77.14494,"Plot No. 159, Badli Industrial Area, Delhi - 110024, Delhi, India",Delhi,Delhi,India,Delhi DSIIDC Industrial Estate Directory
del-ind-0421,Badli Industrial Area - Auto Components Unit #6,manufacturing,28.73971,77.14351,"Plot No. 393, Badli Industrial Area, Delhi - 110063, Delhi, India",Delhi,Delhi,India,Delhi DSIIDC Industrial Estate Directory
del-ind-0422,Badli Industrial Area - Sheet Metal Works Unit #7,metal,28.74389,77.157,"Plot No. 80, Badli Industrial Area, Delhi - 110010, Delhi, India",Delhi,Delhi,India,Delhi DSIIDC Industrial Estate Directory
del-ind-0423,Badli Industrial Area - Textiles Unit #8,textile,28.7323,77.15412,"Plot No. 260, Badli Industrial Area, Delhi - 110070, Delhi, India",Delhi,Delhi,India,Delhi DSIIDC Industrial Estate Directory
del-ind-0424,Badli Industrial Area - Machinery Unit #9,manufacturing,28.74071,77.13536,"Plot No. 20, Badli Industrial Area, Delhi - 110085, Delhi, India",Delhi,Delhi,India,Delhi DSIIDC Industrial Estate Directory
del-ind-0425,Badli Industrial Area - Plastics Unit #10,plastic,28.73023,77.15287,"Plot No. 68, Badli Industrial Area, Delhi - 110077, Delhi, India",Delhi,Delhi,India,Delhi DSIIDC Industrial Estate Directory
del-ind-0426,Badli Industrial Area - Auto Components Unit #11,manufacturing,28.7327,77.14725,"Plot No. 426, Badli Industrial Area, Delhi - 110089, Delhi, India",Delhi,Delhi,India,Delhi DSIIDC Industrial Estate Directory
del-ind-0427,Badli Industrial Area - Sheet Metal Works Unit #12,metal,28.7363,77.13526,"Plot No. 85, Badli Industrial Area, Delhi - 110093, Delhi, India",Delhi,Delhi,India,Delhi DSIIDC Industrial Estate Directory
del-ind-0428,Badli Industrial Area - Textiles Unit #13,textile,28.72987,77.14712,"Plot No. 347, Badli Industrial Area, Delhi - 110093, Delhi, India",Delhi,Delhi,India,Delhi DSIIDC Industrial Estate Directory
del-ind-0429,Badli Industrial Area - Machinery Unit #14,manufacturing,28.73546,77.15083,"Plot No. 146, Badli Industrial Area, Delhi - 110096, Delhi, India",Delhi,Delhi,India,Delhi DSIIDC Industrial Estate Directory
del-ind-0430,Badli Industrial Area - Plastics Unit #15,plastic,28.73583,77.14115,"Plot No. 123, Badli Industrial Area, Delhi - 110040, Delhi, India",Delhi,Delhi,India,Delhi DSIIDC Industrial Estate Directory
del-ind-0431,Badli Industrial Area - Auto Components Unit #16,manufacturing,28.74424,77.14297,"Plot No. 428, Badli Industrial Area, Delhi - 110025, Delhi, India",Delhi,Delhi,India,Delhi DSIIDC Industrial Estate Directory
del-ind-0432,Badli Industrial Area - Sheet Metal Works Unit #17,metal,28.72617,77.15467,"Plot No. 226, Badli Industrial Area, Delhi - 110060, Delhi, India",Delhi,Delhi,India,Delhi DSIIDC Industrial Estate Directory
del-ind-0433,Badli Industrial Area - Textiles Unit #18,textile,28.73614,77.1357,"Plot No. 258, Badli Industrial Area, Delhi - 110068, Delhi, India",Delhi,Delhi,India,Delhi DSIIDC Industrial Estate Directory
del-ind-0434,Badli Industrial Area - Machinery Unit #19,manufacturing,28.7322,77.14657,"Plot No. 103, Badli Industrial Area, Delhi - 110078, Delhi, India",Delhi,Delhi,India,Delhi DSIIDC Industrial Estate Directory
del-ind-0435,Badli Industrial Area - Plastics Unit #20,plastic,28.73764,77.14813,"Plot No. 329, Badli Industrial Area, Delhi - 110062, Delhi, India",Delhi,Delhi,India,Delhi DSIIDC Industrial Estate Directory
del-ind-0436,Badli Industrial Area - Auto Components Unit #21,manufacturing,28.73983,77.14012,"Plot No. 53, Badli Industrial Area, Delhi - 110092, Delhi, India",Delhi,Delhi,India,Delhi DSIIDC Industrial Estate Directory
del-ind-0437,Badli Industrial Area - Sheet Metal Works Unit #22,metal,28.74097,77.13632,"Plot No. 146, Badli Industrial Area, Delhi - 110011, Delhi, India",Delhi,Delhi,India,Delhi DSIIDC Industrial Estate Directory
del-ind-0438,Badli Industrial Area - Textiles Unit #23,textile,28.73535,77.1407,"Plot No. 263, Badli Industrial Area, Delhi - 110019, Delhi, India",Delhi,Delhi,India,Delhi DSIIDC Industrial Estate Directory
del-ind-0439,Badli Industrial Area - Machinery Unit #24,manufacturing,28.73615,77.14293,"Plot No. 114, Badli Industrial Area, Delhi - 110058, Delhi, India",Delhi,Delhi,India,Delhi DSIIDC Industrial Estate Directory
del-ind-0440,Badli Industrial Area - Plastics Unit #25,plastic,28.74433,77.13673,"Plot No. 213, Badli Industrial Area, Delhi - 110007, Delhi, India",Delhi,Delhi,India,Delhi DSIIDC Industrial Estate Directory
del-ind-0441,Badli Industrial Area - Auto Components Unit #26,manufacturing,28.73084,77.14817,"Plot No. 198, Badli Industrial Area, Delhi - 110011, Delhi, India",Delhi,Delhi,India,Delhi DSIIDC Industrial Estate Directory
del-ind-0442,Badli Industrial Area - Sheet Metal Works Unit #27,metal,28.73409,77.14591,"Plot No. 51, Badli Industrial Area, Delhi - 110092, Delhi, India",Delhi,Delhi,India,Delhi DSIIDC Industrial Estate Directory
del-ind-0443,Badli Industrial Area - Textiles Unit #28,textile,28.72938,77.13727,"Plot No. 71, Badli Industrial Area, Delhi - 110005, Delhi, India",Delhi,Delhi,India,Delhi DSIIDC Industrial Estate Directory
del-ind-0444,Badli Industrial Area - Machinery Unit #29,manufacturing,28.73267,77.15489,"Plot No. 357, Badli Industrial Area, Delhi - 110018, Delhi, India",Delhi,Delhi,India,Delhi DSIIDC Industrial Estate Directory
del-ind-0445,Badli Industrial Area - Plastics Unit #30,plastic,28.73534,77.13893,"Plot No. 316, Badli Industrial Area, Delhi - 110001, Delhi, India",Delhi,Delhi,India,Delhi DSIIDC Industrial Estate Directory
del-ind-0446,Badli Industrial Area - Auto Components Unit #31,manufacturing,28.73588,77.14441,"Plot No. 111, Badli Industrial Area, Delhi - 110020, Delhi, India",Delhi,Delhi,India,Delhi DSIIDC Industrial Estate Directory
del-ind-0447,Badli Industrial Area - Sheet Metal Works Unit #32,metal,28.7267,77.14237,"Plot No. 271, Badli Industrial Area, Delhi - 110055, Delhi, India",Delhi,Delhi,India,Delhi DSIIDC Industrial Estate Directory
del-ind-0448,Badli Industrial Area - Textiles Unit #33,textile,28.73841,77.14786,"Plot No. 155, Badli Industrial Area, Delhi - 110016, Delhi, India",Delhi,Delhi,India,Delhi DSIIDC Industrial Estate Directory
del-ind-0449,Badli Industrial Area - Machinery Unit #34,manufacturing,28.74038,77.14667,"Plot No. 407, Badli Industrial Area, Delhi - 110080, Delhi, India",Delhi,Delhi,India,Delhi DSIIDC Industrial Estate Directory
del-ind-0450,Badli Industrial Area - Plastics Unit #35,plastic,28.73248,77.1457,"Plot No. 256, Badli Industrial Area, Delhi - 110077, Delhi, India",Delhi,Delhi,India,Delhi DSIIDC Industrial Estate Directory
del-ind-0451,Badli Industrial Area - Auto Components Unit #36,manufacturing,28.72756,77.14329,"Plot No. 295, Badli Industrial Area, Delhi - 110031, Delhi, India",Delhi,Delhi,India,Delhi DSIIDC Industrial Estate Directory
del-ind-0452,Badli Industrial Area - Sheet Metal Works Unit #37,metal,28.73412,77.14061,"Plot No. 1, Badli Industrial Area, Delhi - 110079, Delhi, India",Delhi,Delhi,India,Delhi DSIIDC Industrial Estate Directory
del-ind-0453,Badli Industrial Area - Textiles Unit #38,textile,28.73077,77.15061,"Plot No. 96, Badli Industrial Area, Delhi - 110086, Delhi, India",Delhi,Delhi,India,Delhi DSIIDC Industrial Estate Directory
del-ind-0454,Badli Industrial Area - Machinery Unit #39,manufacturing,28.73177,77.13927,"Plot No. 185, Badli Industrial Area, Delhi - 110009, Delhi, India",Delhi,Delhi,India,Delhi DSIIDC Industrial Estate Directory
del-ind-0455,Badli Industrial Area - Plastics Unit #40,plastic,28.74148,77.14305,"Plot No. 403, Badli Industrial Area, Delhi - 110065, Delhi, India",Delhi,Delhi,India,Delhi DSIIDC Industrial Estate Directory
del-ind-0456,Badli Industrial Area - Auto Components Unit #41,manufacturing,28.72993,77.14321,"Plot No. 241, Badli Industrial Area, Delhi - 110006, Delhi, India",Delhi,Delhi,India,Delhi DSIIDC Industrial Estate Directory
del-ind-0457,Badli Industrial Area - Sheet Metal Works Unit #42,metal,28.72499,77.13355,"Plot No. 130, Badli Industrial Area, Delhi - 110096, Delhi, India",Delhi,Delhi,India,Delhi DSIIDC Industrial Estate Directory
del-ind-0458,Badli Industrial Area - Textiles Unit #43,textile,28.74447,77.14597,"Plot No. 177, Badli Industrial Area, Delhi - 110031, Delhi, India",Delhi,Delhi,India,Delhi DSIIDC Industrial Estate Directory
del-ind-0459,Badli Industrial Area - Machinery Unit #44,manufacturing,28.73419,77.13745,"Plot No. 396, Badli Industrial Area, Delhi - 110075, Delhi, India",Delhi,Delhi,India,Delhi DSIIDC Industrial Estate Directory
del-ind-0460,Badli Industrial Area - Plastics Unit #45,plastic,28.73455,77.14017,"Plot No. 23, Badli Industrial Area, Delhi - 110046, Delhi, India",Delhi,Delhi,India,Delhi DSIIDC Industrial Estate Directory
del-ind-0461,Badli Industrial Area - Auto Components Unit #46,manufacturing,28.72551,77.14218,"Plot No. 90, Badli Industrial Area, Delhi - 110088, Delhi, India",Delhi,Delhi,India,Delhi DSIIDC Industrial Estate Directory
del-ind-0462,Badli Industrial Area - Sheet Metal Works Unit #47,metal,28.72688,77.14684,"Plot No. 324, Badli Industrial Area, Delhi - 110024, Delhi, India",Delhi,Delhi,India,Delhi DSIIDC Industrial Estate Directory
del-ind-0463,Badli Industrial Area - Textiles Unit #48,textile,28.73573,77.14319,"Plot No. 398, Badli Industrial Area, Delhi - 110059, Delhi, India",Delhi,Delhi,India,Delhi DSIIDC Industrial Estate Directory
del-ind-0464,Badli Industrial Area - Machinery Unit #49,manufacturing,28.73853,77.14583,"Plot No. 406, Badli Industrial Area, Delhi - 110026, Delhi, India",Delhi,Delhi,India,Delhi DSIIDC Industrial Estate Directory
del-ind-0465,Badli Industrial Area - Plastics Unit #50,plastic,28.73854,77.14191,"Plot No. 159, Badli Industrial Area, Delhi - 110066, Delhi, India",Delhi,Delhi,India,Delhi DSIIDC Industrial Estate Directory
del-ind-0466,Badli Industrial Area - Auto Components Unit #51,manufacturing,28.72703,77.15092,"Plot No. 243, Badli Industrial Area, Delhi - 110033, Delhi, India",Delhi,Delhi,India,Delhi DSIIDC Industrial Estate Directory
del-ind-0467,Badli Industrial Area - Sheet Metal Works Unit #52,metal,28.74259,77.14678,"Plot No. 147, Badli Industrial Area, Delhi - 110046, Delhi, India",Delhi,Delhi,India,Delhi DSIIDC Industrial Estate Directory
del-ind-0468,Badli Industrial Area - Textiles Unit #53,textile,28.73609,77.14371,"Plot No. 336, Badli Industrial Area, Delhi - 110043, Delhi, India",Delhi,Delhi,India,Delhi DSIIDC Industrial Estate Directory
del-ind-0469,Badli Industrial Area - Machinery Unit #54,manufacturing,28.73359,77.15458,"Plot No. 224, Badli Industrial Area, Delhi - 110052, Delhi, India",Delhi,Delhi,India,Delhi DSIIDC Industrial Estate Directory
del-ind-0470,Badli Industrial Area - Plastics Unit #55,plastic,28.73452,77.13355,"Plot No. 198, Badli Industrial Area, Delhi - 110044, Delhi, India",Delhi,Delhi,India,Delhi DSIIDC Industrial Estate Directory
del-ind-0471,Libaspur Industrial Area - Heavy Machinery Unit #1,manufacturing,28.7602,77.15413,"Plot No. 255, Libaspur Industrial Area, Delhi - 110048, Delhi, India",Delhi,Delhi,India,Delhi DSIIDC Industrial Estate Directory
del-ind-0472,Libaspur Industrial Area - Foundry Unit #2,metal,28.75984,77.15251,"Plot No. 411, Libaspur Industrial Area, Delhi - 110011, Delhi, India",Delhi,Delhi,India,Delhi DSIIDC Industrial Estate Directory
del-ind-0473,Libaspur Industrial Area - Hardware Unit #3,manufacturing,28.75474,77.15319,"Plot No. 309, Libaspur Industrial Area, Delhi - 110024, Delhi, India",Delhi,Delhi,India,Delhi DSIIDC Industrial Estate Directory
del-ind-0474,Libaspur Industrial Area - Packaging Unit #4,manufacturing,28.7512,77.15388,"Plot No. 41, Libaspur Industrial Area, Delhi - 110042, Delhi, India",Delhi,Delhi,India,Delhi DSIIDC Industrial Estate Directory
del-ind-0475,Libaspur Industrial Area - Warehousing Unit #5,manufacturing,28.75296,77.15174,"Plot No. 309, Libaspur Industrial Area, Delhi - 110092, Delhi, India",Delhi,Delhi,India,Delhi DSIIDC Industrial Estate Directory
del-ind-0476,Libaspur Industrial Area - Heavy Machinery Unit #6,manufacturing,28.74884,77.15808,"Plot No. 180, Libaspur Industrial Area, Delhi - 110058, Delhi, India",Delhi,Delhi,India,Delhi DSIIDC Industrial Estate Directory
del-ind-0477,Libaspur Industrial Area - Foundry Unit #7,metal,28.76377,77.15739,"Plot No. 181, Libaspur Industrial Area, Delhi - 110079, Delhi, India",Delhi,Delhi,India,Delhi DSIIDC Industrial Estate Directory
del-ind-0478,Libaspur Industrial Area - Hardware Unit #8,manufacturing,28.75861,77.15496,"Plot No. 406, Libaspur Industrial Area, Delhi - 110008, Delhi, India",Delhi,Delhi,India,Delhi DSIIDC Industrial Estate Directory
del-ind-0479,Libaspur Industrial Area - Packaging Unit #9,manufacturing,28.76071,77.15791,"Plot No. 187, Libaspur Industrial Area, Delhi - 110066, Delhi, India",Delhi,Delhi,India,Delhi DSIIDC Industrial Estate Directory
del-ind-0480,Libaspur Industrial Area - Warehousing Unit #10,manufacturing,28.75714,77.14856,"Plot No. 16, Libaspur Industrial Area, Delhi - 110019, Delhi, India",Delhi,Delhi,India,Delhi DSIIDC Industrial Estate Directory
del-ind-0481,Libaspur Industrial Area - Heavy Machinery Unit #11,manufacturing,28.75894,77.14949,"Plot No. 225, Libaspur Industrial Area, Delhi - 110005, Delhi, India",Delhi,Delhi,India,Delhi DSIIDC Industrial Estate Directory
del-ind-0482,Libaspur Industrial Area - Foundry Unit #12,metal,28.75732,77.15735,"Plot No. 331, Libaspur Industrial Area, Delhi - 110047, Delhi, India",Delhi,Delhi,India,Delhi DSIIDC Industrial Estate Directory
del-ind-0483,Libaspur Industrial Area - Hardware Unit #13,manufacturing,28.74788,77.16338,"Plot No. 17, Libaspur Industrial Area, Delhi - 110078, Delhi, India",Delhi,Delhi,India,Delhi DSIIDC Industrial Estate Directory
del-ind-0484,Libaspur Industrial Area - Packaging Unit #14,manufacturing,28.75781,77.15904,"Plot No. 190, Libaspur Industrial Area, Delhi - 110048, Delhi, India",Delhi,Delhi,India,Delhi DSIIDC Industrial Estate Directory
del-ind-0485,Libaspur Industrial Area - Warehousing Unit #15,manufacturing,28.75331,77.15562,"Plot No. 71, Libaspur Industrial Area, Delhi - 110068, Delhi, India",Delhi,Delhi,India,Delhi DSIIDC Industrial Estate Directory
del-ind-0486,Libaspur Industrial Area - Heavy Machinery Unit #16,manufacturing,28.75238,77.1579,"Plot No. 143, Libaspur Industrial Area, Delhi - 110032, Delhi, India",Delhi,Delhi,India,Delhi DSIIDC Industrial Estate Directory
del-ind-0487,Libaspur Industrial Area - Foundry Unit #17,metal,28.756,77.15475,"Plot No. 96, Libaspur Industrial Area, Delhi - 110064, Delhi, India",Delhi,Delhi,India,Delhi DSIIDC Industrial Estate Directory
del-ind-0488,Libaspur Industrial Area - Hardware Unit #18,manufacturing,28.7451,77.15389,"Plot No. 61, Libaspur Industrial Area, Delhi - 110034, Delhi, India",Delhi,Delhi,India,Delhi DSIIDC Industrial Estate Directory
del-ind-0489,Libaspur Industrial Area - Packaging Unit #19,manufacturing,28.7561,77.14806,"Plot No. 110, Libaspur Industrial Area, Delhi - 110079, Delhi, India",Delhi,Delhi,India,Delhi DSIIDC Industrial Estate Directory
del-ind-0490,Libaspur Industrial Area - Warehousing Unit #20,manufacturing,28.75278,77.16478,"Plot No. 252, Libaspur Industrial Area, Delhi - 110026, Delhi, India",Delhi,Delhi,India,Delhi DSIIDC Industrial Estate Directory
del-ind-0491,Libaspur Industrial Area - Heavy Machinery Unit #21,manufacturing,28.76132,77.16114,"Plot No. 232, Libaspur Industrial Area, Delhi - 110023, Delhi, India",Delhi,Delhi,India,Delhi DSIIDC Industrial Estate Directory
del-ind-0492,Libaspur Industrial Area - Foundry Unit #22,metal,28.75893,77.1521,"Plot No. 45, Libaspur Industrial Area, Delhi - 110088, Delhi, India",Delhi,Delhi,India,Delhi DSIIDC Industrial Estate Directory
del-ind-0493,Libaspur Industrial Area - Hardware Unit #23,manufacturing,28.765,77.15233,"Plot No. 342, Libaspur Industrial Area, Delhi - 110045, Delhi, India",Delhi,Delhi,India,Delhi DSIIDC Industrial Estate Directory
del-ind-0494,Libaspur Industrial Area - Packaging Unit #24,manufacturing,28.75357,77.1495,"Plot No. 149, Libaspur Industrial Area, Delhi - 110039, Delhi, India",Delhi,Delhi,India,Delhi DSIIDC Industrial Estate Directory
del-ind-0495,Libaspur Industrial Area - Warehousing Unit #25,manufacturing,28.75922,77.14929,"Plot No. 359, Libaspur Industrial Area, Delhi - 110082, Delhi, India",Delhi,Delhi,India,Delhi DSIIDC Industrial Estate Directory
del-ind-0496,Libaspur Industrial Area - Heavy Machinery Unit #26,manufacturing,28.75696,77.15879,"Plot No. 115, Libaspur Industrial Area, Delhi - 110016, Delhi, India",Delhi,Delhi,India,Delhi DSIIDC Industrial Estate Directory
del-ind-0497,Libaspur Industrial Area - Foundry Unit #27,metal,28.76294,77.15426,"Plot No. 122, Libaspur Industrial Area, Delhi - 110064, Delhi, India",Delhi,Delhi,India,Delhi DSIIDC Industrial Estate Directory
del-ind-0498,Libaspur Industrial Area - Hardware Unit #28,manufacturing,28.76064,77.15594,"Plot No. 189, Libaspur Industrial Area, Delhi - 110060, Delhi, India",Delhi,Delhi,India,Delhi DSIIDC Industrial Estate Directory
del-ind-0499,Libaspur Industrial Area - Packaging Unit #29,manufacturing,28.75689,77.14962,"Plot No. 314, Libaspur Industrial Area, Delhi - 110012, Delhi, India",Delhi,Delhi,India,Delhi DSIIDC Industrial Estate Directory
del-ind-0500,Libaspur Industrial Area - Warehousing Unit #30,manufacturing,28.75915,77.15682,"Plot No. 368, Libaspur Industrial Area, Delhi - 110093, Delhi, India",Delhi,Delhi,India,Delhi DSIIDC Industrial Estate Directory
del-ind-0501,Libaspur Industrial Area - Heavy Machinery Unit #31,manufacturing,28.75041,77.15562,"Plot No. 210, Libaspur Industrial Area, Delhi - 110074, Delhi, India",Delhi,Delhi,India,Delhi DSIIDC Industrial Estate Directory
del-ind-0502,Libaspur Industrial Area - Foundry Unit #32,metal,28.765,77.16039,"Plot No. 329, Libaspur Industrial Area, Delhi - 110010, Delhi, India",Delhi,Delhi,India,Delhi DSIIDC Industrial Estate Directory
del-ind-0503,Libaspur Industrial Area - Hardware Unit #33,manufacturing,28.74854,77.1571,"Plot No. 177, Libaspur Industrial Area, Delhi - 110017, Delhi, India",Delhi,Delhi,India,Delhi DSIIDC Industrial Estate Directory
del-ind-0504,Libaspur Industrial Area - Packaging Unit #34,manufacturing,28.76064,77.14956,"Plot No. 328, Libaspur Industrial Area, Delhi - 110076, Delhi, India",Delhi,Delhi,India,Delhi DSIIDC Industrial Estate Directory
del-ind-0505,Libaspur Industrial Area - Warehousing Unit #35,manufacturing,28.75986,77.165,"Plot No. 222, Libaspur Industrial Area, Delhi - 110065, Delhi, India",Delhi,Delhi,India,Delhi DSIIDC Industrial Estate Directory
del-ind-0506,Libaspur Industrial Area - Heavy Machinery Unit #36,manufacturing,28.75629,77.15419,"Plot No. 64, Libaspur Industrial Area, Delhi - 110067, Delhi, India",Delhi,Delhi,India,Delhi DSIIDC Industrial Estate Directory
del-ind-0507,Libaspur Industrial Area - Foundry Unit #37,metal,28.75654,77.15721,"Plot No. 166, Libaspur Industrial Area, Delhi - 110091, Delhi, India",Delhi,Delhi,India,Delhi DSIIDC Industrial Estate Directory
del-ind-0508,Libaspur Industrial Area - Hardware Unit #38,manufacturing,28.75668,77.165,"Plot No. 266, Libaspur Industrial Area, Delhi - 110037, Delhi, India",Delhi,Delhi,India,Delhi DSIIDC Industrial Estate Directory
del-ind-0509,Libaspur Industrial Area - Packaging Unit #39,manufacturing,28.75694,77.15218,"Plot No. 326, Libaspur Industrial Area, Delhi - 110071, Delhi, India",Delhi,Delhi,India,Delhi DSIIDC Industrial Estate Directory
del-ind-0510,Libaspur Industrial Area - Warehousing Unit #40,manufacturing,28.75404,77.16123,"Plot No. 315, Libaspur Industrial Area, Delhi - 110069, Delhi, India",Delhi,Delhi,India,Delhi DSIIDC Industrial Estate Directory
del-ind-0511,Khera Kalan Industrial Zone - Agro-Processing Unit #1,food,28.79144,77.13928,"Plot No. 304, Khera Kalan Industrial Zone, Delhi - 110075, Delhi, India",Delhi,Delhi,India,Delhi DSIIDC Industrial Estate Directory
del-ind-0512,Khera Kalan Industrial Zone - Cold Storage Unit #2,manufacturing,28.78948,77.14153,"Plot No. 369, Khera Kalan Industrial Zone, Delhi - 110078, Delhi, India",Delhi,Delhi,India,Delhi DSIIDC Industrial Estate Directory
del-ind-0513,Khera Kalan Industrial Zone - Plastics Unit #3,plastic,28.77859,77.14545,"Plot No. 22, Khera Kalan Industrial Zone, Delhi - 110004, Delhi, India",Delhi,Delhi,India,Delhi DSIIDC Industrial Estate Directory
del-ind-0514,Khera Kalan Industrial Zone - Chemicals Unit #4,chemical,28.79648,77.14143,"Plot No. 395, Khera Kalan Industrial Zone, Delhi - 110074, Delhi, India",Delhi,Delhi,India,Delhi DSIIDC Industrial Estate Directory
del-ind-0515,Khera Kalan Industrial Zone - Paints Unit #5,chemical,28.78466,77.1387,"Plot No. 293, Khera Kalan Industrial Zone, Delhi - 110054, Delhi, India",Delhi,Delhi,India,Delhi DSIIDC Industrial Estate Directory
del-ind-0516,Khera Kalan Industrial Zone - Agro-Processing Unit #6,food,28.78401,77.13409,"Plot No. 322, Khera Kalan Industrial Zone, Delhi - 110070, Delhi, India",Delhi,Delhi,India,Delhi DSIIDC Industrial Estate Directory
del-ind-0517,Khera Kalan Industrial Zone - Cold Storage Unit #7,manufacturing,28.78166,77.147,"Plot No. 248, Khera Kalan Industrial Zone, Delhi - 110032, Delhi, India",Delhi,Delhi,India,Delhi DSIIDC Industrial Estate Directory
del-ind-0518,Khera Kalan Industrial Zone - Plastics Unit #8,plastic,28.78777,77.12727,"Plot No. 153, Khera Kalan Industrial Zone, Delhi - 110059, Delhi, India",Delhi,Delhi,India,Delhi DSIIDC Industrial Estate Directory
del-ind-0519,Khera Kalan Industrial Zone - Chemicals Unit #9,chemical,28.7867,77.13584,"Plot No. 226, Khera Kalan Industrial Zone, Delhi - 110054, Delhi, India",Delhi,Delhi,India,Delhi DSIIDC Industrial Estate Directory
del-ind-0520,Khera Kalan Industrial Zone - Paints Unit #10,chemical,28.78137,77.13536,"Plot No. 311, Khera Kalan Industrial Zone, Delhi - 110019, Delhi, India",Delhi,Delhi,India,Delhi DSIIDC Industrial Estate Directory
del-ind-0521,Khera Kalan Industrial Zone - Agro-Processing Unit #11,food,28.78171,77.14294,"Plot No. 376, Khera Kalan Industrial Zone, Delhi - 110045, Delhi, India",Delhi,Delhi,India,Delhi DSIIDC Industrial Estate Directory
del-ind-0522,Khera Kalan Industrial Zone - Cold Storage Unit #12,manufacturing,28.78782,77.13456,"Plot No. 190, Khera Kalan Industrial Zone, Delhi - 110066, Delhi, India",Delhi,Delhi,India,Delhi DSIIDC Industrial Estate Directory
del-ind-0523,Khera Kalan Industrial Zone - Plastics Unit #13,plastic,28.78062,77.13321,"Plot No. 239, Khera Kalan Industrial Zone, Delhi - 110016, Delhi, India",Delhi,Delhi,India,Delhi DSIIDC Industrial Estate Directory
del-ind-0524,Khera Kalan Industrial Zone - Chemicals Unit #14,chemical,28.78455,77.13905,"Plot No. 50, Khera Kalan Industrial Zone, Delhi - 110007, Delhi, India",Delhi,Delhi,India,Delhi DSIIDC Industrial Estate Directory
del-ind-0525,Khera Kalan Industrial Zone - Paints Unit #15,chemical,28.78367,77.14015,"Plot No. 316, Khera Kalan Industrial Zone, Delhi - 110054, Delhi, India",Delhi,Delhi,India,Delhi DSIIDC Industrial Estate Directory
del-ind-0526,Khera Kalan Industrial Zone - Agro-Processing Unit #16,food,28.78512,77.14581,"Plot No. 82, Khera Kalan Industrial Zone, Delhi - 110042, Delhi, India",Delhi,Delhi,India,Delhi DSIIDC Industrial Estate Directory
del-ind-0527,Khera Kalan Industrial Zone - Cold Storage Unit #17,manufacturing,28.79289,77.13151,"Plot No. 98, Khera Kalan Industrial Zone, Delhi - 110021, Delhi, India",Delhi,Delhi,India,Delhi DSIIDC Industrial Estate Directory
del-ind-0528,Khera Kalan Industrial Zone - Plastics Unit #18,plastic,28.77851,77.13507,"Plot No. 256, Khera Kalan Industrial Zone, Delhi - 110040, Delhi, India",Delhi,Delhi,India,Delhi DSIIDC Industrial Estate Directory
del-ind-0529,Khera Kalan Industrial Zone - Chemicals Unit #19,chemical,28.78265,77.13504,"Plot No. 202, Khera Kalan Industrial Zone, Delhi - 110065, Delhi, India",Delhi,Delhi,India,Delhi DSIIDC Industrial Estate Directory
del-ind-0530,Khera Kalan Industrial Zone - Paints Unit #20,chemical,28.78114,77.13606,"Plot No. 299, Khera Kalan Industrial Zone, Delhi - 110046, Delhi, India",Delhi,Delhi,India,Delhi DSIIDC Industrial Estate Directory
del-ind-0531,Khera Kalan Industrial Zone - Agro-Processing Unit #21,food,28.78919,77.13632,"Plot No. 306, Khera Kalan Industrial Zone, Delhi - 110084, Delhi, India",Delhi,Delhi,India,Delhi DSIIDC Industrial Estate Directory
del-ind-0532,Khera Kalan Industrial Zone - Cold Storage Unit #22,manufacturing,28.78293,77.13108,"Plot No. 5, Khera Kalan Industrial Zone, Delhi - 110014, Delhi, India",Delhi,Delhi,India,Delhi DSIIDC Industrial Estate Directory
del-ind-0533,Khera Kalan Industrial Zone - Plastics Unit #23,plastic,28.77486,77.1397,"Plot No. 373, Khera Kalan Industrial Zone, Delhi - 110047, Delhi, India",Delhi,Delhi,India,Delhi DSIIDC Industrial Estate Directory
del-ind-0534,Khera Kalan Industrial Zone - Chemicals Unit #24,chemical,28.78545,77.12986,"Plot No. 206, Khera Kalan Industrial Zone, Delhi - 110007, Delhi, India",Delhi,Delhi,India,Delhi DSIIDC Industrial Estate Directory
del-ind-0535,Khera Kalan Industrial Zone - Paints Unit #25,chemical,28.78179,77.13348,"Plot No. 284, Khera Kalan Industrial Zone, Delhi - 110037, Delhi, India",Delhi,Delhi,India,Delhi DSIIDC Industrial Estate Directory
del-ind-0536,Khera Kalan Industrial Zone - Agro-Processing Unit #26,food,28.79073,77.13785,"Plot No. 392, Khera Kalan Industrial Zone, Delhi - 110071, Delhi, India",Delhi,Delhi,India,Delhi DSIIDC Industrial Estate Directory
del-ind-0537,Khera Kalan Industrial Zone - Cold Storage Unit #27,manufacturing,28.78199,77.147,"Plot No. 349, Khera Kalan Industrial Zone, Delhi - 110079, Delhi, India",Delhi,Delhi,India,Delhi DSIIDC Industrial Estate Directory
del-ind-0538,Khera Kalan Industrial Zone - Plastics Unit #28,plastic,28.79577,77.14496,"Plot No. 202, Khera Kalan Industrial Zone, Delhi - 110048, Delhi, India",Delhi,Delhi,India,Delhi DSIIDC Industrial Estate Directory
del-ind-0539,Khera Kalan Industrial Zone - Chemicals Unit #29,chemical,28.78637,77.13028,"Plot No. 188, Khera Kalan Industrial Zone, Delhi - 110019, Delhi, India",Delhi,Delhi,India,Delhi DSIIDC Industrial Estate Directory
del-ind-0540,Khera Kalan Industrial Zone - Paints Unit #30,chemical,28.78703,77.14111,"Plot No. 257, Khera Kalan Industrial Zone, Delhi - 110006, Delhi, India",Delhi,Delhi,India,Delhi DSIIDC Industrial Estate Directory
del-ind-0541,Khera Kalan Industrial Zone - Agro-Processing Unit #31,food,28.78781,77.13582,"Plot No. 171, Khera Kalan Industrial Zone, Delhi - 110061, Delhi, India",Delhi,Delhi,India,Delhi DSIIDC Industrial Estate Directory
del-ind-0542,Khera Kalan Industrial Zone - Cold Storage Unit #32,manufacturing,28.78196,77.13463,"Plot No. 264, Khera Kalan Industrial Zone, Delhi - 110018, Delhi, India",Delhi,Delhi,India,Delhi DSIIDC Industrial Estate Directory
del-ind-0543,Khera Kalan Industrial Zone - Plastics Unit #33,plastic,28.7815,77.14157,"Plot No. 84, Khera Kalan Industrial Zone, Delhi - 110051, Delhi, India",Delhi,Delhi,India,Delhi DSIIDC Industrial Estate Directory
del-ind-0544,Khera Kalan Industrial Zone - Chemicals Unit #34,chemical,28.79384,77.13448,"Plot No. 154, Khera Kalan Industrial Zone, Delhi - 110076, Delhi, India",Delhi,Delhi,India,Delhi DSIIDC Industrial Estate Directory
del-ind-0545,Khera Kalan Industrial Zone - Paints Unit #35,chemical,28.77976,77.14368,"Plot No. 273, Khera Kalan Industrial Zone, Delhi - 110063, Delhi, India",Delhi,Delhi,India,Delhi DSIIDC Industrial Estate Directory
del-ind-0546,Samaypur Badli Industrial Cluster - Cable Manufacturing Unit #1,electronics,28.74103,77.13433,"Plot No. 418, Samaypur Badli Industrial Cluster, Delhi - 110003, Delhi, India",Delhi,Delhi,India,Delhi DSIIDC Industrial Estate Directory
del-ind-0547,Samaypur Badli Industrial Cluster - Die Casting Unit #2,metal,28.73744,77.14296,"Plot No. 214, Samaypur Badli Industrial Cluster, Delhi - 110075, Delhi, India",Delhi,Delhi,India,Delhi DSIIDC Industrial Estate Directory
del-ind-0548,Samaypur Badli Industrial Cluster - Metal Polishing Unit #3,metal,28.73859,77.14701,"Plot No. 447, Samaypur Badli Industrial Cluster, Delhi - 110089, Delhi, India",Delhi,Delhi,India,Delhi DSIIDC Industrial Estate Directory
del-ind-0549,Samaypur Badli Industrial Cluster - Packaging Unit #4,manufacturing,28.73783,77.1336,"Plot No. 136, Samaypur Badli Industrial Cluster, Delhi - 110084, Delhi, India",Delhi,Delhi,India,Delhi DSIIDC Industrial Estate Directory
del-ind-0550,Samaypur Badli Industrial Cluster - Cable Manufacturing Unit #5,electronics,28.7436,77.13038,"Plot No. 296, Samaypur Badli Industrial Cluster, Delhi - 110030, Delhi, India",Delhi,Delhi,India,Delhi DSIIDC Industrial Estate Directory
del-ind-0551,Samaypur Badli Industrial Cluster - Die Casting Unit #6,metal,28.74094,77.13214,"Plot No. 88, Samaypur Badli Industrial Cluster, Delhi - 110068, Delhi, India",Delhi,Delhi,India,Delhi DSIIDC Industrial Estate Directory
del-ind-0552,Samaypur Badli Industrial Cluster - Metal Polishing Unit #7,metal,28.73769,77.13346,"Plot No. 431, Samaypur Badli Industrial Cluster, Delhi - 110049, Delhi, India",Delhi,Delhi,India,Delhi DSIIDC Industrial Estate Directory
del-ind-0553,Samaypur Badli Industrial Cluster - Packaging Unit #8,manufacturing,28.74607,77.14344,"Plot No. 17, Samaypur Badli Industrial Cluster, Delhi - 110074, Delhi, India",Delhi,Delhi,India,Delhi DSIIDC Industrial Estate Directory
del-ind-0554,Samaypur Badli Industrial Cluster - Cable Manufacturing Unit #9,electronics,28.74406,77.13731,"Plot No. 10, Samaypur Badli Industrial Cluster, Delhi - 110057, Delhi, India",Delhi,Delhi,India,Delhi DSIIDC Industrial Estate Directory
del-ind-0555,Samaypur Badli Industrial Cluster - Die Casting Unit #10,metal,28.741,77.14038,"Plot No. 354, Samaypur Badli Industrial Cluster, Delhi - 110027, Delhi, India",Delhi,Delhi,India,Delhi DSIIDC Industrial Estate Directory
del-ind-0556,Samaypur Badli Industrial Cluster - Metal Polishing Unit #11,metal,28.73543,77.14215,"Plot No. 242, Samaypur Badli Industrial Cluster, Delhi - 110095, Delhi, India",Delhi,Delhi,India,Delhi DSIIDC Industrial Estate Directory
del-ind-0557,Samaypur Badli Industrial Cluster - Packaging Unit #12,manufacturing,28.741,77.13103,"Plot No. 266, Samaypur Badli Industrial Cluster, Delhi - 110027, Delhi, India",Delhi,Delhi,India,Delhi DSIIDC Industrial Estate Directory
del-ind-0558,Samaypur Badli Industrial Cluster - Cable Manufacturing Unit #13,electronics,28.732,77.13205,"Plot No. 245, Samaypur Badli Industrial Cluster, Delhi - 110068, Delhi, India",Delhi,Delhi,India,Delhi DSIIDC Industrial Estate Directory
del-ind-0559,Samaypur Badli Industrial Cluster - Die Casting Unit #14,metal,28.73394,77.14588,"Plot No. 236, Samaypur Badli Industrial Cluster, Delhi - 110069, Delhi, India",Delhi,Delhi,India,Delhi DSIIDC Industrial Estate Directory
del-ind-0560,Samaypur Badli Industrial Cluster - Metal Polishing Unit #15,metal,28.73969,77.14152,"Plot No. 396, Samaypur Badli Industrial Cluster, Delhi - 110093, Delhi, India",Delhi,Delhi,India,Delhi DSIIDC Industrial Estate Directory
del-ind-0561,Samaypur Badli Industrial Cluster - Packaging Unit #16,manufacturing,28.73858,77.13064,"Plot No. 136, Samaypur Badli Industrial Cluster, Delhi - 110079, Delhi, India",Delhi,Delhi,India,Delhi DSIIDC Industrial Estate Directory
del-ind-0562,Samaypur Badli Industrial Cluster - Cable Manufacturing Unit #17,electronics,28.732,77.13912,"Plot No. 143, Samaypur Badli Industrial Cluster, Delhi - 110072, Delhi, India",Delhi,Delhi,India,Delhi DSIIDC Industrial Estate Directory
del-ind-0563,Samaypur Badli Industrial Cluster - Die Casting Unit #18,metal,28.73878,77.148,"Plot No. 153, Samaypur Badli Industrial Cluster, Delhi - 110037, Delhi, India",Delhi,Delhi,India,Delhi DSIIDC Industrial Estate Directory
del-ind-0564,Samaypur Badli Industrial Cluster - Metal Polishing Unit #19,metal,28.74007,77.13139,"Plot No. 251, Samaypur Badli Industrial Cluster, Delhi - 110041, Delhi, India",Delhi,Delhi,India,Delhi DSIIDC Industrial Estate Directory
del-ind-0565,Samaypur Badli Industrial Cluster - Packaging Unit #20,manufacturing,28.73628,77.13873,"Plot No. 408, Samaypur Badli Industrial Cluster, Delhi - 110093, Delhi, India",Delhi,Delhi,India,Delhi DSIIDC Industrial Estate Directory
del-ind-0566,Samaypur Badli Industrial Cluster - Cable Manufacturing Unit #21,electronics,28.74166,77.14027,"Plot No. 347, Samaypur Badli Industrial Cluster, Delhi - 110070, Delhi, India",Delhi,Delhi,India,Delhi DSIIDC Industrial Estate Directory
del-ind-0567,Samaypur Badli Industrial Cluster - Die Casting Unit #22,metal,28.73283,77.14664,"Plot No. 420, Samaypur Badli Industrial Cluster, Delhi - 110045, Delhi, India",Delhi,Delhi,India,Delhi DSIIDC Industrial Estate Directory
del-ind-0568,Samaypur Badli Industrial Cluster - Metal Polishing Unit #23,metal,28.7498,77.13571,"Plot No. 149, Samaypur Badli Industrial Cluster, Delhi - 110006, Delhi, India",Delhi,Delhi,India,Delhi DSIIDC Industrial Estate Directory
del-ind-0569,Samaypur Badli Industrial Cluster - Packaging Unit #24,manufacturing,28.74033,77.14492,"Plot No. 178, Samaypur Badli Industrial Cluster, Delhi - 110057, Delhi, India",Delhi,Delhi,India,Delhi DSIIDC Industrial Estate Directory
del-ind-0570,Samaypur Badli Industrial Cluster - Cable Manufacturing Unit #25,electronics,28.73784,77.1318,"Plot No. 110, Samaypur Badli Industrial Cluster, Delhi - 110026, Delhi, India",Delhi,Delhi,India,Delhi DSIIDC Industrial Estate Directory
del-ind-0571,Samaypur Badli Industrial Cluster - Die Casting Unit #26,metal,28.74368,77.13484,"Plot No. 288, Samaypur Badli Industrial Cluster, Delhi - 110090, Delhi, India",Delhi,Delhi,India,Delhi DSIIDC Industrial Estate Directory
del-ind-0572,Samaypur Badli Industrial Cluster - Metal Polishing Unit #27,metal,28.74171,77.14014,"Plot No. 380, Samaypur Badli Industrial Cluster, Delhi - 110076, Delhi, India",Delhi,Delhi,India,Delhi DSIIDC Industrial Estate Directory
del-ind-0573,Samaypur Badli Industrial Cluster - Packaging Unit #28,manufacturing,28.7421,77.13945,"Plot No. 272, Samaypur Badli Industrial Cluster, Delhi - 110029, Delhi, India",Delhi,Delhi,India,Delhi DSIIDC Industrial Estate Directory
del-ind-0574,Samaypur Badli Industrial Cluster - Cable Manufacturing Unit #29,electronics,28.74104,77.13687,"Plot No. 212, Samaypur Badli Industrial Cluster, Delhi - 110043, Delhi, India",Delhi,Delhi,India,Delhi DSIIDC Industrial Estate Directory
del-ind-0575,Samaypur Badli Industrial Cluster - Die Casting Unit #30,metal,28.74158,77.13597,"Plot No. 395, Samaypur Badli Industrial Cluster, Delhi - 110018, Delhi, India",Delhi,Delhi,India,Delhi DSIIDC Industrial Estate Directory
del-ind-0576,Samaypur Badli Industrial Cluster - Metal Polishing Unit #31,metal,28.74769,77.13819,"Plot No. 81, Samaypur Badli Industrial Cluster, Delhi - 110053, Delhi, India",Delhi,Delhi,India,Delhi DSIIDC Industrial Estate Directory
del-ind-0577,Samaypur Badli Industrial Cluster - Packaging Unit #32,manufacturing,28.73668,77.1304,"Plot No. 244, Samaypur Badli Industrial Cluster, Delhi - 110062, Delhi, India",Delhi,Delhi,India,Delhi DSIIDC Industrial Estate Directory
del-ind-0578,Samaypur Badli Industrial Cluster - Cable Manufacturing Unit #33,electronics,28.73758,77.13187,"Plot No. 148, Samaypur Badli Industrial Cluster, Delhi - 110042, Delhi, India",Delhi,Delhi,India,Delhi DSIIDC Industrial Estate Directory
del-ind-0579,Samaypur Badli Industrial Cluster - Die Casting Unit #34,metal,28.74165,77.13953,"Plot No. 394, Samaypur Badli Industrial Cluster, Delhi - 110012, Delhi, India",Delhi,Delhi,India,Delhi DSIIDC Industrial Estate Directory
del-ind-0580,Samaypur Badli Industrial Cluster - Metal Polishing Unit #35,metal,28.74012,77.13533,"Plot No. 379, Samaypur Badli Industrial Cluster, Delhi - 110093, Delhi, India",Delhi,Delhi,India,Delhi DSIIDC Industrial Estate Directory
del-ind-0581,Samaypur Badli Industrial Cluster - Packaging Unit #36,manufacturing,28.74273,77.137,"Plot No. 90, Samaypur Badli Industrial Cluster, Delhi - 110054, Delhi, India",Delhi,Delhi,India,Delhi DSIIDC Industrial Estate Directory
del-ind-0582,Samaypur Badli Industrial Cluster - Cable Manufacturing Unit #37,electronics,28.74407,77.13611,"Plot No. 19, Samaypur Badli Industrial Cluster, Delhi - 110051, Delhi, India",Delhi,Delhi,India,Delhi DSIIDC Industrial Estate Directory
del-ind-0583,Samaypur Badli Industrial Cluster - Die Casting Unit #38,metal,28.74268,77.13519,"Plot No. 384, Samaypur Badli Industrial Cluster, Delhi - 110038, Delhi, India",Delhi,Delhi,India,Delhi DSIIDC Industrial Estate Directory
del-ind-0584,Samaypur Badli Industrial Cluster - Metal Polishing Unit #39,metal,28.74244,77.13757,"Plot No. 291, Samaypur Badli Industrial Cluster, Delhi - 110078, Delhi, India",Delhi,Delhi,India,Delhi DSIIDC Industrial Estate Directory
del-ind-0585,Samaypur Badli Industrial Cluster - Packaging Unit #40,manufacturing,28.752,77.14602,"Plot No. 146, Samaypur Badli Industrial Cluster, Delhi - 110059, Delhi, India",Delhi,Delhi,India,Delhi DSIIDC Industrial Estate Directory
del-ind-0586,Mayapuri Industrial Area (Ph I-II) - Automotive Scrapping Unit #1,manufacturing,28.64387,77.11746,"Plot No. 253, Mayapuri Industrial Area (Ph I-II), Delhi - 110018, Delhi, India",Delhi,Delhi,India,Delhi DSIIDC Industrial Estate Directory
del-ind-0587,Mayapuri Industrial Area (Ph I-II) - Metal Recycling Unit #2,metal,28.6402,77.1123,"Plot No. 99, Mayapuri Industrial Area (Ph I-II), Delhi - 110015, Delhi, India",Delhi,Delhi,India,Delhi DSIIDC Industrial Estate Directory
del-ind-0588,Mayapuri Industrial Area (Ph I-II) - Heavy Machinery Unit #3,manufacturing,28.63104,77.12693,"Plot No. 332, Mayapuri Industrial Area (Ph I-II), Delhi - 110033, Delhi, India",Delhi,Delhi,India,Delhi DSIIDC Industrial Estate Directory
del-ind-0589,Mayapuri Industrial Area (Ph I-II) - Fabrication Unit #4,manufacturing,28.63579,77.11696,"Plot No. 173, Mayapuri Industrial Area (Ph I-II), Delhi - 110038, Delhi, India",Delhi,Delhi,India,Delhi DSIIDC Industrial Estate Directory
del-ind-0590,Mayapuri Industrial Area (Ph I-II) - Chemical Storage Unit #5,chemical,28.62635,77.11362,"Plot No. 90, Mayapuri Industrial Area (Ph I-II), Delhi - 110079, Delhi, India",Delhi,Delhi,India,Delhi DSIIDC Industrial Estate Directory
del-ind-0591,Mayapuri Industrial Area (Ph I-II) - Automotive Scrapping Unit #6,manufacturing,28.64431,77.10744,"Plot No. 424, Mayapuri Industrial Area (Ph I-II), Delhi - 110055, Delhi, India",Delhi,Delhi,India,Delhi DSIIDC Industrial Estate Directory
del-ind-0592,Mayapuri Industrial Area (Ph I-II) - Metal Recycling Unit #7,metal,28.63333,77.11774,"Plot No. 343, Mayapuri Industrial Area (Ph I-II), Delhi - 110013, Delhi, India",Delhi,Delhi,India,Delhi DSIIDC Industrial Estate Directory
del-ind-0593,Mayapuri Industrial Area (Ph I-II) - Heavy Machinery Unit #8,manufacturing,28.63738,77.12118,"Plot No. 166, Mayapuri Industrial Area (Ph I-II), Delhi - 110032, Delhi, India",Delhi,Delhi,India,Delhi DSIIDC Industrial Estate Directory
del-ind-0594,Mayapuri Industrial Area (Ph I-II) - Fabrication Unit #9,manufacturing,28.64219,77.11827,"Plot No. 229, Mayapuri Industrial Area (Ph I-II), Delhi - 110035, Delhi, India",Delhi,Delhi,India,Delhi DSIIDC Industrial Estate Directory
del-ind-0595,Mayapuri Industrial Area (Ph I-II) - Chemical Storage Unit #10,chemical,28.64112,77.11648,"Plot No. 371, Mayapuri Industrial Area (Ph I-II), Delhi - 110074, Delhi, India",Delhi,Delhi,India,Delhi DSIIDC Industrial Estate Directory
del-ind-0596,Mayapuri Industrial Area (Ph I-II) - Automotive Scrapping Unit #11,manufacturing,28.64515,77.11866,"Plot No. 355, Mayapuri Industrial Area (Ph I-II), Delhi - 110031, Delhi, India",Delhi,Delhi,India,Delhi DSIIDC Industrial Estate Directory
del-ind-0597,Mayapuri Industrial Area (Ph I-II) - Metal Recycling Unit #12,metal,28.63892,77.1192,"Plot No. 158, Mayapuri Industrial Area (Ph I-II), Delhi - 110021, Delhi, India",Delhi,Delhi,India,Delhi DSIIDC Industrial Estate Directory
del-ind-0598,Mayapuri Industrial Area (Ph I-II) - Heavy Machinery Unit #13,manufacturing,28.62983,77.12217,"Plot No. 361, Mayapuri Industrial Area (Ph I-II), Delhi - 110040, Delhi, India",Delhi,Delhi,India,Delhi DSIIDC Industrial Estate Directory
del-ind-0599,Mayapuri Industrial Area (Ph I-II) - Fabrication Unit #14,manufacturing,28.63271,77.10964,"Plot No. 152, Mayapuri Industrial Area (Ph I-II), Delhi - 110048, Delhi, India",Delhi,Delhi,India,Delhi DSIIDC Industrial Estate Directory
del-ind-0600,Mayapuri Industrial Area (Ph I-II) - Chemical Storage Unit #15,chemical,28.63267,77.11508,"Plot No. 69, Mayapuri Industrial Area (Ph I-II), Delhi - 110062, Delhi, India",Delhi,Delhi,India,Delhi DSIIDC Industrial Estate Directory
del-ind-0601,Mayapuri Industrial Area (Ph I-II) - Automotive Scrapping Unit #16,manufacturing,28.64198,77.12658,"Plot No. 311, Mayapuri Industrial Area (Ph I-II), Delhi - 110048, Delhi, India",Delhi,Delhi,India,Delhi DSIIDC Industrial Estate Directory
del-ind-0602,Mayapuri Industrial Area (Ph I-II) - Metal Recycling Unit #17,metal,28.62913,77.12201,"Plot No. 242, Mayapuri Industrial Area (Ph I-II), Delhi - 110069, Delhi, India",Delhi,Delhi,India,Delhi DSIIDC Industrial Estate Directory
del-ind-0603,Mayapuri Industrial Area (Ph I-II) - Heavy Machinery Unit #18,manufacturing,28.63978,77.10685,"Plot No. 391, Mayapuri Industrial Area (Ph I-II), Delhi - 110032, Delhi, India",Delhi,Delhi,India,Delhi DSIIDC Industrial Estate Directory
del-ind-0604,Mayapuri Industrial Area (Ph I-II) - Fabrication Unit #19,manufacturing,28.63241,77.11032,"Plot No. 404, Mayapuri Industrial Area (Ph I-II), Delhi - 110011, Delhi, India",Delhi,Delhi,India,Delhi DSIIDC Industrial Estate Directory
del-ind-0605,Mayapuri Industrial Area (Ph I-II) - Chemical Storage Unit #20,chemical,28.62838,77.11677,"Plot No. 186, Mayapuri Industrial Area (Ph I-II), Delhi - 110010, Delhi, India",Delhi,Delhi,India,Delhi DSIIDC Industrial Estate Directory
del-ind-0606,Mayapuri Industrial Area (Ph I-II) - Automotive Scrapping Unit #21,manufacturing,28.63867,77.11647,"Plot No. 425, Mayapuri Industrial Area (Ph I-II), Delhi - 110071, Delhi, India",Delhi,Delhi,India,Delhi DSIIDC Industrial Estate Directory
del-ind-0607,Mayapuri Industrial Area (Ph I-II) - Metal Recycling Unit #22,metal,28.63947,77.11557,"Plot No. 275, Mayapuri Industrial Area (Ph I-II), Delhi - 110020, Delhi, India",Delhi,Delhi,India,Delhi DSIIDC Industrial Estate Directory
del-ind-0608,Mayapuri Industrial Area (Ph I-II) - Heavy Machinery Unit #23,manufacturing,28.64233,77.12863,"Plot No. 227, Mayapuri Industrial Area (Ph I-II), Delhi - 110015, Delhi, India",Delhi,Delhi,India,Delhi DSIIDC Industrial Estate Directory
del-ind-0609,Mayapuri Industrial Area (Ph I-II) - Fabrication Unit #24,manufacturing,28.63176,77.10894,"Plot No. 251, Mayapuri Industrial Area (Ph I-II), Delhi - 110012, Delhi, India",Delhi,Delhi,India,Delhi DSIIDC Industrial Estate Directory
del-ind-0610,Mayapuri Industrial Area (Ph I-II) - Chemical Storage Unit #25,chemical,28.64151,77.11394,"Plot No. 29, Mayapuri Industrial Area (Ph I-II), Delhi - 110059, Delhi, India",Delhi,Delhi,India,Delhi DSIIDC Industrial Estate Directory
del-ind-0611,Mayapuri Industrial Area (Ph I-II) - Automotive Scrapping Unit #26,manufacturing,28.64041,77.12281,"Plot No. 289, Mayapuri Industrial Area (Ph I-II), Delhi - 110008, Delhi, India",Delhi,Delhi,India,Delhi DSIIDC Industrial Estate Directory
del-ind-0612,Mayapuri Industrial Area (Ph I-II) - Metal Recycling Unit #27,metal,28.62722,77.1146,"Plot No. 158, Mayapuri Industrial Area (Ph I-II), Delhi - 110093, Delhi, India",Delhi,Delhi,India,Delhi DSIIDC Industrial Estate Directory
del-ind-0613,Mayapuri Industrial Area (Ph I-II) - Heavy Machinery Unit #28,manufacturing,28.64078,77.11866,"Plot No. 2, Mayapuri Industrial Area (Ph I-II), Delhi - 110096, Delhi, India",Delhi,Delhi,India,Delhi DSIIDC Industrial Estate Directory
del-ind-0614,Mayapuri Industrial Area (Ph I-II) - Fabrication Unit #29,manufacturing,28.63649,77.1204,"Plot No. 217, Mayapuri Industrial Area (Ph I-II), Delhi - 110045, Delhi, India",Delhi,Delhi,India,Delhi DSIIDC Industrial Estate Directory
del-ind-0615,Mayapuri Industrial Area (Ph I-II) - Chemical Storage Unit #30,chemical,28.63359,77.11052,"Plot No. 31, Mayapuri Industrial Area (Ph I-II), Delhi - 110009, Delhi, India",Delhi,Delhi,India,Delhi DSIIDC Industrial Estate Directory
del-ind-0616,Mayapuri Industrial Area (Ph I-II) - Automotive Scrapping Unit #31,manufacturing,28.64309,77.11738,"Plot No. 147, Mayapuri Industrial Area (Ph I-II), Delhi - 110053, Delhi, India",Delhi,Delhi,India,Delhi DSIIDC Industrial Estate Directory
del-ind-0617,Mayapuri Industrial Area (Ph I-II) - Metal Recycling Unit #32,metal,28.63745,77.12108,"Plot No. 329, Mayapuri Industrial Area (Ph I-II), Delhi - 110094, Delhi, India",Delhi,Delhi,India,Delhi DSIIDC Industrial Estate Directory
del-ind-0618,Mayapuri Industrial Area (Ph I-II) - Heavy Machinery Unit #33,manufacturing,28.632,77.11278,"Plot No. 196, Mayapuri Industrial Area (Ph I-II), Delhi - 110058, Delhi, India",Delhi,Delhi,India,Delhi DSIIDC Industrial Estate Directory
del-ind-0619,Mayapuri Industrial Area (Ph I-II) - Fabrication Unit #34,manufacturing,28.64537,77.10797,"Plot No. 193, Mayapuri Industrial Area (Ph I-II), Delhi - 110011, Delhi, India",Delhi,Delhi,India,Delhi DSIIDC Industrial Estate Directory
del-ind-0620,Mayapuri Industrial Area (Ph I-II) - Chemical Storage Unit #35,chemical,28.63219,77.10954,"Plot No. 277, Mayapuri Industrial Area (Ph I-II), Delhi - 110018, Delhi, India",Delhi,Delhi,India,Delhi DSIIDC Industrial Estate Directory
del-ind-0621,Mayapuri Industrial Area (Ph I-II) - Automotive Scrapping Unit #36,manufacturing,28.63268,77.11321,"Plot No. 92, Mayapuri Industrial Area (Ph I-II), Delhi - 110069, Delhi, India",Delhi,Delhi,India,Delhi DSIIDC Industrial Estate Directory
del-ind-0622,Mayapuri Industrial Area (Ph I-II) - Metal Recycling Unit #37,metal,28.63343,77.12005,"Plot No. 115, Mayapuri Industrial Area (Ph I-II), Delhi - 110001, Delhi, India",Delhi,Delhi,India,Delhi DSIIDC Industrial Estate Directory
del-ind-0623,Mayapuri Industrial Area (Ph I-II) - Heavy Machinery Unit #38,manufacturing,28.63668,77.104,"Plot No. 238, Mayapuri Industrial Area (Ph I-II), Delhi - 110087, Delhi, India",Delhi,Delhi,India,Delhi DSIIDC Industrial Estate Directory
del-ind-0624,Mayapuri Industrial Area (Ph I-II) - Fabrication Unit #39,manufacturing,28.63472,77.11151,"Plot No. 195, Mayapuri Industrial Area (Ph I-II), Delhi - 110030, Delhi, India",Delhi,Delhi,India,Delhi DSIIDC Industrial Estate Directory
del-ind-0625,Mayapuri Industrial Area (Ph I-II) - Chemical Storage Unit #40,chemical,28.63609,77.12381,"Plot No. 142, Mayapuri Industrial Area (Ph I-II), Delhi - 110025, Delhi, India",Delhi,Delhi,India,Delhi DSIIDC Industrial Estate Directory
del-ind-0626,Mayapuri Industrial Area (Ph I-II) - Automotive Scrapping Unit #41,manufacturing,28.64535,77.11412,"Plot No. 58, Mayapuri Industrial Area (Ph I-II), Delhi - 110005, Delhi, India",Delhi,Delhi,India,Delhi DSIIDC Industrial Estate Directory
del-ind-0627,Mayapuri Industrial Area (Ph I-II) - Metal Recycling Unit #42,metal,28.6384,77.11189,"Plot No. 393, Mayapuri Industrial Area (Ph I-II), Delhi - 110003, Delhi, India",Delhi,Delhi,India,Delhi DSIIDC Industrial Estate Directory
del-ind-0628,Mayapuri Industrial Area (Ph I-II) - Heavy Machinery Unit #43,manufacturing,28.63614,77.12035,"Plot No. 305, Mayapuri Industrial Area (Ph I-II), Delhi - 110005, Delhi, India",Delhi,Delhi,India,Delhi DSIIDC Industrial Estate Directory
del-ind-0629,Mayapuri Industrial Area (Ph I-II) - Fabrication Unit #44,manufacturing,28.62712,77.12111,"Plot No. 447, Mayapuri Industrial Area (Ph I-II), Delhi - 110007, Delhi, India",Delhi,Delhi,India,Delhi DSIIDC Industrial Estate Directory
del-ind-0630,Mayapuri Industrial Area (Ph I-II) - Chemical Storage Unit #45,chemical,28.63606,77.11989,"Plot No. 225, Mayapuri Industrial Area (Ph I-II), Delhi - 110030, Delhi, India",Delhi,Delhi,India,Delhi DSIIDC Industrial Estate Directory
del-ind-0631,Mayapuri Industrial Area (Ph I-II) - Automotive Scrapping Unit #46,manufacturing,28.62577,77.11539,"Plot No. 398, Mayapuri Industrial Area (Ph I-II), Delhi - 110008, Delhi, India",Delhi,Delhi,India,Delhi DSIIDC Industrial Estate Directory
del-ind-0632,Mayapuri Industrial Area (Ph I-II) - Metal Recycling Unit #47,metal,28.64873,77.132,"Plot No. 120, Mayapuri Industrial Area (Ph I-II), Delhi - 110094, Delhi, India",Delhi,Delhi,India,Delhi DSIIDC Industrial Estate Directory
del-ind-0633,Mayapuri Industrial Area (Ph I-II) - Heavy Machinery Unit #48,manufacturing,28.62866,77.11419,"Plot No. 396, Mayapuri Industrial Area (Ph I-II), Delhi - 110087, Delhi, India",Delhi,Delhi,India,Delhi DSIIDC Industrial Estate Directory
del-ind-0634,Mayapuri Industrial Area (Ph I-II) - Fabrication Unit #49,manufacturing,28.63793,77.11379,"Plot No. 449, Mayapuri Industrial Area (Ph I-II), Delhi - 110019, Delhi, India",Delhi,Delhi,India,Delhi DSIIDC Industrial Estate Directory
del-ind-0635,Mayapuri Industrial Area (Ph I-II) - Chemical Storage Unit #50,chemical,28.64362,77.11731,"Plot No. 212, Mayapuri Industrial Area (Ph I-II), Delhi - 110039, Delhi, India",Delhi,Delhi,India,Delhi DSIIDC Industrial Estate Directory
del-ind-0636,Mayapuri Industrial Area (Ph I-II) - Automotive Scrapping Unit #51,manufacturing,28.63474,77.12594,"Plot No. 303, Mayapuri Industrial Area (Ph I-II), Delhi - 110095, Delhi, India",Delhi,Delhi,India,Delhi DSIIDC Industrial Estate Directory
del-ind-0637,Mayapuri Industrial Area (Ph I-II) - Metal Recycling Unit #52,metal,28.64351,77.11334,"Plot No. 219, Mayapuri Industrial Area (Ph I-II), Delhi - 110072, Delhi, India",Delhi,Delhi,India,Delhi DSIIDC Industrial Estate Directory
del-ind-0638,Mayapuri Industrial Area (Ph I-II) - Heavy Machinery Unit #53,manufacturing,28.622,77.11846,"Plot No. 330, Mayapuri Industrial Area (Ph I-II), Delhi - 110086, Delhi, India",Delhi,Delhi,India,Delhi DSIIDC Industrial Estate Directory
del-ind-0639,Mayapuri Industrial Area (Ph I-II) - Fabrication Unit #54,manufacturing,28.63036,77.12322,"Plot No. 357, Mayapuri Industrial Area (Ph I-II), Delhi - 110054, Delhi, India",Delhi,Delhi,India,Delhi DSIIDC Industrial Estate Directory
del-ind-0640,Mayapuri Industrial Area (Ph I-II) - Chemical Storage Unit #55,chemical,28.63154,77.1209,"Plot No. 95, Mayapuri Industrial Area (Ph I-II), Delhi - 110069, Delhi, India",Delhi,Delhi,India,Delhi DSIIDC Industrial Estate Directory
del-ind-0641,Mayapuri Industrial Area (Ph I-II) - Automotive Scrapping Unit #56,manufacturing,28.62391,77.12003,"Plot No. 154, Mayapuri Industrial Area (Ph I-II), Delhi - 110091, Delhi, India",Delhi,Delhi,India,Delhi DSIIDC Industrial Estate Directory
del-ind-0642,Mayapuri Industrial Area (Ph I-II) - Metal Recycling Unit #57,metal,28.64033,77.12353,"Plot No. 30, Mayapuri Industrial Area (Ph I-II), Delhi - 110072, Delhi, India",Delhi,Delhi,India,Delhi DSIIDC Industrial Estate Directory
del-ind-0643,Mayapuri Industrial Area (Ph I-II) - Heavy Machinery Unit #58,manufacturing,28.63042,77.12141,"Plot No. 272, Mayapuri Industrial Area (Ph I-II), Delhi - 110018, Delhi, India",Delhi,Delhi,India,Delhi DSIIDC Industrial Estate Directory
del-ind-0644,Mayapuri Industrial Area (Ph I-II) - Fabrication Unit #59,manufacturing,28.63231,77.12112,"Plot No. 170, Mayapuri Industrial Area (Ph I-II), Delhi - 110083, Delhi, India",Delhi,Delhi,India,Delhi DSIIDC Industrial Estate Directory
del-ind-0645,Mayapuri Industrial Area (Ph I-II) - Chemical Storage Unit #60,chemical,28.64205,77.12128,"Plot No. 190, Mayapuri Industrial Area (Ph I-II), Delhi - 110012, Delhi, India",Delhi,Delhi,India,Delhi DSIIDC Industrial Estate Directory
del-ind-0646,Mayapuri Industrial Area (Ph I-II) - Automotive Scrapping Unit #61,manufacturing,28.62445,77.11537,"Plot No. 27, Mayapuri Industrial Area (Ph I-II), Delhi - 110035, Delhi, India",Delhi,Delhi,India,Delhi DSIIDC Industrial Estate Directory
del-ind-0647,Mayapuri Industrial Area (Ph I-II) - Metal Recycling Unit #62,metal,28.62985,77.12399,"Plot No. 21, Mayapuri Industrial Area (Ph I-II), Delhi - 110010, Delhi, India",Delhi,Delhi,India,Delhi DSIIDC Industrial Estate Directory
del-ind-0648,Mayapuri Industrial Area (Ph I-II) - Heavy Machinery Unit #63,manufacturing,28.64004,77.12787,"Plot No. 371, Mayapuri Industrial Area (Ph I-II), Delhi - 110086, Delhi, India",Delhi,Delhi,India,Delhi DSIIDC Industrial Estate Directory
del-ind-0649,Mayapuri Industrial Area (Ph I-II) - Fabrication Unit #64,manufacturing,28.62929,77.1154,"Plot No. 446, Mayapuri Industrial Area (Ph I-II), Delhi - 110043, Delhi, India",Delhi,Delhi,India,Delhi DSIIDC Industrial Estate Directory
del-ind-0650,Mayapuri Industrial Area (Ph I-II) - Chemical Storage Unit #65,chemical,28.63148,77.13103,"Plot No. 109, Mayapuri Industrial Area (Ph I-II), Delhi - 110025, Delhi, India",Delhi,Delhi,India,Delhi DSIIDC Industrial Estate Directory
del-ind-0651,Mayapuri Industrial Area (Ph I-II) - Automotive Scrapping Unit #66,manufacturing,28.63906,77.11726,"Plot No. 387, Mayapuri Industrial Area (Ph I-II), Delhi - 110062, Delhi, India",Delhi,Delhi,India,Delhi DSIIDC Industrial Estate Directory
del-ind-0652,Mayapuri Industrial Area (Ph I-II) - Metal Recycling Unit #67,metal,28.64435,77.11302,"Plot No. 361, Mayapuri Industrial Area (Ph I-II), Delhi - 110027, Delhi, India",Delhi,Delhi,India,Delhi DSIIDC Industrial Estate Directory
del-ind-0653,Mayapuri Industrial Area (Ph I-II) - Heavy Machinery Unit #68,manufacturing,28.63229,77.12082,"Plot No. 165, Mayapuri Industrial Area (Ph I-II), Delhi - 110037, Delhi, India",Delhi,Delhi,India,Delhi DSIIDC Industrial Estate Directory
del-ind-0654,Mayapuri Industrial Area (Ph I-II) - Fabrication Unit #69,manufacturing,28.63031,77.1233,"Plot No. 184, Mayapuri Industrial Area (Ph I-II), Delhi - 110040, Delhi, India",Delhi,Delhi,India,Delhi DSIIDC Industrial Estate Directory
del-ind-0655,Mayapuri Industrial Area (Ph I-II) - Chemical Storage Unit #70,chemical,28.63545,77.12554,"Plot No. 255, Mayapuri Industrial Area (Ph I-II), Delhi - 110060, Delhi, India",Delhi,Delhi,India,Delhi DSIIDC Industrial Estate Directory
del-ind-0656,Mayapuri Industrial Area (Ph I-II) - Automotive Scrapping Unit #71,manufacturing,28.65,77.12832,"Plot No. 241, Mayapuri Industrial Area (Ph I-II), Delhi - 110041, Delhi, India",Delhi,Delhi,India,Delhi DSIIDC Industrial Estate Directory
del-ind-0657,Mayapuri Industrial Area (Ph I-II) - Metal Recycling Unit #72,metal,28.64121,77.11489,"Plot No. 212, Mayapuri Industrial Area (Ph I-II), Delhi - 110006, Delhi, India",Delhi,Delhi,India,Delhi DSIIDC Industrial Estate Directory
del-ind-0658,Mayapuri Industrial Area (Ph I-II) - Heavy Machinery Unit #73,manufacturing,28.63188,77.11629,"Plot No. 75, Mayapuri Industrial Area (Ph I-II), Delhi - 110003, Delhi, India",Delhi,Delhi,India,Delhi DSIIDC Industrial Estate Directory
del-ind-0659,Mayapuri Industrial Area (Ph I-II) - Fabrication Unit #74,manufacturing,28.635,77.132,"Plot No. 297, Mayapuri Industrial Area (Ph I-II), Delhi - 110093, Delhi, India",Delhi,Delhi,India,Delhi DSIIDC Industrial Estate Directory
del-ind-0660,Mayapuri Industrial Area (Ph I-II) - Chemical Storage Unit #75,chemical,28.63285,77.11979,"Plot No. 169, Mayapuri Industrial Area (Ph I-II), Delhi - 110030, Delhi, India",Delhi,Delhi,India,Delhi DSIIDC Industrial Estate Directory
del-ind-0661,Mayapuri Industrial Area (Ph I-II) - Automotive Scrapping Unit #76,manufacturing,28.62731,77.12617,"Plot No. 256, Mayapuri Industrial Area (Ph I-II), Delhi - 110071, Delhi, India",Delhi,Delhi,India,Delhi DSIIDC Industrial Estate Directory
del-ind-0662,Mayapuri Industrial Area (Ph I-II) - Metal Recycling Unit #77,metal,28.6306,77.11009,"Plot No. 132, Mayapuri Industrial Area (Ph I-II), Delhi - 110063, Delhi, India",Delhi,Delhi,India,Delhi DSIIDC Industrial Estate Directory
del-ind-0663,Mayapuri Industrial Area (Ph I-II) - Heavy Machinery Unit #78,manufacturing,28.64483,77.11611,"Plot No. 252, Mayapuri Industrial Area (Ph I-II), Delhi - 110059, Delhi, India",Delhi,Delhi,India,Delhi DSIIDC Industrial Estate Directory
del-ind-0664,Mayapuri Industrial Area (Ph I-II) - Fabrication Unit #79,manufacturing,28.64151,77.12777,"Plot No. 87, Mayapuri Industrial Area (Ph I-II), Delhi - 110018, Delhi, India",Delhi,Delhi,India,Delhi DSIIDC Industrial Estate Directory
del-ind-0665,Mayapuri Industrial Area (Ph I-II) - Chemical Storage Unit #80,chemical,28.63465,77.11083,"Plot No. 278, Mayapuri Industrial Area (Ph I-II), Delhi - 110083, Delhi, India",Delhi,Delhi,India,Delhi DSIIDC Industrial Estate Directory
del-ind-0666,Mayapuri Industrial Area (Ph I-II) - Automotive Scrapping Unit #81,manufacturing,28.6434,77.11596,"Plot No. 430, Mayapuri Industrial Area (Ph I-II), Delhi - 110010, Delhi, India",Delhi,Delhi,India,Delhi DSIIDC Industrial Estate Directory
del-ind-0667,Mayapuri Industrial Area (Ph I-II) - Metal Recycling Unit #82,metal,28.64481,77.11484,"Plot No. 392, Mayapuri Industrial Area (Ph I-II), Delhi - 110001, Delhi, India",Delhi,Delhi,India,Delhi DSIIDC Industrial Estate Directory
del-ind-0668,Mayapuri Industrial Area (Ph I-II) - Heavy Machinery Unit #83,manufacturing,28.62568,77.12434,"Plot No. 119, Mayapuri Industrial Area (Ph I-II), Delhi - 110009, Delhi, India",Delhi,Delhi,India,Delhi DSIIDC Industrial Estate Directory
del-ind-0669,Mayapuri Industrial Area (Ph I-II) - Fabrication Unit #84,manufacturing,28.63577,77.11718,"Plot No. 259, Mayapuri Industrial Area (Ph I-II), Delhi - 110059, Delhi, India",Delhi,Delhi,India,Delhi DSIIDC Industrial Estate Directory
del-ind-0670,Mayapuri Industrial Area (Ph I-II) - Chemical Storage Unit #85,chemical,28.62989,77.12425,"Plot No. 342, Mayapuri Industrial Area (Ph I-II), Delhi - 110079, Delhi, India",Delhi,Delhi,India,Delhi DSIIDC Industrial Estate Directory
del-ind-0671,Mayapuri Industrial Area (Ph I-II) - Automotive Scrapping Unit #86,manufacturing,28.64389,77.11318,"Plot No. 9, Mayapuri Industrial Area (Ph I-II), Delhi - 110001, Delhi, India",Delhi,Delhi,India,Delhi DSIIDC Industrial Estate Directory
del-ind-0672,Mayapuri Industrial Area (Ph I-II) - Metal Recycling Unit #87,metal,28.62965,77.1167,"Plot No. 9, Mayapuri Industrial Area (Ph I-II), Delhi - 110068, Delhi, India",Delhi,Delhi,India,Delhi DSIIDC Industrial Estate Directory
del-ind-0673,Mayapuri Industrial Area (Ph I-II) - Heavy Machinery Unit #88,manufacturing,28.63464,77.11031,"Plot No. 147, Mayapuri Industrial Area (Ph I-II), Delhi - 110003, Delhi, India",Delhi,Delhi,India,Delhi DSIIDC Industrial Estate Directory
del-ind-0674,Mayapuri Industrial Area (Ph I-II) - Fabrication Unit #89,manufacturing,28.62625,77.11786,"Plot No. 221, Mayapuri Industrial Area (Ph I-II), Delhi - 110023, Delhi, India",Delhi,Delhi,India,Delhi DSIIDC Industrial Estate Directory
del-ind-0675,Mayapuri Industrial Area (Ph I-II) - Chemical Storage Unit #90,chemical,28.63822,77.11977,"Plot No. 77, Mayapuri Industrial Area (Ph I-II), Delhi - 110031, Delhi, India",Delhi,Delhi,India,Delhi DSIIDC Industrial Estate Directory
del-ind-0676,Naraina Industrial Area (Ph I-II) - Electronics Unit #1,electronics,28.63036,77.14517,"Plot No. 418, Naraina Industrial Area (Ph I-II), Delhi - 110046, Delhi, India",Delhi,Delhi,India,Delhi DSIIDC Industrial Estate Directory
del-ind-0677,Naraina Industrial Area (Ph I-II) - Steel Processing Unit #2,metal,28.62741,77.1444,"Plot No. 192, Naraina Industrial Area (Ph I-II), Delhi - 110052, Delhi, India",Delhi,Delhi,India,Delhi DSIIDC Industrial Estate Directory
del-ind-0678,Naraina Industrial Area (Ph I-II) - Printing & Publishing Unit #3,manufacturing,28.6241,77.14003,"Plot No. 357, Naraina Industrial Area (Ph I-II), Delhi - 110029, Delhi, India",Delhi,Delhi,India,Delhi DSIIDC Industrial Estate Directory
del-ind-0679,Naraina Industrial Area (Ph I-II) - Textiles Unit #4,textile,28.62487,77.14864,"Plot No. 42, Naraina Industrial Area (Ph I-II), Delhi - 110084, Delhi, India",Delhi,Delhi,India,Delhi DSIIDC Industrial Estate Directory
del-ind-0680,Naraina Industrial Area (Ph I-II) - Packaging Unit #5,manufacturing,28.63581,77.13859,"Plot No. 17, Naraina Industrial Area (Ph I-II), Delhi - 110012, Delhi, India",Delhi,Delhi,India,Delhi DSIIDC Industrial Estate Directory
del-ind-0681,Naraina Industrial Area (Ph I-II) - Electronics Unit #6,electronics,28.62365,77.14195,"Plot No. 244, Naraina Industrial Area (Ph I-II), Delhi - 110008, Delhi, India",Delhi,Delhi,India,Delhi DSIIDC Industrial Estate Directory
del-ind-0682,Naraina Industrial Area (Ph I-II) - Steel Processing Unit #7,metal,28.62251,77.13263,"Plot No. 43, Naraina Industrial Area (Ph I-II), Delhi - 110064, Delhi, India",Delhi,Delhi,India,Delhi DSIIDC Industrial Estate Directory
del-ind-0683,Naraina Industrial Area (Ph I-II) - Printing & Publishing Unit #8,manufacturing,28.63238,77.13258,"Plot No. 170, Naraina Industrial Area (Ph I-II), Delhi - 110073, Delhi, India",Delhi,Delhi,India,Delhi DSIIDC Industrial Estate Directory
del-ind-0684,Naraina Industrial Area (Ph I-II) - Textiles Unit #9,textile,28.64,77.13693,"Plot No. 271, Naraina Industrial Area (Ph I-II), Delhi - 110006, Delhi, India",Delhi,Delhi,India,Delhi DSIIDC Industrial Estate Directory
del-ind-0685,Naraina Industrial Area (Ph I-II) - Packaging Unit #10,manufacturing,28.62947,77.15053,"Plot No. 355, Naraina Industrial Area (Ph I-II), Delhi - 110073, Delhi, India",Delhi,Delhi,India,Delhi DSIIDC Industrial Estate Directory
del-ind-0686,Naraina Industrial Area (Ph I-II) - Electronics Unit #11,electronics,28.62635,77.13926,"Plot No. 39, Naraina Industrial Area (Ph I-II), Delhi - 110088, Delhi, India",Delhi,Delhi,India,Delhi DSIIDC Industrial Estate Directory
del-ind-0687,Naraina Industrial Area (Ph I-II) - Steel Processing Unit #12,metal,28.63833,77.13378,"Plot No. 289, Naraina Industrial Area (Ph I-II), Delhi - 110085, Delhi, India",Delhi,Delhi,India,Delhi DSIIDC Industrial Estate Directory
del-ind-0688,Naraina Industrial Area (Ph I-II) - Printing & Publishing Unit #13,manufacturing,28.64,77.14155,"Plot No. 162, Naraina Industrial Area (Ph I-II), Delhi - 110003, Delhi, India",Delhi,Delhi,India,Delhi DSIIDC Industrial Estate Directory
del-ind-0689,Naraina Industrial Area (Ph I-II) - Textiles Unit #14,textile,28.63497,77.13728,"Plot No. 386, Naraina Industrial Area (Ph I-II), Delhi - 110092, Delhi, India",Delhi,Delhi,India,Delhi DSIIDC Industrial Estate Directory
del-ind-0690,Naraina Industrial Area (Ph I-II) - Packaging Unit #15,manufacturing,28.63335,77.1278,"Plot No. 154, Naraina Industrial Area (Ph I-II), Delhi - 110021, Delhi, India",Delhi,Delhi,India,Delhi DSIIDC Industrial Estate Directory
del-ind-0691,Naraina Industrial Area (Ph I-II) - Electronics Unit #16,electronics,28.62157,77.13627,"Plot No. 435, Naraina Industrial Area (Ph I-II), Delhi - 110050, Delhi, India",Delhi,Delhi,India,Delhi DSIIDC Industrial Estate Directory
del-ind-0692,Naraina Industrial Area (Ph I-II) - Steel Processing Unit #17,metal,28.62502,77.13296,"Plot No. 197, Naraina Industrial Area (Ph I-II), Delhi - 110095, Delhi, India",Delhi,Delhi,India,Delhi DSIIDC Industrial Estate Directory
del-ind-0693,Naraina Industrial Area (Ph I-II) - Printing & Publishing Unit #18,manufacturing,28.63829,77.151,"Plot No. 371, Naraina Industrial Area (Ph I-II), Delhi - 110011, Delhi, India",Delhi,Delhi,India,Delhi DSIIDC Industrial Estate Directory
del-ind-0694,Naraina Industrial Area (Ph I-II) - Textiles Unit #19,textile,28.616,77.13893,"Plot No. 28, Naraina Industrial Area (Ph I-II), Delhi - 110013, Delhi, India",Delhi,Delhi,India,Delhi DSIIDC Industrial Estate Directory
del-ind-0695,Naraina Industrial Area (Ph I-II) - Packaging Unit #20,manufacturing,28.61848,77.14297,"Plot No. 175, Naraina Industrial Area (Ph I-II), Delhi - 110078, Delhi, India",Delhi,Delhi,India,Delhi DSIIDC Industrial Estate Directory
del-ind-0696,Naraina Industrial Area (Ph I-II) - Electronics Unit #21,electronics,28.6296,77.127,"Plot No. 204, Naraina Industrial Area (Ph I-II), Delhi - 110042, Delhi, India",Delhi,Delhi,India,Delhi DSIIDC Industrial Estate Directory
del-ind-0697,Naraina Industrial Area (Ph I-II) - Steel Processing Unit #22,metal,28.63224,77.1398,"Plot No. 231, Naraina Industrial Area (Ph I-II), Delhi - 110063, Delhi, India",Delhi,Delhi,India,Delhi DSIIDC Industrial Estate Directory
del-ind-0698,Naraina Industrial Area (Ph I-II) - Printing & Publishing Unit #23,manufacturing,28.62894,77.14579,"Plot No. 193, Naraina Industrial Area (Ph I-II), Delhi - 110056, Delhi, India",Delhi,Delhi,India,Delhi DSIIDC Industrial Estate Directory
del-ind-0699,Naraina Industrial Area (Ph I-II) - Textiles Unit #24,textile,28.63082,77.14559,"Plot No. 195, Naraina Industrial Area (Ph I-II), Delhi - 110011, Delhi, India",Delhi,Delhi,India,Delhi DSIIDC Industrial Estate Directory
del-ind-0700,Naraina Industrial Area (Ph I-II) - Packaging Unit #25,manufacturing,28.62863,77.13453,"Plot No. 127, Naraina Industrial Area (Ph I-II), Delhi - 110092, Delhi, India",Delhi,Delhi,India,Delhi DSIIDC Industrial Estate Directory
del-ind-0701,Naraina Industrial Area (Ph I-II) - Electronics Unit #26,electronics,28.63182,77.1409,"Plot No. 195, Naraina Industrial Area (Ph I-II), Delhi - 110092, Delhi, India",Delhi,Delhi,India,Delhi DSIIDC Industrial Estate Directory
del-ind-0702,Naraina Industrial Area (Ph I-II) - Steel Processing Unit #27,metal,28.62866,77.13594,"Plot No. 200, Naraina Industrial Area (Ph I-II), Delhi - 110041, Delhi, India",Delhi,Delhi,India,Delhi DSIIDC Industrial Estate Directory
del-ind-0703,Naraina Industrial Area (Ph I-II) - Printing & Publishing Unit #28,manufacturing,28.62648,77.14082,"Plot No. 158, Naraina Industrial Area (Ph I-II), Delhi - 110057, Delhi, India",Delhi,Delhi,India,Delhi DSIIDC Industrial Estate Directory
del-ind-0704,Naraina Industrial Area (Ph I-II) - Textiles Unit #29,textile,28.62527,77.1423,"Plot No. 68, Naraina Industrial Area (Ph I-II), Delhi - 110012, Delhi, India",Delhi,Delhi,India,Delhi DSIIDC Industrial Estate Directory
del-ind-0705,Naraina Industrial Area (Ph I-II) - Packaging Unit #30,manufacturing,28.63026,77.14444,"Plot No. 285, Naraina Industrial Area (Ph I-II), Delhi - 110066, Delhi, India",Delhi,Delhi,India,Delhi DSIIDC Industrial Estate Directory
del-ind-0706,Naraina Industrial Area (Ph I-II) - Electronics Unit #31,electronics,28.62696,77.13968,"Plot No. 182, Naraina Industrial Area (Ph I-II), Delhi - 110071, Delhi, India",Delhi,Delhi,India,Delhi DSIIDC Industrial Estate Directory
del-ind-0707,Naraina Industrial Area (Ph I-II) - Steel Processing Unit #32,metal,28.63408,77.14302,"Plot No. 167, Naraina Industrial Area (Ph I-II), Delhi - 110050, Delhi, India",Delhi,Delhi,India,Delhi DSIIDC Industrial Estate Directory
del-ind-0708,Naraina Industrial Area (Ph I-II) - Printing & Publishing Unit #33,manufacturing,28.63356,77.13943,"Plot No. 399, Naraina Industrial Area (Ph I-II), Delhi - 110011, Delhi, India",Delhi,Delhi,India,Delhi DSIIDC Industrial Estate Directory
del-ind-0709,Naraina Industrial Area (Ph I-II) - Textiles Unit #34,textile,28.62691,77.13217,"Plot No. 125, Naraina Industrial Area (Ph I-II), Delhi - 110074, Delhi, India",Delhi,Delhi,India,Delhi DSIIDC Industrial Estate Directory
del-ind-0710,Naraina Industrial Area (Ph I-II) - Packaging Unit #35,manufacturing,28.61986,77.13791,"Plot No. 87, Naraina Industrial Area (Ph I-II), Delhi - 110018, Delhi, India",Delhi,Delhi,India,Delhi DSIIDC Industrial Estate Directory
del-ind-0711,Naraina Industrial Area (Ph I-II) - Electronics Unit #36,electronics,28.62749,77.14324,"Plot No. 75, Naraina Industrial Area (Ph I-II), Delhi - 110009, Delhi, India",Delhi,Delhi,India,Delhi DSIIDC Industrial Estate Directory
del-ind-0712,Naraina Industrial Area (Ph I-II) - Steel Processing Unit #37,metal,28.63016,77.14277,"Plot No. 154, Naraina Industrial Area (Ph I-II), Delhi - 110062, Delhi, India",Delhi,Delhi,India,Delhi DSIIDC Industrial Estate Directory
del-ind-0713,Naraina Industrial Area (Ph I-II) - Printing & Publishing Unit #38,manufacturing,28.62904,77.134,"Plot No. 127, Naraina Industrial Area (Ph I-II), Delhi - 110093, Delhi, India",Delhi,Delhi,India,Delhi DSIIDC Industrial Estate Directory
del-ind-0714,Naraina Industrial Area (Ph I-II) - Textiles Unit #39,textile,28.62288,77.13387,"Plot No. 101, Naraina Industrial Area (Ph I-II), Delhi - 110059, Delhi, India",Delhi,Delhi,India,Delhi DSIIDC Industrial Estate Directory
del-ind-0715,Naraina Industrial Area (Ph I-II) - Packaging Unit #40,manufacturing,28.6316,77.14187,"Plot No. 203, Naraina Industrial Area (Ph I-II), Delhi - 110043, Delhi, India",Delhi,Delhi,India,Delhi DSIIDC Industrial Estate Directory
del-ind-0716,Naraina Industrial Area (Ph I-II) - Electronics Unit #41,electronics,28.63087,77.13457,"Plot No. 442, Naraina Industrial Area (Ph I-II), Delhi - 110043, Delhi, India",Delhi,Delhi,India,Delhi DSIIDC Industrial Estate Directory
del-ind-0717,Naraina Industrial Area (Ph I-II) - Steel Processing Unit #42,metal,28.62267,77.1411,"Plot No. 422, Naraina Industrial Area (Ph I-II), Delhi - 110084, Delhi, India",Delhi,Delhi,India,Delhi DSIIDC Industrial Estate Directory
del-ind-0718,Naraina Industrial Area (Ph I-II) - Printing & Publishing Unit #43,manufacturing,28.63088,77.13853,"Plot No. 165, Naraina Industrial Area (Ph I-II), Delhi - 110078, Delhi, India",Delhi,Delhi,India,Delhi DSIIDC Industrial Estate Directory
del-ind-0719,Naraina Industrial Area (Ph I-II) - Textiles Unit #44,textile,28.63142,77.13782,"Plot No. 161, Naraina Industrial Area (Ph I-II), Delhi - 110023, Delhi, India",Delhi,Delhi,India,Delhi DSIIDC Industrial Estate Directory
del-ind-0720,Naraina Industrial Area (Ph I-II) - Packaging Unit #45,manufacturing,28.64,77.13586,"Plot No. 150, Naraina Industrial Area (Ph I-II), Delhi - 110095, Delhi, India",Delhi,Delhi,India,Delhi DSIIDC Industrial Estate Directory
del-ind-0721,Naraina Industrial Area (Ph I-II) - Electronics Unit #46,electronics,28.62587,77.1331,"Plot No. 295, Naraina Industrial Area (Ph I-II), Delhi - 110032, Delhi, India",Delhi,Delhi,India,Delhi DSIIDC Industrial Estate Directory
del-ind-0722,Naraina Industrial Area (Ph I-II) - Steel Processing Unit #47,metal,28.62599,77.14289,"Plot No. 403, Naraina Industrial Area (Ph I-II), Delhi - 110051, Delhi, India",Delhi,Delhi,India,Delhi DSIIDC Industrial Estate Directory
del-ind-0723,Naraina Industrial Area (Ph I-II) - Printing & Publishing Unit #48,manufacturing,28.61972,77.14839,"Plot No. 103, Naraina Industrial Area (Ph I-II), Delhi - 110076, Delhi, India",Delhi,Delhi,India,Delhi DSIIDC Industrial Estate Directory
del-ind-0724,Naraina Industrial Area (Ph I-II) - Textiles Unit #49,textile,28.6314,77.13894,"Plot No. 394, Naraina Industrial Area (Ph I-II), Delhi - 110071, Delhi, India",Delhi,Delhi,India,Delhi DSIIDC Industrial Estate Directory
del-ind-0725,Naraina Industrial Area (Ph I-II) - Packaging Unit #50,manufacturing,28.63658,77.14047,"Plot No. 363, Naraina Industrial Area (Ph I-II), Delhi - 110027, Delhi, India",Delhi,Delhi,India,Delhi DSIIDC Industrial Estate Directory
del-ind-0726,Naraina Industrial Area (Ph I-II) - Electronics Unit #51,electronics,28.62385,77.14069,"Plot No. 355, Naraina Industrial Area (Ph I-II), Delhi - 110009, Delhi, India",Delhi,Delhi,India,Delhi DSIIDC Industrial Estate Directory
del-ind-0727,Naraina Industrial Area (Ph I-II) - Steel Processing Unit #52,metal,28.63204,77.13027,"Plot No. 210, Naraina Industrial Area (Ph I-II), Delhi - 110087, Delhi, India",Delhi,Delhi,India,Delhi DSIIDC Industrial Estate Directory
del-ind-0728,Naraina Industrial Area (Ph I-II) - Printing & Publishing Unit #53,manufacturing,28.62035,77.13903,"Plot No. 124, Naraina Industrial Area (Ph I-II), Delhi - 110033, Delhi, India",Delhi,Delhi,India,Delhi DSIIDC Industrial Estate Directory
del-ind-0729,Naraina Industrial Area (Ph I-II) - Textiles Unit #54,textile,28.62335,77.13181,"Plot No. 405, Naraina Industrial Area (Ph I-II), Delhi - 110049, Delhi, India",Delhi,Delhi,India,Delhi DSIIDC Industrial Estate Directory
del-ind-0730,Naraina Industrial Area (Ph I-II) - Packaging Unit #55,manufacturing,28.64,77.1464,"Plot No. 246, Naraina Industrial Area (Ph I-II), Delhi - 110075, Delhi, India",Delhi,Delhi,India,Delhi DSIIDC Industrial Estate Directory
del-ind-0731,Naraina Industrial Area (Ph I-II) - Electronics Unit #56,electronics,28.62279,77.14275,"Plot No. 446, Naraina Industrial Area (Ph I-II), Delhi - 110089, Delhi, India",Delhi,Delhi,India,Delhi DSIIDC Industrial Estate Directory
del-ind-0732,Naraina Industrial Area (Ph I-II) - Steel Processing Unit #57,metal,28.62671,77.13973,"Plot No. 185, Naraina Industrial Area (Ph I-II), Delhi - 110090, Delhi, India",Delhi,Delhi,India,Delhi DSIIDC Industrial Estate Directory
del-ind-0733,Naraina Industrial Area (Ph I-II) - Printing & Publishing Unit #58,manufacturing,28.63331,77.13491,"Plot No. 327, Naraina Industrial Area (Ph I-II), Delhi - 110011, Delhi, India",Delhi,Delhi,India,Delhi DSIIDC Industrial Estate Directory
del-ind-0734,Naraina Industrial Area (Ph I-II) - Textiles Unit #59,textile,28.63115,77.14159,"Plot No. 341, Naraina Industrial Area (Ph I-II), Delhi - 110046, Delhi, India",Delhi,Delhi,India,Delhi DSIIDC Industrial Estate Directory
del-ind-0735,Naraina Industrial Area (Ph I-II) - Packaging Unit #60,manufacturing,28.63173,77.14543,"Plot No. 289, Naraina Industrial Area (Ph I-II), Delhi - 110083, Delhi, India",Delhi,Delhi,India,Delhi DSIIDC Industrial Estate Directory
del-ind-0736,Naraina Industrial Area (Ph I-II) - Electronics Unit #61,electronics,28.6256,77.1341,"Plot No. 386, Naraina Industrial Area (Ph I-II), Delhi - 110043, Delhi, India",Delhi,Delhi,India,Delhi DSIIDC Industrial Estate Directory
del-ind-0737,Naraina Industrial Area (Ph I-II) - Steel Processing Unit #62,metal,28.6336,77.13778,"Plot No. 6, Naraina Industrial Area (Ph I-II), Delhi - 110013, Delhi, India",Delhi,Delhi,India,Delhi DSIIDC Industrial Estate Directory
del-ind-0738,Naraina Industrial Area (Ph I-II) - Printing & Publishing Unit #63,manufacturing,28.62765,77.14545,"Plot No. 266, Naraina Industrial Area (Ph I-II), Delhi - 110072, Delhi, India",Delhi,Delhi,India,Delhi DSIIDC Industrial Estate Directory
del-ind-0739,Naraina Industrial Area (Ph I-II) - Textiles Unit #64,textile,28.62182,77.13558,"Plot No. 229, Naraina Industrial Area (Ph I-II), Delhi - 110048, Delhi, India",Delhi,Delhi,India,Delhi DSIIDC Industrial Estate Directory
del-ind-0740,Naraina Industrial Area (Ph I-II) - Packaging Unit #65,manufacturing,28.6208,77.14487,"Plot No. 302, Naraina Industrial Area (Ph I-II), Delhi - 110089, Delhi, India",Delhi,Delhi,India,Delhi DSIIDC Industrial Estate Directory
del-ind-0741,Naraina Industrial Area (Ph I-II) - Electronics Unit #66,electronics,28.62303,77.13899,"Plot No. 13, Naraina Industrial Area (Ph I-II), Delhi - 110062, Delhi, India",Delhi,Delhi,India,Delhi DSIIDC Industrial Estate Directory
del-ind-0742,Naraina Industrial Area (Ph I-II) - Steel Processing Unit #67,metal,28.63243,77.14242,"Plot No. 44, Naraina Industrial Area (Ph I-II), Delhi - 110015, Delhi, India",Delhi,Delhi,India,Delhi DSIIDC Industrial Estate Directory
del-ind-0743,Naraina Industrial Area (Ph I-II) - Printing & Publishing Unit #68,manufacturing,28.63227,77.13138,"Plot No. 179, Naraina Industrial Area (Ph I-II), Delhi - 110040, Delhi, India",Delhi,Delhi,India,Delhi DSIIDC Industrial Estate Directory
del-ind-0744,Naraina Industrial Area (Ph I-II) - Textiles Unit #69,textile,28.62278,77.14689,"Plot No. 267, Naraina Industrial Area (Ph I-II), Delhi - 110062, Delhi, India",Delhi,Delhi,India,Delhi DSIIDC Industrial Estate Directory
del-ind-0745,Naraina Industrial Area (Ph I-II) - Packaging Unit #70,manufacturing,28.62658,77.141,"Plot No. 370, Naraina Industrial Area (Ph I-II), Delhi - 110090, Delhi, India",Delhi,Delhi,India,Delhi DSIIDC Industrial Estate Directory
del-ind-0746,Naraina Industrial Area (Ph I-II) - Electronics Unit #71,electronics,28.62608,77.13959,"Plot No. 23, Naraina Industrial Area (Ph I-II), Delhi - 110091, Delhi, India",Delhi,Delhi,India,Delhi DSIIDC Industrial Estate Directory
del-ind-0747,Naraina Industrial Area (Ph I-II) - Steel Processing Unit #72,metal,28.63588,77.14595,"Plot No. 332, Naraina Industrial Area (Ph I-II), Delhi - 110014, Delhi, India",Delhi,Delhi,India,Delhi DSIIDC Industrial Estate Directory
del-ind-0748,Naraina Industrial Area (Ph I-II) - Printing & Publishing Unit #73,manufacturing,28.62657,77.1361,"Plot No. 380, Naraina Industrial Area (Ph I-II), Delhi - 110032, Delhi, India",Delhi,Delhi,India,Delhi DSIIDC Industrial Estate Directory
del-ind-0749,Naraina Industrial Area (Ph I-II) - Textiles Unit #74,textile,28.62119,77.13831,"Plot No. 170, Naraina Industrial Area (Ph I-II), Delhi - 110072, Delhi, India",Delhi,Delhi,India,Delhi DSIIDC Industrial Estate Directory
del-ind-0750,Naraina Industrial Area (Ph I-II) - Packaging Unit #75,manufacturing,28.62262,77.14168,"Plot No. 409, Naraina Industrial Area (Ph I-II), Delhi - 110052, Delhi, India",Delhi,Delhi,India,Delhi DSIIDC Industrial Estate Directory
del-ind-0751,Kirti Nagar Industrial Area - Timber Processing Unit #1,wood,28.65002,77.1429,"Plot No. 337, Kirti Nagar Industrial Area, Delhi - 110056, Delhi, India",Delhi,Delhi,India,Delhi DSIIDC Industrial Estate Directory
del-ind-0752,Kirti Nagar Industrial Area - Woodworking & Resins Unit #2,wood,28.64617,77.14949,"Plot No. 102, Kirti Nagar Industrial Area, Delhi - 110058, Delhi, India",Delhi,Delhi,India,Delhi DSIIDC Industrial Estate Directory
del-ind-0753,Kirti Nagar Industrial Area - Furniture Unit #3,wood,28.64826,77.14256,"Plot No. 361, Kirti Nagar Industrial Area, Delhi - 110028, Delhi, India",Delhi,Delhi,India,Delhi DSIIDC Industrial Estate Directory
del-ind-0754,Kirti Nagar Industrial Area - Adhesives Unit #4,manufacturing,28.65406,77.15223,"Plot No. 415, Kirti Nagar Industrial Area, Delhi - 110009, Delhi, India",Delhi,Delhi,India,Delhi DSIIDC Industrial Estate Directory
del-ind-0755,Kirti Nagar Industrial Area - Hardware Unit #5,manufacturing,28.64487,77.14123,"Plot No. 275, Kirti Nagar Industrial Area, Delhi - 110024, Delhi, India",Delhi,Delhi,India,Delhi DSIIDC Industrial Estate Directory
del-ind-0756,Kirti Nagar Industrial Area - Timber Processing Unit #6,wood,28.65002,77.14723,"Plot No. 59, Kirti Nagar Industrial Area, Delhi - 110034, Delhi, India",Delhi,Delhi,India,Delhi DSIIDC Industrial Estate Directory
del-ind-0757,Kirti Nagar Industrial Area - Woodworking & Resins Unit #7,wood,28.64951,77.14042,"Plot No. 328, Kirti Nagar Industrial Area, Delhi - 110041, Delhi, India",Delhi,Delhi,India,Delhi DSIIDC Industrial Estate Directory
del-ind-0758,Kirti Nagar Industrial Area - Furniture Unit #8,wood,28.64693,77.14146,"Plot No. 301, Kirti Nagar Industrial Area, Delhi - 110015, Delhi, India",Delhi,Delhi,India,Delhi DSIIDC Industrial Estate Directory
del-ind-0759,Kirti Nagar Industrial Area - Adhesives Unit #9,manufacturing,28.64698,77.1521,"Plot No. 317, Kirti Nagar Industrial Area, Delhi - 110023, Delhi, India",Delhi,Delhi,India,Delhi DSIIDC Industrial Estate Directory
del-ind-0760,Kirti Nagar Industrial Area - Hardware Unit #10,manufacturing,28.65475,77.13852,"Plot No. 153, Kirti Nagar Industrial Area, Delhi - 110079, Delhi, India",Delhi,Delhi,India,Delhi DSIIDC Industrial Estate Directory
del-ind-0761,Kirti Nagar Industrial Area - Timber Processing Unit #11,wood,28.64633,77.14139,"Plot No. 161, Kirti Nagar Industrial Area, Delhi - 110016, Delhi, India",Delhi,Delhi,India,Delhi DSIIDC Industrial Estate Directory
del-ind-0762,Kirti Nagar Industrial Area - Woodworking & Resins Unit #12,wood,28.65216,77.14724,"Plot No. 192, Kirti Nagar Industrial Area, Delhi - 110089, Delhi, India",Delhi,Delhi,India,Delhi DSIIDC Industrial Estate Directory
del-ind-0763,Kirti Nagar Industrial Area - Furniture Unit #13,wood,28.65482,77.14846,"Plot No. 306, Kirti Nagar Industrial Area, Delhi - 110018, Delhi, India",Delhi,Delhi,India,Delhi DSIIDC Industrial Estate Directory
del-ind-0764,Kirti Nagar Industrial Area - Adhesives Unit #14,manufacturing,28.64779,77.14286,"Plot No. 250, Kirti Nagar Industrial Area, Delhi - 110082, Delhi, India",Delhi,Delhi,India,Delhi DSIIDC Industrial Estate Directory
del-ind-0765,Kirti Nagar Industrial Area - Hardware Unit #15,manufacturing,28.64218,77.14265,"Plot No. 89, Kirti Nagar Industrial Area, Delhi - 110072, Delhi, India",Delhi,Delhi,India,Delhi DSIIDC Industrial Estate Directory
del-ind-0766,Kirti Nagar Industrial Area - Timber Processing Unit #16,wood,28.65385,77.14822,"Plot No. 96, Kirti Nagar Industrial Area, Delhi - 110041, Delhi, India",Delhi,Delhi,India,Delhi DSIIDC Industrial Estate Directory
del-ind-0767,Kirti Nagar Industrial Area - Woodworking & Resins Unit #17,wood,28.65542,77.13976,"Plot No. 444, Kirti Nagar Industrial Area, Delhi - 110046, Delhi, India",Delhi,Delhi,India,Delhi DSIIDC Industrial Estate Directory
del-ind-0768,Kirti Nagar Industrial Area - Furniture Unit #18,wood,28.65695,77.14346,"Plot No. 100, Kirti Nagar Industrial Area, Delhi - 110050, Delhi, India",Delhi,Delhi,India,Delhi DSIIDC Industrial Estate Directory
del-ind-0769,Kirti Nagar Industrial Area - Adhesives Unit #19,manufacturing,28.6572,77.1438,"Plot No. 254, Kirti Nagar Industrial Area, Delhi - 110053, Delhi, India",Delhi,Delhi,India,Delhi DSIIDC Industrial Estate Directory
del-ind-0770,Kirti Nagar Industrial Area - Hardware Unit #20,manufacturing,28.65014,77.14072,"Plot No. 431, Kirti Nagar Industrial Area, Delhi - 110057, Delhi, India",Delhi,Delhi,India,Delhi DSIIDC Industrial Estate Directory
del-ind-0771,Kirti Nagar Industrial Area - Timber Processing Unit #21,wood,28.65014,77.14513,"Plot No. 16, Kirti Nagar Industrial Area, Delhi - 110029, Delhi, India",Delhi,Delhi,India,Delhi DSIIDC Industrial Estate Directory
del-ind-0772,Kirti Nagar Industrial Area - Woodworking & Resins Unit #22,wood,28.65106,77.14848,"Plot No. 276, Kirti Nagar Industrial Area, Delhi - 110037, Delhi, India",Delhi,Delhi,India,Delhi DSIIDC Industrial Estate Directory
del-ind-0773,Kirti Nagar Industrial Area - Furniture Unit #23,wood,28.65445,77.14933,"Plot No. 381, Kirti Nagar Industrial Area, Delhi - 110064, Delhi, India",Delhi,Delhi,India,Delhi DSIIDC Industrial Estate Directory
del-ind-0774,Kirti Nagar Industrial Area - Adhesives Unit #24,manufacturing,28.6499,77.14432,"Plot No. 59, Kirti Nagar Industrial Area, Delhi - 110035, Delhi, India",Delhi,Delhi,India,Delhi DSIIDC Industrial Estate Directory
del-ind-0775,Kirti Nagar Industrial Area - Hardware Unit #25,manufacturing,28.65332,77.13673,"Plot No. 188, Kirti Nagar Industrial Area, Delhi - 110070, Delhi, India",Delhi,Delhi,India,Delhi DSIIDC Industrial Estate Directory
del-ind-0776,Kirti Nagar Industrial Area - Timber Processing Unit #26,wood,28.65258,77.14382,"Plot No. 369, Kirti Nagar Industrial Area, Delhi - 110057, Delhi, India",Delhi,Delhi,India,Delhi DSIIDC Industrial Estate Directory
del-ind-0777,Kirti Nagar Industrial Area - Woodworking & Resins Unit #27,wood,28.642,77.14109,"Plot No. 53, Kirti Nagar Industrial Area, Delhi - 110095, Delhi, India",Delhi,Delhi,India,Delhi DSIIDC Industrial Estate Directory
del-ind-0778,Kirti Nagar Industrial Area - Furniture Unit #28,wood,28.65562,77.13842,"Plot No. 153, Kirti Nagar Industrial Area, Delhi - 110005, Delhi, India",Delhi,Delhi,India,Delhi DSIIDC Industrial Estate Directory
del-ind-0779,Kirti Nagar Industrial Area - Adhesives Unit #29,manufacturing,28.64804,77.14629,"Plot No. 419, Kirti Nagar Industrial Area, Delhi - 110012, Delhi, India",Delhi,Delhi,India,Delhi DSIIDC Industrial Estate Directory
del-ind-0780,Kirti Nagar Industrial Area - Hardware Unit #30,manufacturing,28.642,77.15037,"Plot No. 398, Kirti Nagar Industrial Area, Delhi - 110031, Delhi, India",Delhi,Delhi,India,Delhi DSIIDC Industrial Estate Directory
del-ind-0781,Kirti Nagar Industrial Area - Timber Processing Unit #31,wood,28.65384,77.15213,"Plot No. 353, Kirti Nagar Industrial Area, Delhi - 110045, Delhi, India",Delhi,Delhi,India,Delhi DSIIDC Industrial Estate Directory
del-ind-0782,Kirti Nagar Industrial Area - Woodworking & Resins Unit #32,wood,28.65597,77.14027,"Plot No. 220, Kirti Nagar Industrial Area, Delhi - 110022, Delhi, India",Delhi,Delhi,India,Delhi DSIIDC Industrial Estate Directory
del-ind-0783,Kirti Nagar Industrial Area - Furniture Unit #33,wood,28.64612,77.13974,"Plot No. 417, Kirti Nagar Industrial Area, Delhi - 110027, Delhi, India",Delhi,Delhi,India,Delhi DSIIDC Industrial Estate Directory
del-ind-0784,Kirti Nagar Industrial Area - Adhesives Unit #34,manufacturing,28.654,77.1395,"Plot No. 273, Kirti Nagar Industrial Area, Delhi - 110036, Delhi, India",Delhi,Delhi,India,Delhi DSIIDC Industrial Estate Directory
del-ind-0785,Kirti Nagar Industrial Area - Hardware Unit #35,manufacturing,28.64976,77.14344,"Plot No. 361, Kirti Nagar Industrial Area, Delhi - 110038, Delhi, India",Delhi,Delhi,India,Delhi DSIIDC Industrial Estate Directory
del-ind-0786,Kirti Nagar Industrial Area - Timber Processing Unit #36,wood,28.65113,77.14844,"Plot No. 440, Kirti Nagar Industrial Area, Delhi - 110066, Delhi, India",Delhi,Delhi,India,Delhi DSIIDC Industrial Estate Directory
del-ind-0787,Kirti Nagar Industrial Area - Woodworking & Resins Unit #37,wood,28.65876,77.14438,"Plot No. 49, Kirti Nagar Industrial Area, Delhi - 110018, Delhi, India",Delhi,Delhi,India,Delhi DSIIDC Industrial Estate Directory
del-ind-0788,Kirti Nagar Industrial Area - Furniture Unit #38,wood,28.65968,77.14317,"Plot No. 31, Kirti Nagar Industrial Area, Delhi - 110036, Delhi, India",Delhi,Delhi,India,Delhi DSIIDC Industrial Estate Directory
del-ind-0789,Kirti Nagar Industrial Area - Adhesives Unit #39,manufacturing,28.65357,77.14326,"Plot No. 444, Kirti Nagar Industrial Area, Delhi - 110017, Delhi, India",Delhi,Delhi,India,Delhi DSIIDC Industrial Estate Directory
del-ind-0790,Kirti Nagar Industrial Area - Hardware Unit #40,manufacturing,28.65201,77.15209,"Plot No. 425, Kirti Nagar Industrial Area, Delhi - 110032, Delhi, India",Delhi,Delhi,India,Delhi DSIIDC Industrial Estate Directory
del-ind-0791,Kirti Nagar Industrial Area - Timber Processing Unit #41,wood,28.65249,77.13826,"Plot No. 251, Kirti Nagar Industrial Area, Delhi - 110019, Delhi, India",Delhi,Delhi,India,Delhi DSIIDC Industrial Estate Directory
del-ind-0792,Kirti Nagar Industrial Area - Woodworking & Resins Unit #42,wood,28.64885,77.14334,"Plot No. 213, Kirti Nagar Industrial Area, Delhi - 110049, Delhi, India",Delhi,Delhi,India,Delhi DSIIDC Industrial Estate Directory
del-ind-0793,Kirti Nagar Industrial Area - Furniture Unit #43,wood,28.64591,77.14689,"Plot No. 394, Kirti Nagar Industrial Area, Delhi - 110012, Delhi, India",Delhi,Delhi,India,Delhi DSIIDC Industrial Estate Directory
del-ind-0794,Kirti Nagar Industrial Area - Adhesives Unit #44,manufacturing,28.64586,77.14929,"Plot No. 356, Kirti Nagar Industrial Area, Delhi - 110048, Delhi, India",Delhi,Delhi,India,Delhi DSIIDC Industrial Estate Directory
del-ind-0795,Kirti Nagar Industrial Area - Hardware Unit #45,manufacturing,28.647,77.14646,"Plot No. 298, Kirti Nagar Industrial Area, Delhi - 110001, Delhi, India",Delhi,Delhi,India,Delhi DSIIDC Industrial Estate Directory
del-ind-0796,Kirti Nagar Industrial Area - Timber Processing Unit #46,wood,28.65793,77.1386,"Plot No. 48, Kirti Nagar Industrial Area, Delhi - 110094, Delhi, India",Delhi,Delhi,India,Delhi DSIIDC Industrial Estate Directory
del-ind-0797,Kirti Nagar Industrial Area - Woodworking & Resins Unit #47,wood,28.65829,77.14389,"Plot No. 358, Kirti Nagar Industrial Area, Delhi - 110046, Delhi, India",Delhi,Delhi,India,Delhi DSIIDC Industrial Estate Directory
del-ind-0798,Kirti Nagar Industrial Area - Furniture Unit #48,wood,28.65672,77.13852,"Plot No. 204, Kirti Nagar Industrial Area, Delhi - 110028, Delhi, India",Delhi,Delhi,India,Delhi DSIIDC Industrial Estate Directory
del-ind-0799,Kirti Nagar Industrial Area - Adhesives Unit #49,manufacturing,28.66023,77.14333,"Plot No. 254, Kirti Nagar Industrial Area, Delhi - 110035, Delhi, India",Delhi,Delhi,India,Delhi DSIIDC Industrial Estate Directory
del-ind-0800,Kirti Nagar Industrial Area - Hardware Unit #50,manufacturing,28.65038,77.1483,"Plot No. 281, Kirti Nagar Industrial Area, Delhi - 110074, Delhi, India",Delhi,Delhi,India,Delhi DSIIDC Industrial Estate Directory
del-ind-0801,Kirti Nagar Industrial Area - Timber Processing Unit #51,wood,28.658,77.15144,"Plot No. 404, Kirti Nagar Industrial Area, Delhi - 110044, Delhi, India",Delhi,Delhi,India,Delhi DSIIDC Industrial Estate Directory
del-ind-0802,Kirti Nagar Industrial Area - Woodworking & Resins Unit #52,wood,28.658,77.14029,"Plot No. 24, Kirti Nagar Industrial Area, Delhi - 110013, Delhi, India",Delhi,Delhi,India,Delhi DSIIDC Industrial Estate Directory
del-ind-0803,Kirti Nagar Industrial Area - Furniture Unit #53,wood,28.64599,77.1389,"Plot No. 9, Kirti Nagar Industrial Area, Delhi - 110016, Delhi, India",Delhi,Delhi,India,Delhi DSIIDC Industrial Estate Directory
del-ind-0804,Kirti Nagar Industrial Area - Adhesives Unit #54,manufacturing,28.65438,77.14387,"Plot No. 234, Kirti Nagar Industrial Area, Delhi - 110001, Delhi, India",Delhi,Delhi,India,Delhi DSIIDC Industrial Estate Directory
del-ind-0805,Kirti Nagar Industrial Area - Hardware Unit #55,manufacturing,28.65675,77.14476,"Plot No. 353, Kirti Nagar Industrial Area, Delhi - 110017, Delhi, India",Delhi,Delhi,India,Delhi DSIIDC Industrial Estate Directory
del-ind-0806,Kirti Nagar Industrial Area - Timber Processing Unit #56,wood,28.65482,77.14243,"Plot No. 448, Kirti Nagar Industrial Area, Delhi - 110036, Delhi, India",Delhi,Delhi,India,Delhi DSIIDC Industrial Estate Directory
del-ind-0807,Kirti Nagar Industrial Area - Woodworking & Resins Unit #57,wood,28.65554,77.14735,"Plot No. 43, Kirti Nagar Industrial Area, Delhi - 110048, Delhi, India",Delhi,Delhi,India,Delhi DSIIDC Industrial Estate Directory
del-ind-0808,Kirti Nagar Industrial Area - Furniture Unit #58,wood,28.64867,77.13941,"Plot No. 27, Kirti Nagar Industrial Area, Delhi - 110051, Delhi, India",Delhi,Delhi,India,Delhi DSIIDC Industrial Estate Directory
del-ind-0809,Kirti Nagar Industrial Area - Adhesives Unit #59,manufacturing,28.6469,77.13986,"Plot No. 387, Kirti Nagar Industrial Area, Delhi - 110030, Delhi, India",Delhi,Delhi,India,Delhi DSIIDC Industrial Estate Directory
del-ind-0810,Kirti Nagar Industrial Area - Hardware Unit #60,manufacturing,28.65022,77.14585,"Plot No. 49, Kirti Nagar Industrial Area, Delhi - 110001, Delhi, India",Delhi,Delhi,India,Delhi DSIIDC Industrial Estate Directory
del-ind-0811,Kirti Nagar Industrial Area - Timber Processing Unit #61,wood,28.65241,77.14677,"Plot No. 304, Kirti Nagar Industrial Area, Delhi - 110029, Delhi, India",Delhi,Delhi,India,Delhi DSIIDC Industrial Estate Directory
del-ind-0812,Kirti Nagar Industrial Area - Woodworking & Resins Unit #62,wood,28.64715,77.1444,"Plot No. 5, Kirti Nagar Industrial Area, Delhi - 110090, Delhi, India",Delhi,Delhi,India,Delhi DSIIDC Industrial Estate Directory
del-ind-0813,Kirti Nagar Industrial Area - Furniture Unit #63,wood,28.65073,77.1469,"Plot No. 441, Kirti Nagar Industrial Area, Delhi - 110055, Delhi, India",Delhi,Delhi,India,Delhi DSIIDC Industrial Estate Directory
del-ind-0814,Kirti Nagar Industrial Area - Adhesives Unit #64,manufacturing,28.65023,77.14019,"Plot No. 118, Kirti Nagar Industrial Area, Delhi - 110050, Delhi, India",Delhi,Delhi,India,Delhi DSIIDC Industrial Estate Directory
del-ind-0815,Kirti Nagar Industrial Area - Hardware Unit #65,manufacturing,28.6589,77.14934,"Plot No. 53, Kirti Nagar Industrial Area, Delhi - 110041, Delhi, India",Delhi,Delhi,India,Delhi DSIIDC Industrial Estate Directory
del-ind-0816,Mundka Industrial Area - Footwear Manufacturing Unit #1,textile,28.6774,77.03005,"Plot No. 196, Mundka Industrial Area, Delhi - 110018, Delhi, India",Delhi,Delhi,India,Delhi DSIIDC Industrial Estate Directory
del-ind-0817,Mundka Industrial Area - Plastic Extrusion Unit #2,plastic,28.67433,77.01554,"Plot No. 36, Mundka Industrial Area, Delhi - 110068, Delhi, India",Delhi,Delhi,India,Delhi DSIIDC Industrial Estate Directory
del-ind-0818,Mundka Industrial Area - PVC Pipes Unit #3,manufacturing,28.67175,77.02069,"Plot No. 85, Mundka Industrial Area, Delhi - 110057, Delhi, India",Delhi,Delhi,India,Delhi DSIIDC Industrial Estate Directory
del-ind-0819,Mundka Industrial Area - Electrical Fittings Unit #4,manufacturing,28.67867,77.02951,"Plot No. 384, Mundka Industrial Area, Delhi - 110020, Delhi, India",Delhi,Delhi,India,Delhi DSIIDC Industrial Estate Directory
del-ind-0820,Mundka Industrial Area - Warehouses Unit #5,manufacturing,28.69182,77.01959,"Plot No. 227, Mundka Industrial Area, Delhi - 110028, Delhi, India",Delhi,Delhi,India,Delhi DSIIDC Industrial Estate Directory
del-ind-0821,Mundka Industrial Area - Footwear Manufacturing Unit #6,textile,28.68519,77.02693,"Plot No. 386, Mundka Industrial Area, Delhi - 110016, Delhi, India",Delhi,Delhi,India,Delhi DSIIDC Industrial Estate Directory
del-ind-0822,Mundka Industrial Area - Plastic Extrusion Unit #7,plastic,28.67526,77.02075,"Plot No. 220, Mundka Industrial Area, Delhi - 110041, Delhi, India",Delhi,Delhi,India,Delhi DSIIDC Industrial Estate Directory
del-ind-0823,Mundka Industrial Area - PVC Pipes Unit #8,manufacturing,28.68356,77.01909,"Plot No. 331, Mundka Industrial Area, Delhi - 110011, Delhi, India",Delhi,Delhi,India,Delhi DSIIDC Industrial Estate Directory
del-ind-0824,Mundka Industrial Area - Electrical Fittings Unit #9,manufacturing,28.68213,77.03598,"Plot No. 370, Mundka Industrial Area, Delhi - 110078, Delhi, India",Delhi,Delhi,India,Delhi DSIIDC Industrial Estate Directory
del-ind-0825,Mundka Industrial Area - Warehouses Unit #10,manufacturing,28.6778,77.043,"Plot No. 14, Mundka Industrial Area, Delhi - 110085, Delhi, India",Delhi,Delhi,India,Delhi DSIIDC Industrial Estate Directory
del-ind-0826,Mundka Industrial Area - Footwear Manufacturing Unit #11,textile,28.6859,77.02114,"Plot No. 311, Mundka Industrial Area, Delhi - 110066, Delhi, India",Delhi,Delhi,India,Delhi DSIIDC Industrial Estate Directory
del-ind-0827,Mundka Industrial Area - Plastic Extrusion Unit #12,plastic,28.68504,77.03248,"Plot No. 331, Mundka Industrial Area, Delhi - 110007, Delhi, India",Delhi,Delhi,India,Delhi DSIIDC Industrial Estate Directory
del-ind-0828,Mundka Industrial Area - PVC Pipes Unit #13,manufacturing,28.68503,77.01093,"Plot No. 123, Mundka Industrial Area, Delhi - 110064, Delhi, India",Delhi,Delhi,India,Delhi DSIIDC Industrial Estate Directory
del-ind-0829,Mundka Industrial Area - Electrical Fittings Unit #14,manufacturing,28.67746,77.02895,"Plot No. 327, Mundka Industrial Area, Delhi - 110077, Delhi, India",Delhi,Delhi,India,Delhi DSIIDC Industrial Estate Directory
del-ind-0830,Mundka Industrial Area - Warehouses Unit #15,manufacturing,28.69731,77.03232,"Plot No. 7, Mundka Industrial Area, Delhi - 110047, Delhi, India",Delhi,Delhi,India,Delhi DSIIDC Industrial Estate Directory
del-ind-0831,Mundka Industrial Area - Footwear Manufacturing Unit #16,textile,28.68594,77.02326,"Plot No. 441, Mundka Industrial Area, Delhi - 110073, Delhi, India",Delhi,Delhi,India,Delhi DSIIDC Industrial Estate Directory
del-ind-0832,Mundka Industrial Area - Plastic Extrusion Unit #17,plastic,28.67305,77.02986,"Plot No. 89, Mundka Industrial Area, Delhi - 110061, Delhi, India",Delhi,Delhi,India,Delhi DSIIDC Industrial Estate Directory
del-ind-0833,Mundka Industrial Area - PVC Pipes Unit #18,manufacturing,28.69533,77.02108,"Plot No. 9, Mundka Industrial Area, Delhi - 110076, Delhi, India",Delhi,Delhi,India,Delhi DSIIDC Industrial Estate Directory
del-ind-0834,Mundka Industrial Area - Electrical Fittings Unit #19,manufacturing,28.68776,77.0276,"Plot No. 21, Mundka Industrial Area, Delhi - 110008, Delhi, India",Delhi,Delhi,India,Delhi DSIIDC Industrial Estate Directory
del-ind-0835,Mundka Industrial Area - Warehouses Unit #20,manufacturing,28.68974,77.02241,"Plot No. 147, Mundka Industrial Area, Delhi - 110081, Delhi, India",Delhi,Delhi,India,Delhi DSIIDC Industrial Estate Directory
del-ind-0836,Mundka Industrial Area - Footwear Manufacturing Unit #21,textile,28.67878,77.01155,"Plot No. 217, Mundka Industrial Area, Delhi - 110090, Delhi, India",Delhi,Delhi,India,Delhi DSIIDC Industrial Estate Directory
del-ind-0837,Mundka Industrial Area - Plastic Extrusion Unit #22,plastic,28.67253,77.03168,"Plot No. 276, Mundka Industrial Area, Delhi - 110079, Delhi, India",Delhi,Delhi,India,Delhi DSIIDC Industrial Estate Directory
del-ind-0838,Mundka Industrial Area - PVC Pipes Unit #23,manufacturing,28.68394,77.02777,"Plot No. 41, Mundka Industrial Area, Delhi - 110066, Delhi, India",Delhi,Delhi,India,Delhi DSIIDC Industrial Estate Directory
del-ind-0839,Mundka Industrial Area - Electrical Fittings Unit #24,manufacturing,28.7,77.01455,"Plot No. 80, Mundka Industrial Area, Delhi - 110069, Delhi, India",Delhi,Delhi,India,Delhi DSIIDC Industrial Estate Directory
del-ind-0840,Mundka Industrial Area - Warehouses Unit #25,manufacturing,28.67701,77.03454,"Plot No. 391, Mundka Industrial Area, Delhi - 110084, Delhi, India",Delhi,Delhi,India,Delhi DSIIDC Industrial Estate Directory
del-ind-0841,Mundka Industrial Area - Footwear Manufacturing Unit #26,textile,28.68074,77.02228,"Plot No. 358, Mundka Industrial Area, Delhi - 110056, Delhi, India",Delhi,Delhi,India,Delhi DSIIDC Industrial Estate Directory
del-ind-0842,Mundka Industrial Area - Plastic Extrusion Unit #27,plastic,28.68003,77.00944,"Plot No. 30, Mundka Industrial Area, Delhi - 110032, Delhi, India",Delhi,Delhi,India,Delhi DSIIDC Industrial Estate Directory
del-ind-0843,Mundka Industrial Area - PVC Pipes Unit #28,manufacturing,28.68941,77.02946,"Plot No. 233, Mundka Industrial Area, Delhi - 110079, Delhi, India",Delhi,Delhi,India,Delhi DSIIDC Industrial Estate Directory
del-ind-0844,Mundka Industrial Area - Electrical Fittings Unit #29,manufacturing,28.6766,77.0206,"Plot No. 380, Mundka Industrial Area, Delhi - 110085, Delhi, India",Delhi,Delhi,India,Delhi DSIIDC Industrial Estate Directory
del-ind-0845,Mundka Industrial Area - Warehouses Unit #30,manufacturing,28.68176,77.02092,"Plot No. 363, Mundka Industrial Area, Delhi - 110018, Delhi, India",Delhi,Delhi,India,Delhi DSIIDC Industrial Estate Directory
del-ind-0846,Mundka Industrial Area - Footwear Manufacturing Unit #31,textile,28.68055,77.02038,"Plot No. 178, Mundka Industrial Area, Delhi - 110067, Delhi, India",Delhi,Delhi,India,Delhi DSIIDC Industrial Estate Directory
del-ind-0847,Mundka Industrial Area - Plastic Extrusion Unit #32,plastic,28.66703,77.02337,"Plot No. 133, Mundka Industrial Area, Delhi - 110022, Delhi, India",Delhi,Delhi,India,Delhi DSIIDC Industrial Estate Directory
del-ind-0848,Mundka Industrial Area - PVC Pipes Unit #33,manufacturing,28.67266,77.03472,"Plot No. 448, Mundka Industrial Area, Delhi - 110035, Delhi, India",Delhi,Delhi,India,Delhi DSIIDC Industrial Estate Directory
del-ind-0849,Mundka Industrial Area - Electrical Fittings Unit #34,manufacturing,28.68157,77.02096,"Plot No. 16, Mundka Industrial Area, Delhi - 110043, Delhi, India",Delhi,Delhi,India,Delhi DSIIDC Industrial Estate Directory
del-ind-0850,Mundka Industrial Area - Warehouses Unit #35,manufacturing,28.68427,77.01896,"Plot No. 33, Mundka Industrial Area, Delhi - 110034, Delhi, India",Delhi,Delhi,India,Delhi DSIIDC Industrial Estate Directory
del-ind-0851,Mundka Industrial Area - Footwear Manufacturing Unit #36,textile,28.67951,77.01468,"Plot No. 40, Mundka Industrial Area, Delhi - 110064, Delhi, India",Delhi,Delhi,India,Delhi DSIIDC Industrial Estate Directory
del-ind-0852,Mundka Industrial Area - Plastic Extrusion Unit #37,plastic,28.67465,77.02713,"Plot No. 256, Mundka Industrial Area, Delhi - 110073, Delhi, India",Delhi,Delhi,India,Delhi DSIIDC Industrial Estate Directory
del-ind-0853,Mundka Industrial Area - PVC Pipes Unit #38,manufacturing,28.68436,77.02911,"Plot No. 396, Mundka Industrial Area, Delhi - 110014, Delhi, India",Delhi,Delhi,India,Delhi DSIIDC Industrial Estate Directory
del-ind-0854,Mundka Industrial Area - Electrical Fittings Unit #39,manufacturing,28.69155,77.01752,"Plot No. 60, Mundka Industrial Area, Delhi - 110030, Delhi, India",Delhi,Delhi,India,Delhi DSIIDC Industrial Estate Directory
del-ind-0855,Mundka Industrial Area - Warehouses Unit #40,manufacturing,28.68197,77.02442,"Plot No. 440, Mundka Industrial Area, Delhi - 110002, Delhi, India",Delhi,Delhi,India,Delhi DSIIDC Industrial Estate Directory
del-ind-0856,Mundka Industrial Area - Footwear Manufacturing Unit #41,textile,28.68231,77.03415,"Plot No. 197, Mundka Industrial Area, Delhi - 110020, Delhi, India",Delhi,Delhi,India,Delhi DSIIDC Industrial Estate Directory
del-ind-0857,Mundka Industrial Area - Plastic Extrusion Unit #42,plastic,28.69088,77.043,"Plot No. 19, Mundka Industrial Area, Delhi - 110071, Delhi, India",Delhi,Delhi,India,Delhi DSIIDC Industrial Estate Directory
del-ind-0858,Mundka Industrial Area - PVC Pipes Unit #43,manufacturing,28.6862,77.01289,"Plot No. 336, Mundka Industrial Area, Delhi - 110054, Delhi, India",Delhi,Delhi,India,Delhi DSIIDC Industrial Estate Directory
del-ind-0859,Mundka Industrial Area - Electrical Fittings Unit #44,manufacturing,28.68298,77.03104,"Plot No. 369, Mundka Industrial Area, Delhi - 110041, Delhi, India",Delhi,Delhi,India,Delhi DSIIDC Industrial Estate Directory
del-ind-0860,Mundka Industrial Area - Warehouses Unit #45,manufacturing,28.68157,77.02823,"Plot No. 191, Mundka Industrial Area, Delhi - 110016, Delhi, India",Delhi,Delhi,India,Delhi DSIIDC Industrial Estate Directory
del-ind-0861,Mundka Industrial Area - Footwear Manufacturing Unit #46,textile,28.66455,77.02478,"Plot No. 92, Mundka Industrial Area, Delhi - 110029, Delhi, India",Delhi,Delhi,India,Delhi DSIIDC Industrial Estate Directory
del-ind-0862,Mundka Industrial Area - Plastic Extrusion Unit #47,plastic,28.68966,77.007,"Plot No. 206, Mundka Industrial Area, Delhi - 110009, Delhi, India",Delhi,Delhi,India,Delhi DSIIDC Industrial Estate Directory
del-ind-0863,Mundka Industrial Area - PVC Pipes Unit #48,manufacturing,28.69363,77.01366,"Plot No. 397, Mundka Industrial Area, Delhi - 110040, Delhi, India",Delhi,Delhi,India,Delhi DSIIDC Industrial Estate Directory
del-ind-0864,Mundka Industrial Area - Electrical Fittings Unit #49,manufacturing,28.6772,77.03409,"Plot No. 5, Mundka Industrial Area, Delhi - 110048, Delhi, India",Delhi,Delhi,India,Delhi DSIIDC Industrial Estate Directory
del-ind-0865,Mundka Industrial Area - Warehouses Unit #50,manufacturing,28.68518,77.03494,"Plot No. 156, Mundka Industrial Area, Delhi - 110095, Delhi, India",Delhi,Delhi,India,Delhi DSIIDC Industrial Estate Directory
del-ind-0866,Mundka Industrial Area - Footwear Manufacturing Unit #51,textile,28.67551,77.0187,"Plot No. 303, Mundka Industrial Area, Delhi - 110064, Delhi, India",Delhi,Delhi,India,Delhi DSIIDC Industrial Estate Directory
del-ind-0867,Mundka Industrial Area - Plastic Extrusion Unit #52,plastic,28.69601,77.02481,"Plot No. 376, Mundka Industrial Area, Delhi - 110070, Delhi, India",Delhi,Delhi,India,Delhi DSIIDC Industrial Estate Directory
del-ind-0868,Mundka Industrial Area - PVC Pipes Unit #53,manufacturing,28.6824,77.01894,"Plot No. 4, Mundka Industrial Area, Delhi - 110053, Delhi, India",Delhi,Delhi,India,Delhi DSIIDC Industrial Estate Directory
del-ind-0869,Mundka Industrial Area - Electrical Fittings Unit #54,manufacturing,28.692,77.02651,"Plot No. 326, Mundka Industrial Area, Delhi - 110089, Delhi, India",Delhi,Delhi,India,Delhi DSIIDC Industrial Estate Directory
del-ind-0870,Mundka Industrial Area - Warehouses Unit #55,manufacturing,28.69626,77.01113,"Plot No. 1, Mundka Industrial Area, Delhi - 110085, Delhi, India",Delhi,Delhi,India,Delhi DSIIDC Industrial Estate Directory
del-ind-0871,Mundka Industrial Area - Footwear Manufacturing Unit #56,textile,28.67255,77.0343,"Plot No. 158, Mundka Industrial Area, Delhi - 110014, Delhi, India",Delhi,Delhi,India,Delhi DSIIDC Industrial Estate Directory
del-ind-0872,Mundka Industrial Area - Plastic Extrusion Unit #57,plastic,28.68843,77.043,"Plot No. 215, Mundka Industrial Area, Delhi - 110063, Delhi, India",Delhi,Delhi,India,Delhi DSIIDC Industrial Estate Directory
del-ind-0873,Mundka Industrial Area - PVC Pipes Unit #58,manufacturing,28.7,77.01975,"Plot No. 73, Mundka Industrial Area, Delhi - 110092, Delhi, India",Delhi,Delhi,India,Delhi DSIIDC Industrial Estate Directory
del-ind-0874,Mundka Industrial Area - Electrical Fittings Unit #59,manufacturing,28.68155,77.02738,"Plot No. 119, Mundka Industrial Area, Delhi - 110067, Delhi, India",Delhi,Delhi,India,Delhi DSIIDC Industrial Estate Directory
del-ind-0875,Mundka Industrial Area - Warehouses Unit #60,manufacturing,28.66729,77.03395,"Plot No. 235, Mundka Industrial Area, Delhi - 110096, Delhi, India",Delhi,Delhi,India,Delhi DSIIDC Industrial Estate Directory
del-ind-0876,Mundka Industrial Area - Footwear Manufacturing Unit #61,textile,28.68513,77.02685,"Plot No. 69, Mundka Industrial Area, Delhi - 110082, Delhi, India",Delhi,Delhi,India,Delhi DSIIDC Industrial Estate Directory
del-ind-0877,Mundka Industrial Area - Plastic Extrusion Unit #62,plastic,28.68336,77.02211,"Plot No. 291, Mundka Industrial Area, Delhi - 110008, Delhi, India",Delhi,Delhi,India,Delhi DSIIDC Industrial Estate Directory
del-ind-0878,Mundka Industrial Area - PVC Pipes Unit #63,manufacturing,28.664,77.0333,"Plot No. 122, Mundka Industrial Area, Delhi - 110038, Delhi, India",Delhi,Delhi,India,Delhi DSIIDC Industrial Estate Directory
del-ind-0879,Mundka Industrial Area - Electrical Fittings Unit #64,manufacturing,28.68151,77.03203,"Plot No. 411, Mundka Industrial Area, Delhi - 110051, Delhi, India",Delhi,Delhi,India,Delhi DSIIDC Industrial Estate Directory
del-ind-0880,Mundka Industrial Area - Warehouses Unit #65,manufacturing,28.67798,77.01242,"Plot No. 163, Mundka Industrial Area, Delhi - 110058, Delhi, India",Delhi,Delhi,India,Delhi DSIIDC Industrial Estate Directory
del-ind-0881,Mundka Industrial Area - Footwear Manufacturing Unit #66,textile,28.68156,77.02816,"Plot No. 104, Mundka Industrial Area, Delhi - 110018, Delhi, India",Delhi,Delhi,India,Delhi DSIIDC Industrial Estate Directory
del-ind-0882,Mundka Industrial Area - Plastic Extrusion Unit #67,plastic,28.68401,77.01445,"Plot No. 80, Mundka Industrial Area, Delhi - 110014, Delhi, India",Delhi,Delhi,India,Delhi DSIIDC Industrial Estate Directory
del-ind-0883,Mundka Industrial Area - PVC Pipes Unit #68,manufacturing,28.68665,77.03279,"Plot No. 209, Mundka Industrial Area, Delhi - 110016, Delhi, India",Delhi,Delhi,India,Delhi DSIIDC Industrial Estate Directory
del-ind-0884,Mundka Industrial Area - Electrical Fittings Unit #69,manufacturing,28.664,77.02031,"Plot No. 107, Mundka Industrial Area, Delhi - 110058, Delhi, India",Delhi,Delhi,India,Delhi DSIIDC Industrial Estate Directory
del-ind-0885,Mundka Industrial Area - Warehouses Unit #70,manufacturing,28.67972,77.03093,"Plot No. 62, Mundka Industrial Area, Delhi - 110012, Delhi, India",Delhi,Delhi,India,Delhi DSIIDC Industrial Estate Directory
del-ind-0886,Mundka Industrial Area - Footwear Manufacturing Unit #71,textile,28.68876,77.03531,"Plot No. 424, Mundka Industrial Area, Delhi - 110091, Delhi, India",Delhi,Delhi,India,Delhi DSIIDC Industrial Estate Directory
del-ind-0887,Mundka Industrial Area - Plastic Extrusion Unit #72,plastic,28.68124,77.0228,"Plot No. 428, Mundka Industrial Area, Delhi - 110042, Delhi, India",Delhi,Delhi,India,Delhi DSIIDC Industrial Estate Directory
del-ind-0888,Mundka Industrial Area - PVC Pipes Unit #73,manufacturing,28.68961,77.03525,"Plot No. 183, Mundka Industrial Area, Delhi - 110051, Delhi, India",Delhi,Delhi,India,Delhi DSIIDC Industrial Estate Directory
del-ind-0889,Mundka Industrial Area - Electrical Fittings Unit #74,manufacturing,28.66986,77.02397,"Plot No. 134, Mundka Industrial Area, Delhi - 110023, Delhi, India",Delhi,Delhi,India,Delhi DSIIDC Industrial Estate Directory
del-ind-0890,Mundka Industrial Area - Warehouses Unit #75,manufacturing,28.69009,77.0266,"Plot No. 232, Mundka Industrial Area, Delhi - 110072, Delhi, India",Delhi,Delhi,India,Delhi DSIIDC Industrial Estate Directory
del-ind-0891,Mundka Industrial Area - Footwear Manufacturing Unit #76,textile,28.68193,77.01886,"Plot No. 237, Mundka Industrial Area, Delhi - 110014, Delhi, India",Delhi,Delhi,India,Delhi DSIIDC Industrial Estate Directory
del-ind-0892,Mundka Industrial Area - Plastic Extrusion Unit #77,plastic,28.68348,77.02081,"Plot No. 7, Mundka Industrial Area, Delhi - 110008, Delhi, India",Delhi,Delhi,India,Delhi DSIIDC Industrial Estate Directory
del-ind-0893,Mundka Industrial Area - PVC Pipes Unit #78,manufacturing,28.69315,77.007,"Plot No. 67, Mundka Industrial Area, Delhi - 110026, Delhi, India",Delhi,Delhi,India,Delhi DSIIDC Industrial Estate Directory
del-ind-0894,Mundka Industrial Area - Electrical Fittings Unit #79,manufacturing,28.68549,77.01801,"Plot No. 323, Mundka Industrial Area, Delhi - 110083, Delhi, India",Delhi,Delhi,India,Delhi DSIIDC Industrial Estate Directory
del-ind-0895,Mundka Industrial Area - Warehouses Unit #80,manufacturing,28.69129,77.03042,"Plot No. 417, Mundka Industrial Area, Delhi - 110010, Delhi, India",Delhi,Delhi,India,Delhi DSIIDC Industrial Estate Directory
del-ind-0896,Nangloi Industrial Area - Wire Drawing Unit #1,manufacturing,28.68028,77.05531,"Plot No. 331, Nangloi Industrial Area, Delhi - 110057, Delhi, India",Delhi,Delhi,India,Delhi DSIIDC Industrial Estate Directory
del-ind-0897,Nangloi Industrial Area - Auto Accessories Unit #2,manufacturing,28.67901,77.05242,"Plot No. 434, Nangloi Industrial Area, Delhi - 110043, Delhi, India",Delhi,Delhi,India,Delhi DSIIDC Industrial Estate Directory
del-ind-0898,Nangloi Industrial Area - Detergents Unit #3,manufacturing,28.6888,77.06547,"Plot No. 26, Nangloi Industrial Area, Delhi - 110022, Delhi, India",Delhi,Delhi,India,Delhi DSIIDC Industrial Estate Directory
del-ind-0899,Nangloi Industrial Area - Polymers Unit #4,plastic,28.68396,77.05192,"Plot No. 371, Nangloi Industrial Area, Delhi - 110051, Delhi, India",Delhi,Delhi,India,Delhi DSIIDC Industrial Estate Directory
del-ind-0900,Nangloi Industrial Area - Textile Mills Unit #5,textile,28.67181,77.05515,"Plot No. 219, Nangloi Industrial Area, Delhi - 110023, Delhi, India",Delhi,Delhi,India,Delhi DSIIDC Industrial Estate Directory
del-ind-0901,Nangloi Industrial Area - Wire Drawing Unit #6,manufacturing,28.66963,77.06594,"Plot No. 141, Nangloi Industrial Area, Delhi - 110036, Delhi, India",Delhi,Delhi,India,Delhi DSIIDC Industrial Estate Directory
del-ind-0902,Nangloi Industrial Area - Auto Accessories Unit #7,manufacturing,28.67463,77.05619,"Plot No. 315, Nangloi Industrial Area, Delhi - 110080, Delhi, India",Delhi,Delhi,India,Delhi DSIIDC Industrial Estate Directory
del-ind-0903,Nangloi Industrial Area - Detergents Unit #8,manufacturing,28.67125,77.0489,"Plot No. 256, Nangloi Industrial Area, Delhi - 110053, Delhi, India",Delhi,Delhi,India,Delhi DSIIDC Industrial Estate Directory
del-ind-0904,Nangloi Industrial Area - Polymers Unit #9,plastic,28.68333,77.05017,"Plot No. 45, Nangloi Industrial Area, Delhi - 110036, Delhi, India",Delhi,Delhi,India,Delhi DSIIDC Industrial Estate Directory
del-ind-0905,Nangloi Industrial Area - Textile Mills Unit #10,textile,28.67313,77.0594,"Plot No. 330, Nangloi Industrial Area, Delhi - 110068, Delhi, India",Delhi,Delhi,India,Delhi DSIIDC Industrial Estate Directory
del-ind-0906,Nangloi Industrial Area - Wire Drawing Unit #11,manufacturing,28.67811,77.069,"Plot No. 279, Nangloi Industrial Area, Delhi - 110003, Delhi, India",Delhi,Delhi,India,Delhi DSIIDC Industrial Estate Directory
del-ind-0907,Nangloi Industrial Area - Auto Accessories Unit #12,manufacturing,28.68897,77.05427,"Plot No. 184, Nangloi Industrial Area, Delhi - 110062, Delhi, India",Delhi,Delhi,India,Delhi DSIIDC Industrial Estate Directory
del-ind-0908,Nangloi Industrial Area - Detergents Unit #13,manufacturing,28.67103,77.053,"Plot No. 290, Nangloi Industrial Area, Delhi - 110065, Delhi, India",Delhi,Delhi,India,Delhi DSIIDC Industrial Estate Directory
del-ind-0909,Nangloi Industrial Area - Polymers Unit #14,plastic,28.67582,77.05951,"Plot No. 14, Nangloi Industrial Area, Delhi - 110041, Delhi, India",Delhi,Delhi,India,Delhi DSIIDC Industrial Estate Directory
del-ind-0910,Nangloi Industrial Area - Textile Mills Unit #15,textile,28.67674,77.05412,"Plot No. 416, Nangloi Industrial Area, Delhi - 110036, Delhi, India",Delhi,Delhi,India,Delhi DSIIDC Industrial Estate Directory
del-ind-0911,Nangloi Industrial Area - Wire Drawing Unit #16,manufacturing,28.692,77.062,"Plot No. 272, Nangloi Industrial Area, Delhi - 110046, Delhi, India",Delhi,Delhi,India,Delhi DSIIDC Industrial Estate Directory
del-ind-0912,Nangloi Industrial Area - Auto Accessories Unit #17,manufacturing,28.68063,77.041,"Plot No. 82, Nangloi Industrial Area, Delhi - 110013, Delhi, India",Delhi,Delhi,India,Delhi DSIIDC Industrial Estate Directory
del-ind-0913,Nangloi Industrial Area - Detergents Unit #18,manufacturing,28.67806,77.05968,"Plot No. 274, Nangloi Industrial Area, Delhi - 110095, Delhi, India",Delhi,Delhi,India,Delhi DSIIDC Industrial Estate Directory
del-ind-0914,Nangloi Industrial Area - Polymers Unit #19,plastic,28.692,77.06227,"Plot No. 113, Nangloi Industrial Area, Delhi - 110074, Delhi, India",Delhi,Delhi,India,Delhi DSIIDC Industrial Estate Directory
del-ind-0915,Nangloi Industrial Area - Textile Mills Unit #20,textile,28.68442,77.04575,"Plot No. 182, Nangloi Industrial Area, Delhi - 110023, Delhi, India",Delhi,Delhi,India,Delhi DSIIDC Industrial Estate Directory
del-ind-0916,Nangloi Industrial Area - Wire Drawing Unit #21,manufacturing,28.68178,77.06255,"Plot No. 413, Nangloi Industrial Area, Delhi - 110095, Delhi, India",Delhi,Delhi,India,Delhi DSIIDC Industrial Estate Directory
del-ind-0917,Nangloi Industrial Area - Auto Accessories Unit #22,manufacturing,28.67349,77.04179,"Plot No. 15, Nangloi Industrial Area, Delhi - 110091, Delhi, India",Delhi,Delhi,India,Delhi DSIIDC Industrial Estate Directory
del-ind-0918,Nangloi Industrial Area - Detergents Unit #23,manufacturing,28.67332,77.041,"Plot No. 289, Nangloi Industrial Area, Delhi - 110019, Delhi, India",Delhi,Delhi,India,Delhi DSIIDC Industrial Estate Directory
del-ind-0919,Nangloi Industrial Area - Polymers Unit #24,plastic,28.67425,77.05343,"Plot No. 415, Nangloi Industrial Area, Delhi - 110064, Delhi, India",Delhi,Delhi,India,Delhi DSIIDC Industrial Estate Directory
del-ind-0920,Nangloi Industrial Area - Textile Mills Unit #25,textile,28.67422,77.05398,"Plot No. 20, Nangloi Industrial Area, Delhi - 110012, Delhi, India",Delhi,Delhi,India,Delhi DSIIDC Industrial Estate Directory
del-ind-0921,Nangloi Industrial Area - Wire Drawing Unit #26,manufacturing,28.68602,77.05795,"Plot No. 11, Nangloi Industrial Area, Delhi - 110068, Delhi, India",Delhi,Delhi,India,Delhi DSIIDC Industrial Estate Directory
del-ind-0922,Nangloi Industrial Area - Auto Accessories Unit #27,manufacturing,28.6724,77.05578,"Plot No. 315, Nangloi Industrial Area, Delhi - 110026, Delhi, India",Delhi,Delhi,India,Delhi DSIIDC Industrial Estate Directory
del-ind-0923,Nangloi Industrial Area - Detergents Unit #28,manufacturing,28.68,77.04961,"Plot No. 91, Nangloi Industrial Area, Delhi - 110042, Delhi, India",Delhi,Delhi,India,Delhi DSIIDC Industrial Estate Directory
del-ind-0924,Nangloi Industrial Area - Polymers Unit #29,plastic,28.68132,77.0563,"Plot No. 361, Nangloi Industrial Area, Delhi - 110019, Delhi, India",Delhi,Delhi,India,Delhi DSIIDC Industrial Estate Directory
del-ind-0925,Nangloi Industrial Area - Textile Mills Unit #30,textile,28.67986,77.04295,"Plot No. 441, Nangloi Industrial Area, Delhi - 110047, Delhi, India",Delhi,Delhi,India,Delhi DSIIDC Industrial Estate Directory
del-ind-0926,Nangloi Industrial Area - Wire Drawing Unit #31,manufacturing,28.68391,77.05351,"Plot No. 340, Nangloi Industrial Area, Delhi - 110051, Delhi, India",Delhi,Delhi,India,Delhi DSIIDC Industrial Estate Directory
del-ind-0927,Nangloi Industrial Area - Auto Accessories Unit #32,manufacturing,28.67311,77.05206,"Plot No. 166, Nangloi Industrial Area, Delhi - 110018, Delhi, India",Delhi,Delhi,India,Delhi DSIIDC Industrial Estate Directory
del-ind-0928,Nangloi Industrial Area - Detergents Unit #33,manufacturing,28.68811,77.05345,"Plot No. 224, Nangloi Industrial Area, Delhi - 110082, Delhi, India",Delhi,Delhi,India,Delhi DSIIDC Industrial Estate Directory
del-ind-0929,Nangloi Industrial Area - Polymers Unit #34,plastic,28.68684,77.05277,"Plot No. 90, Nangloi Industrial Area, Delhi - 110091, Delhi, India",Delhi,Delhi,India,Delhi DSIIDC Industrial Estate Directory
del-ind-0930,Nangloi Industrial Area - Textile Mills Unit #35,textile,28.6875,77.05311,"Plot No. 315, Nangloi Industrial Area, Delhi - 110046, Delhi, India",Delhi,Delhi,India,Delhi DSIIDC Industrial Estate Directory
del-ind-0931,Nangloi Industrial Area - Wire Drawing Unit #36,manufacturing,28.67941,77.06328,"Plot No. 90, Nangloi Industrial Area, Delhi - 110049, Delhi, India",Delhi,Delhi,India,Delhi DSIIDC Industrial Estate Directory
del-ind-0932,Nangloi Industrial Area - Auto Accessories Unit #37,manufacturing,28.67464,77.06402,"Plot No. 66, Nangloi Industrial Area, Delhi - 110023, Delhi, India",Delhi,Delhi,India,Delhi DSIIDC Industrial Estate Directory
del-ind-0933,Nangloi Industrial Area - Detergents Unit #38,manufacturing,28.67596,77.041,"Plot No. 294, Nangloi Industrial Area, Delhi - 110051, Delhi, India",Delhi,Delhi,India,Delhi DSIIDC Industrial Estate Directory
del-ind-0934,Nangloi Industrial Area - Polymers Unit #39,plastic,28.6844,77.04628,"Plot No. 291, Nangloi Industrial Area, Delhi - 110005, Delhi, India",Delhi,Delhi,India,Delhi DSIIDC Industrial Estate Directory
del-ind-0935,Nangloi Industrial Area - Textile Mills Unit #40,textile,28.68028,77.06002,"Plot No. 415, Nangloi Industrial Area, Delhi - 110079, Delhi, India",Delhi,Delhi,India,Delhi DSIIDC Industrial Estate Directory
del-ind-0936,Nangloi Industrial Area - Wire Drawing Unit #41,manufacturing,28.67948,77.063,"Plot No. 255, Nangloi Industrial Area, Delhi - 110019, Delhi, India",Delhi,Delhi,India,Delhi DSIIDC Industrial Estate Directory
del-ind-0937,Nangloi Industrial Area - Auto Accessories Unit #42,manufacturing,28.67676,77.05721,"Plot No. 178, Nangloi Industrial Area, Delhi - 110041, Delhi, India",Delhi,Delhi,India,Delhi DSIIDC Industrial Estate Directory
del-ind-0938,Nangloi Industrial Area - Detergents Unit #43,manufacturing,28.68447,77.0664,"Plot No. 46, Nangloi Industrial Area, Delhi - 110091, Delhi, India",Delhi,Delhi,India,Delhi DSIIDC Industrial Estate Directory
del-ind-0939,Nangloi Industrial Area - Polymers Unit #44,plastic,28.67309,77.04607,"Plot No. 172, Nangloi Industrial Area, Delhi - 110058, Delhi, India",Delhi,Delhi,India,Delhi DSIIDC Industrial Estate Directory
del-ind-0940,Nangloi Industrial Area - Textile Mills Unit #45,textile,28.68231,77.05531,"Plot No. 355, Nangloi Industrial Area, Delhi - 110009, Delhi, India",Delhi,Delhi,India,Delhi DSIIDC Industrial Estate Directory
del-ind-0941,Nangloi Industrial Area - Wire Drawing Unit #46,manufacturing,28.67146,77.06394,"Plot No. 369, Nangloi Industrial Area, Delhi - 110001, Delhi, India",Delhi,Delhi,India,Delhi DSIIDC Industrial Estate Directory
del-ind-0942,Nangloi Industrial Area - Auto Accessories Unit #47,manufacturing,28.68446,77.05702,"Plot No. 215, Nangloi Industrial Area, Delhi - 110022, Delhi, India",Delhi,Delhi,India,Delhi DSIIDC Industrial Estate Directory
del-ind-0943,Nangloi Industrial Area - Detergents Unit #48,manufacturing,28.68349,77.05013,"Plot No. 194, Nangloi Industrial Area, Delhi - 110045, Delhi, India",Delhi,Delhi,India,Delhi DSIIDC Industrial Estate Directory
del-ind-0944,Nangloi Industrial Area - Polymers Unit #49,plastic,28.67521,77.05417,"Plot No. 246, Nangloi Industrial Area, Delhi - 110074, Delhi, India",Delhi,Delhi,India,Delhi DSIIDC Industrial Estate Directory
del-ind-0945,Nangloi Industrial Area - Textile Mills Unit #50,textile,28.6724,77.0472,"Plot No. 84, Nangloi Industrial Area, Delhi - 110058, Delhi, India",Delhi,Delhi,India,Delhi DSIIDC Industrial Estate Directory
del-ind-0946,Nangloi Industrial Area - Wire Drawing Unit #51,manufacturing,28.6889,77.06044,"Plot No. 151, Nangloi Industrial Area, Delhi - 110003, Delhi, India",Delhi,Delhi,India,Delhi DSIIDC Industrial Estate Directory
del-ind-0947,Nangloi Industrial Area - Auto Accessories Unit #52,manufacturing,28.67151,77.069,"Plot No. 38, Nangloi Industrial Area, Delhi - 110044, Delhi, India",Delhi,Delhi,India,Delhi DSIIDC Industrial Estate Directory
del-ind-0948,Nangloi Industrial Area - Detergents Unit #53,manufacturing,28.68094,77.06036,"Plot No. 375, Nangloi Industrial Area, Delhi - 110010, Delhi, India",Delhi,Delhi,India,Delhi DSIIDC Industrial Estate Directory
del-ind-0949,Nangloi Industrial Area - Polymers Unit #54,plastic,28.66512,77.05108,"Plot No. 48, Nangloi Industrial Area, Delhi - 110044, Delhi, India",Delhi,Delhi,India,Delhi DSIIDC Industrial Estate Directory
del-ind-0950,Nangloi Industrial Area - Textile Mills Unit #55,textile,28.67078,77.05016,"Plot No. 248, Nangloi Industrial Area, Delhi - 110091, Delhi, India",Delhi,Delhi,India,Delhi DSIIDC Industrial Estate Directory
del-ind-0951,Nangloi Industrial Area - Wire Drawing Unit #56,manufacturing,28.692,77.05791,"Plot No. 85, Nangloi Industrial Area, Delhi - 110078, Delhi, India",Delhi,Delhi,India,Delhi DSIIDC Industrial Estate Directory
del-ind-0952,Nangloi Industrial Area - Auto Accessories Unit #57,manufacturing,28.68083,77.05265,"Plot No. 52, Nangloi Industrial Area, Delhi - 110043, Delhi, India",Delhi,Delhi,India,Delhi DSIIDC Industrial Estate Directory
del-ind-0953,Nangloi Industrial Area - Detergents Unit #58,manufacturing,28.67913,77.05893,"Plot No. 357, Nangloi Industrial Area, Delhi - 110071, Delhi, India",Delhi,Delhi,India,Delhi DSIIDC Industrial Estate Directory
del-ind-0954,Nangloi Industrial Area - Polymers Unit #59,plastic,28.67622,77.04496,"Plot No. 136, Nangloi Industrial Area, Delhi - 110085, Delhi, India",Delhi,Delhi,India,Delhi DSIIDC Industrial Estate Directory
del-ind-0955,Nangloi Industrial Area - Textile Mills Unit #60,textile,28.67709,77.05955,"Plot No. 26, Nangloi Industrial Area, Delhi - 110051, Delhi, India",Delhi,Delhi,India,Delhi DSIIDC Industrial Estate Directory
del-ind-0956,Udyog Nagar Industrial Area - Footwear Parts Unit #1,textile,28.67225,77.08625,"Plot No. 79, Udyog Nagar Industrial Area, Delhi - 110007, Delhi, India",Delhi,Delhi,India,Delhi DSIIDC Industrial Estate Directory
del-ind-0957,Udyog Nagar Industrial Area - Rubber Belts Unit #2,plastic,28.67695,77.09365,"Plot No. 151, Udyog Nagar Industrial Area, Delhi - 110085, Delhi, India",Delhi,Delhi,India,Delhi DSIIDC Industrial Estate Directory
del-ind-0958,Udyog Nagar Industrial Area - Engineering Tools Unit #3,manufacturing,28.67636,77.08636,"Plot No. 50, Udyog Nagar Industrial Area, Delhi - 110004, Delhi, India",Delhi,Delhi,India,Delhi DSIIDC Industrial Estate Directory
del-ind-0959,Udyog Nagar Industrial Area - Corrugated Boxes Unit #4,manufacturing,28.68171,77.09618,"Plot No. 42, Udyog Nagar Industrial Area, Delhi - 110061, Delhi, India",Delhi,Delhi,India,Delhi DSIIDC Industrial Estate Directory
del-ind-0960,Udyog Nagar Industrial Area - Footwear Parts Unit #5,textile,28.68215,77.08679,"Plot No. 204, Udyog Nagar Industrial Area, Delhi - 110061, Delhi, India",Delhi,Delhi,India,Delhi DSIIDC Industrial Estate Directory
del-ind-0961,Udyog Nagar Industrial Area - Rubber Belts Unit #6,plastic,28.6734,77.09045,"Plot No. 47, Udyog Nagar Industrial Area, Delhi - 110083, Delhi, India",Delhi,Delhi,India,Delhi DSIIDC Industrial Estate Directory
del-ind-0962,Udyog Nagar Industrial Area - Engineering Tools Unit #7,manufacturing,28.67723,77.08921,"Plot No. 196, Udyog Nagar Industrial Area, Delhi - 110048, Delhi, India",Delhi,Delhi,India,Delhi DSIIDC Industrial Estate Directory
del-ind-0963,Udyog Nagar Industrial Area - Corrugated Boxes Unit #8,manufacturing,28.68053,77.09125,"Plot No. 226, Udyog Nagar Industrial Area, Delhi - 110060, Delhi, India",Delhi,Delhi,India,Delhi DSIIDC Industrial Estate Directory
del-ind-0964,Udyog Nagar Industrial Area - Footwear Parts Unit #9,textile,28.67928,77.09854,"Plot No. 289, Udyog Nagar Industrial Area, Delhi - 110008, Delhi, India",Delhi,Delhi,India,Delhi DSIIDC Industrial Estate Directory
del-ind-0965,Udyog Nagar Industrial Area - Rubber Belts Unit #10,plastic,28.68404,77.09565,"Plot No. 50, Udyog Nagar Industrial Area, Delhi - 110011, Delhi, India",Delhi,Delhi,India,Delhi DSIIDC Industrial Estate Directory
del-ind-0966,Udyog Nagar Industrial Area - Engineering Tools Unit #11,manufacturing,28.67598,77.08288,"Plot No. 212, Udyog Nagar Industrial Area, Delhi - 110076, Delhi, India",Delhi,Delhi,India,Delhi DSIIDC Industrial Estate Directory
del-ind-0967,Udyog Nagar Industrial Area - Corrugated Boxes Unit #12,manufacturing,28.68022,77.09158,"Plot No. 199, Udyog Nagar Industrial Area, Delhi - 110067, Delhi, India",Delhi,Delhi,India,Delhi DSIIDC Industrial Estate Directory
del-ind-0968,Udyog Nagar Industrial Area - Footwear Parts Unit #13,textile,28.67514,77.09273,"Plot No. 444, Udyog Nagar Industrial Area, Delhi - 110061, Delhi, India",Delhi,Delhi,India,Delhi DSIIDC Industrial Estate Directory
del-ind-0969,Udyog Nagar Industrial Area - Rubber Belts Unit #14,plastic,28.67704,77.08854,"Plot No. 154, Udyog Nagar Industrial Area, Delhi - 110011, Delhi, India",Delhi,Delhi,India,Delhi DSIIDC Industrial Estate Directory
del-ind-0970,Udyog Nagar Industrial Area - Engineering Tools Unit #15,manufacturing,28.67303,77.09542,"Plot No. 18, Udyog Nagar Industrial Area, Delhi - 110065, Delhi, India",Delhi,Delhi,India,Delhi DSIIDC Industrial Estate Directory
del-ind-0971,Udyog Nagar Industrial Area - Corrugated Boxes Unit #16,manufacturing,28.67511,77.08765,"Plot No. 293, Udyog Nagar Industrial Area, Delhi - 110087, Delhi, India",Delhi,Delhi,India,Delhi DSIIDC Industrial Estate Directory
del-ind-0972,Udyog Nagar Industrial Area - Footwear Parts Unit #17,textile,28.68253,77.08973,"Plot No. 388, Udyog Nagar Industrial Area, Delhi - 110058, Delhi, India",Delhi,Delhi,India,Delhi DSIIDC Industrial Estate Directory
del-ind-0973,Udyog Nagar Industrial Area - Rubber Belts Unit #18,plastic,28.68605,77.1,"Plot No. 109, Udyog Nagar Industrial Area, Delhi - 110025, Delhi, India",Delhi,Delhi,India,Delhi DSIIDC Industrial Estate Directory
del-ind-0974,Udyog Nagar Industrial Area - Engineering Tools Unit #19,manufacturing,28.68331,77.09336,"Plot No. 350, Udyog Nagar Industrial Area, Delhi - 110056, Delhi, India",Delhi,Delhi,India,Delhi DSIIDC Industrial Estate Directory
del-ind-0975,Udyog Nagar Industrial Area - Corrugated Boxes Unit #20,manufacturing,28.68249,77.09799,"Plot No. 76, Udyog Nagar Industrial Area, Delhi - 110077, Delhi, India",Delhi,Delhi,India,Delhi DSIIDC Industrial Estate Directory
del-ind-0976,Udyog Nagar Industrial Area - Footwear Parts Unit #21,textile,28.67951,77.09988,"Plot No. 414, Udyog Nagar Industrial Area, Delhi - 110009, Delhi, India",Delhi,Delhi,India,Delhi DSIIDC Industrial Estate Directory
del-ind-0977,Udyog Nagar Industrial Area - Rubber Belts Unit #22,plastic,28.6849,77.09298,"Plot No. 283, Udyog Nagar Industrial Area, Delhi - 110042, Delhi, India",Delhi,Delhi,India,Delhi DSIIDC Industrial Estate Directory
del-ind-0978,Udyog Nagar Industrial Area - Engineering Tools Unit #23,manufacturing,28.68338,77.08573,"Plot No. 448, Udyog Nagar Industrial Area, Delhi - 110002, Delhi, India",Delhi,Delhi,India,Delhi DSIIDC Industrial Estate Directory
del-ind-0979,Udyog Nagar Industrial Area - Corrugated Boxes Unit #24,manufacturing,28.68143,77.08388,"Plot No. 268, Udyog Nagar Industrial Area, Delhi - 110054, Delhi, India",Delhi,Delhi,India,Delhi DSIIDC Industrial Estate Directory
del-ind-0980,Udyog Nagar Industrial Area - Footwear Parts Unit #25,textile,28.68195,77.09166,"Plot No. 291, Udyog Nagar Industrial Area, Delhi - 110076, Delhi, India",Delhi,Delhi,India,Delhi DSIIDC Industrial Estate Directory
del-ind-0981,Udyog Nagar Industrial Area - Rubber Belts Unit #26,plastic,28.67,77.08422,"Plot No. 52, Udyog Nagar Industrial Area, Delhi - 110014, Delhi, India",Delhi,Delhi,India,Delhi DSIIDC Industrial Estate Directory
del-ind-0982,Udyog Nagar Industrial Area - Engineering Tools Unit #27,manufacturing,28.67808,77.0892,"Plot No. 147, Udyog Nagar Industrial Area, Delhi - 110069, Delhi, India",Delhi,Delhi,India,Delhi DSIIDC Industrial Estate Directory
del-ind-0983,Udyog Nagar Industrial Area - Corrugated Boxes Unit #28,manufacturing,28.68673,77.08369,"Plot No. 136, Udyog Nagar Industrial Area, Delhi - 110050, Delhi, India",Delhi,Delhi,India,Delhi DSIIDC Industrial Estate Directory
del-ind-0984,Udyog Nagar Industrial Area - Footwear Parts Unit #29,textile,28.6767,77.08516,"Plot No. 243, Udyog Nagar Industrial Area, Delhi - 110005, Delhi, India",Delhi,Delhi,India,Delhi DSIIDC Industrial Estate Directory
del-ind-0985,Udyog Nagar Industrial Area - Rubber Belts Unit #30,plastic,28.68215,77.09404,"Plot No. 317, Udyog Nagar Industrial Area, Delhi - 110078, Delhi, India",Delhi,Delhi,India,Delhi DSIIDC Industrial Estate Directory
del-ind-0986,Udyog Nagar Industrial Area - Engineering Tools Unit #31,manufacturing,28.67808,77.08586,"Plot No. 203, Udyog Nagar Industrial Area, Delhi - 110043, Delhi, India",Delhi,Delhi,India,Delhi DSIIDC Industrial Estate Directory
del-ind-0987,Udyog Nagar Industrial Area - Corrugated Boxes Unit #32,manufacturing,28.67948,77.08867,"Plot No. 244, Udyog Nagar Industrial Area, Delhi - 110035, Delhi, India",Delhi,Delhi,India,Delhi DSIIDC Industrial Estate Directory
del-ind-0988,Udyog Nagar Industrial Area - Footwear Parts Unit #33,textile,28.68073,77.08945,"Plot No. 419, Udyog Nagar Industrial Area, Delhi - 110039, Delhi, India",Delhi,Delhi,India,Delhi DSIIDC Industrial Estate Directory
del-ind-0989,Udyog Nagar Industrial Area - Rubber Belts Unit #34,plastic,28.67677,77.09803,"Plot No. 440, Udyog Nagar Industrial Area, Delhi - 110090, Delhi, India",Delhi,Delhi,India,Delhi DSIIDC Industrial Estate Directory
del-ind-0990,Udyog Nagar Industrial Area - Engineering Tools Unit #35,manufacturing,28.6752,77.08,"Plot No. 117, Udyog Nagar Industrial Area, Delhi - 110018, Delhi, India",Delhi,Delhi,India,Delhi DSIIDC Industrial Estate Directory
del-ind-0991,Udyog Nagar Industrial Area - Corrugated Boxes Unit #36,manufacturing,28.67768,77.09706,"Plot No. 397, Udyog Nagar Industrial Area, Delhi - 110042, Delhi, India",Delhi,Delhi,India,Delhi DSIIDC Industrial Estate Directory
del-ind-0992,Udyog Nagar Industrial Area - Footwear Parts Unit #37,textile,28.67943,77.09464,"Plot No. 331, Udyog Nagar Industrial Area, Delhi - 110012, Delhi, India",Delhi,Delhi,India,Delhi DSIIDC Industrial Estate Directory
del-ind-0993,Udyog Nagar Industrial Area - Rubber Belts Unit #38,plastic,28.68118,77.09287,"Plot No. 422, Udyog Nagar Industrial Area, Delhi - 110053, Delhi, India",Delhi,Delhi,India,Delhi DSIIDC Industrial Estate Directory
del-ind-0994,Udyog Nagar Industrial Area - Engineering Tools Unit #39,manufacturing,28.67957,77.08242,"Plot No. 445, Udyog Nagar Industrial Area, Delhi - 110048, Delhi, India",Delhi,Delhi,India,Delhi DSIIDC Industrial Estate Directory
del-ind-0995,Udyog Nagar Industrial Area - Corrugated Boxes Unit #40,manufacturing,28.68234,77.08511,"Plot No. 82, Udyog Nagar Industrial Area, Delhi - 110009, Delhi, India",Delhi,Delhi,India,Delhi DSIIDC Industrial Estate Directory
del-ind-0996,Udyog Nagar Industrial Area - Footwear Parts Unit #41,textile,28.678,77.09496,"Plot No. 70, Udyog Nagar Industrial Area, Delhi - 110068, Delhi, India",Delhi,Delhi,India,Delhi DSIIDC Industrial Estate Directory
del-ind-0997,Udyog Nagar Industrial Area - Rubber Belts Unit #42,plastic,28.68079,77.08925,"Plot No. 99, Udyog Nagar Industrial Area, Delhi - 110026, Delhi, India",Delhi,Delhi,India,Delhi DSIIDC Industrial Estate Directory
del-ind-0998,Udyog Nagar Industrial Area - Engineering Tools Unit #43,manufacturing,28.68177,77.08709,"Plot No. 234, Udyog Nagar Industrial Area, Delhi - 110007, Delhi, India",Delhi,Delhi,India,Delhi DSIIDC Industrial Estate Directory
del-ind-0999,Udyog Nagar Industrial Area - Corrugated Boxes Unit #44,manufacturing,28.68612,77.08654,"Plot No. 141, Udyog Nagar Industrial Area, Delhi - 110048, Delhi, India",Delhi,Delhi,India,Delhi DSIIDC Industrial Estate Directory
del-ind-1000,Udyog Nagar Industrial Area - Footwear Parts Unit #45,textile,28.68238,77.08522,"Plot No. 326, Udyog Nagar Industrial Area, Delhi - 110016, Delhi, India",Delhi,Delhi,India,Delhi DSIIDC Industrial Estate Directory
del-ind-1001,Najafgarh Industrial Zone - Stone Crushing Units Unit #1,manufacturing,28.60919,76.97892,"Plot No. 251, Najafgarh Industrial Zone, Delhi - 110077, Delhi, India",Delhi,Delhi,India,Delhi DSIIDC Industrial Estate Directory
del-ind-1002,Najafgarh Industrial Zone - Grain Processing Unit #2,manufacturing,28.592,76.9926,"Plot No. 243, Najafgarh Industrial Zone, Delhi - 110076, Delhi, India",Delhi,Delhi,India,Delhi DSIIDC Industrial Estate Directory
del-ind-1003,Najafgarh Industrial Zone - Ready-Mix Concrete Unit #3,manufacturing,28.60416,76.98238,"Plot No. 429, Najafgarh Industrial Zone, Delhi - 110034, Delhi, India",Delhi,Delhi,India,Delhi DSIIDC Industrial Estate Directory
del-ind-1004,Najafgarh Industrial Zone - Metal Works Unit #4,metal,28.61191,76.97125,"Plot No. 146, Najafgarh Industrial Zone, Delhi - 110004, Delhi, India",Delhi,Delhi,India,Delhi DSIIDC Industrial Estate Directory
del-ind-1005,Najafgarh Industrial Zone - Chemical Warehousing Unit #5,chemical,28.60794,76.98851,"Plot No. 293, Najafgarh Industrial Zone, Delhi - 110028, Delhi, India",Delhi,Delhi,India,Delhi DSIIDC Industrial Estate Directory
del-ind-1006,Najafgarh Industrial Zone - Stone Crushing Units Unit #6,manufacturing,28.6201,76.97484,"Plot No. 347, Najafgarh Industrial Zone, Delhi - 110027, Delhi, India",Delhi,Delhi,India,Delhi DSIIDC Industrial Estate Directory
del-ind-1007,Najafgarh Industrial Zone - Grain Processing Unit #7,manufacturing,28.61089,76.99417,"Plot No. 11, Najafgarh Industrial Zone, Delhi - 110088, Delhi, India",Delhi,Delhi,India,Delhi DSIIDC Industrial Estate Directory
del-ind-1008,Najafgarh Industrial Zone - Ready-Mix Concrete Unit #8,manufacturing,28.63179,76.98611,"Plot No. 332, Najafgarh Industrial Zone, Delhi - 110023, Delhi, India",Delhi,Delhi,India,Delhi DSIIDC Industrial Estate Directory
del-ind-1009,Najafgarh Industrial Zone - Metal Works Unit #9,metal,28.61106,76.9843,"Plot No. 130, Najafgarh Industrial Zone, Delhi - 110078, Delhi, India",Delhi,Delhi,India,Delhi DSIIDC Industrial Estate Directory
del-ind-1010,Najafgarh Industrial Zone - Chemical Warehousing Unit #10,chemical,28.61461,76.97777,"Plot No. 364, Najafgarh Industrial Zone, Delhi - 110083, Delhi, India",Delhi,Delhi,India,Delhi DSIIDC Industrial Estate Directory
del-ind-1011,Najafgarh Industrial Zone - Stone Crushing Units Unit #11,manufacturing,28.60896,77.00388,"Plot No. 437, Najafgarh Industrial Zone, Delhi - 110045, Delhi, India",Delhi,Delhi,India,Delhi DSIIDC Industrial Estate Directory
del-ind-1012,Najafgarh Industrial Zone - Grain Processing Unit #12,manufacturing,28.60589,76.98661,"Plot No. 155, Najafgarh Industrial Zone, Delhi - 110087, Delhi, India",Delhi,Delhi,India,Delhi DSIIDC Industrial Estate Directory
del-ind-1013,Najafgarh Industrial Zone - Ready-Mix Concrete Unit #13,manufacturing,28.59952,76.98337,"Plot No. 300, Najafgarh Industrial Zone, Delhi - 110014, Delhi, India",Delhi,Delhi,India,Delhi DSIIDC Industrial Estate Directory
del-ind-1014,Najafgarh Industrial Zone - Metal Works Unit #14,metal,28.632,76.98661,"Plot No. 432, Najafgarh Industrial Zone, Delhi - 110048, Delhi, India",Delhi,Delhi,India,Delhi DSIIDC Industrial Estate Directory
del-ind-1015,Najafgarh Industrial Zone - Chemical Warehousing Unit #15,chemical,28.60081,76.98045,"Plot No. 145, Najafgarh Industrial Zone, Delhi - 110039, Delhi, India",Delhi,Delhi,India,Delhi DSIIDC Industrial Estate Directory
del-ind-1016,Najafgarh Industrial Zone - Stone Crushing Units Unit #16,manufacturing,28.60787,76.97555,"Plot No. 173, Najafgarh Industrial Zone, Delhi - 110036, Delhi, India",Delhi,Delhi,India,Delhi DSIIDC Industrial Estate Directory
del-ind-1017,Najafgarh Industrial Zone - Grain Processing Unit #17,manufacturing,28.60064,76.97117,"Plot No. 134, Najafgarh Industrial Zone, Delhi - 110084, Delhi, India",Delhi,Delhi,India,Delhi DSIIDC Industrial Estate Directory
del-ind-1018,Najafgarh Industrial Zone - Ready-Mix Concrete Unit #18,manufacturing,28.6074,76.96656,"Plot No. 153, Najafgarh Industrial Zone, Delhi - 110025, Delhi, India",Delhi,Delhi,India,Delhi DSIIDC Industrial Estate Directory
del-ind-1019,Najafgarh Industrial Zone - Metal Works Unit #19,metal,28.62101,76.9974,"Plot No. 30, Najafgarh Industrial Zone, Delhi - 110077, Delhi, India",Delhi,Delhi,India,Delhi DSIIDC Industrial Estate Directory
del-ind-1020,Najafgarh Industrial Zone - Chemical Warehousing Unit #20,chemical,28.60549,76.98948,"Plot No. 72, Najafgarh Industrial Zone, Delhi - 110093, Delhi, India",Delhi,Delhi,India,Delhi DSIIDC Industrial Estate Directory
del-ind-1021,Najafgarh Industrial Zone - Stone Crushing Units Unit #21,manufacturing,28.62242,76.98668,"Plot No. 152, Najafgarh Industrial Zone, Delhi - 110034, Delhi, India",Delhi,Delhi,India,Delhi DSIIDC Industrial Estate Directory
del-ind-1022,Najafgarh Industrial Zone - Grain Processing Unit #22,manufacturing,28.61964,76.97994,"Plot No. 378, Najafgarh Industrial Zone, Delhi - 110005, Delhi, India",Delhi,Delhi,India,Delhi DSIIDC Industrial Estate Directory
del-ind-1023,Najafgarh Industrial Zone - Ready-Mix Concrete Unit #23,manufacturing,28.592,76.97047,"Plot No. 418, Najafgarh Industrial Zone, Delhi - 110025, Delhi, India",Delhi,Delhi,India,Delhi DSIIDC Industrial Estate Directory
del-ind-1024,Najafgarh Industrial Zone - Metal Works Unit #24,metal,28.60414,76.99686,"Plot No. 352, Najafgarh Industrial Zone, Delhi - 110069, Delhi, India",Delhi,Delhi,India,Delhi DSIIDC Industrial Estate Directory
del-ind-1025,Najafgarh Industrial Zone - Chemical Warehousing Unit #25,chemical,28.6054,76.97719,"Plot No. 344, Najafgarh Industrial Zone, Delhi - 110046, Delhi, India",Delhi,Delhi,India,Delhi DSIIDC Industrial Estate Directory
del-ind-1026,Najafgarh Industrial Zone - Stone Crushing Units Unit #26,manufacturing,28.59463,76.9842,"Plot No. 431, Najafgarh Industrial Zone, Delhi - 110085, Delhi, India",Delhi,Delhi,India,Delhi DSIIDC Industrial Estate Directory
del-ind-1027,Najafgarh Industrial Zone - Grain Processing Unit #27,manufacturing,28.61606,76.98101,"Plot No. 50, Najafgarh Industrial Zone, Delhi - 110061, Delhi, India",Delhi,Delhi,India,Delhi DSIIDC Industrial Estate Directory
del-ind-1028,Najafgarh Industrial Zone - Ready-Mix Concrete Unit #28,manufacturing,28.61683,76.99001,"Plot No. 414, Najafgarh Industrial Zone, Delhi - 110072, Delhi, India",Delhi,Delhi,India,Delhi DSIIDC Industrial Estate Directory
del-ind-1029,Najafgarh Industrial Zone - Metal Works Unit #29,metal,28.61246,76.9793,"Plot No. 349, Najafgarh Industrial Zone, Delhi - 110043, Delhi, India",Delhi,Delhi,India,Delhi DSIIDC Industrial Estate Directory
del-ind-1030,Najafgarh Industrial Zone - Chemical Warehousing Unit #30,chemical,28.60839,76.97974,"Plot No. 115, Najafgarh Industrial Zone, Delhi - 110096, Delhi, India",Delhi,Delhi,India,Delhi DSIIDC Industrial Estate Directory
del-ind-1031,Najafgarh Industrial Zone - Stone Crushing Units Unit #31,manufacturing,28.6185,76.97821,"Plot No. 170, Najafgarh Industrial Zone, Delhi - 110048, Delhi, India",Delhi,Delhi,India,Delhi DSIIDC Industrial Estate Directory
del-ind-1032,Najafgarh Industrial Zone - Grain Processing Unit #32,manufacturing,28.6115,76.99249,"Plot No. 436, Najafgarh Industrial Zone, Delhi - 110016, Delhi, India",Delhi,Delhi,India,Delhi DSIIDC Industrial Estate Directory
del-ind-1033,Najafgarh Industrial Zone - Ready-Mix Concrete Unit #33,manufacturing,28.59425,76.98832,"Plot No. 299, Najafgarh Industrial Zone, Delhi - 110075, Delhi, India",Delhi,Delhi,India,Delhi DSIIDC Industrial Estate Directory
del-ind-1034,Najafgarh Industrial Zone - Metal Works Unit #34,metal,28.61525,76.98381,"Plot No. 100, Najafgarh Industrial Zone, Delhi - 110065, Delhi, India",Delhi,Delhi,India,Delhi DSIIDC Industrial Estate Directory
del-ind-1035,Najafgarh Industrial Zone - Chemical Warehousing Unit #35,chemical,28.62192,76.9943,"Plot No. 272, Najafgarh Industrial Zone, Delhi - 110039, Delhi, India",Delhi,Delhi,India,Delhi DSIIDC Industrial Estate Directory
del-ind-1036,Najafgarh Industrial Zone - Stone Crushing Units Unit #36,manufacturing,28.59644,76.99446,"Plot No. 78, Najafgarh Industrial Zone, Delhi - 110018, Delhi, India",Delhi,Delhi,India,Delhi DSIIDC Industrial Estate Directory
del-ind-1037,Najafgarh Industrial Zone - Grain Processing Unit #37,manufacturing,28.62023,76.9846,"Plot No. 292, Najafgarh Industrial Zone, Delhi - 110059, Delhi, India",Delhi,Delhi,India,Delhi DSIIDC Industrial Estate Directory
del-ind-1038,Najafgarh Industrial Zone - Ready-Mix Concrete Unit #38,manufacturing,28.62314,76.99904,"Plot No. 93, Najafgarh Industrial Zone, Delhi - 110011, Delhi, India",Delhi,Delhi,India,Delhi DSIIDC Industrial Estate Directory
del-ind-1039,Najafgarh Industrial Zone - Metal Works Unit #39,metal,28.59933,76.98599,"Plot No. 91, Najafgarh Industrial Zone, Delhi - 110041, Delhi, India",Delhi,Delhi,India,Delhi DSIIDC Industrial Estate Directory
del-ind-1040,Najafgarh Industrial Zone - Chemical Warehousing Unit #40,chemical,28.61142,76.98435,"Plot No. 141, Najafgarh Industrial Zone, Delhi - 110027, Delhi, India",Delhi,Delhi,India,Delhi DSIIDC Industrial Estate Directory
del-ind-1041,Najafgarh Industrial Zone - Stone Crushing Units Unit #41,manufacturing,28.61238,76.97954,"Plot No. 392, Najafgarh Industrial Zone, Delhi - 110021, Delhi, India",Delhi,Delhi,India,Delhi DSIIDC Industrial Estate Directory
del-ind-1042,Najafgarh Industrial Zone - Grain Processing Unit #42,manufacturing,28.59675,76.986,"Plot No. 46, Najafgarh Industrial Zone, Delhi - 110017, Delhi, India",Delhi,Delhi,India,Delhi DSIIDC Industrial Estate Directory
del-ind-1043,Najafgarh Industrial Zone - Ready-Mix Concrete Unit #43,manufacturing,28.60241,76.9766,"Plot No. 207, Najafgarh Industrial Zone, Delhi - 110055, Delhi, India",Delhi,Delhi,India,Delhi DSIIDC Industrial Estate Directory
del-ind-1044,Najafgarh Industrial Zone - Metal Works Unit #44,metal,28.62064,76.98309,"Plot No. 20, Najafgarh Industrial Zone, Delhi - 110069, Delhi, India",Delhi,Delhi,India,Delhi DSIIDC Industrial Estate Directory
del-ind-1045,Najafgarh Industrial Zone - Chemical Warehousing Unit #45,chemical,28.61472,76.99326,"Plot No. 8, Najafgarh Industrial Zone, Delhi - 110042, Delhi, India",Delhi,Delhi,India,Delhi DSIIDC Industrial Estate Directory
del-ind-1046,Najafgarh Industrial Zone - Stone Crushing Units Unit #46,manufacturing,28.61248,76.97393,"Plot No. 10, Najafgarh Industrial Zone, Delhi - 110087, Delhi, India",Delhi,Delhi,India,Delhi DSIIDC Industrial Estate Directory
del-ind-1047,Najafgarh Industrial Zone - Grain Processing Unit #47,manufacturing,28.62663,76.98538,"Plot No. 116, Najafgarh Industrial Zone, Delhi - 110089, Delhi, India",Delhi,Delhi,India,Delhi DSIIDC Industrial Estate Directory
del-ind-1048,Najafgarh Industrial Zone - Ready-Mix Concrete Unit #48,manufacturing,28.61757,76.97956,"Plot No. 53, Najafgarh Industrial Zone, Delhi - 110050, Delhi, India",Delhi,Delhi,India,Delhi DSIIDC Industrial Estate Directory
del-ind-1049,Najafgarh Industrial Zone - Metal Works Unit #49,metal,28.60431,76.98484,"Plot No. 34, Najafgarh Industrial Zone, Delhi - 110006, Delhi, India",Delhi,Delhi,India,Delhi DSIIDC Industrial Estate Directory
del-ind-1050,Najafgarh Industrial Zone - Chemical Warehousing Unit #50,chemical,28.60977,76.99212,"Plot No. 373, Najafgarh Industrial Zone, Delhi - 110067, Delhi, India",Delhi,Delhi,India,Delhi DSIIDC Industrial Estate Directory
del-ind-1051,Najafgarh Industrial Zone - Stone Crushing Units Unit #51,manufacturing,28.60528,76.98035,"Plot No. 352, Najafgarh Industrial Zone, Delhi - 110018, Delhi, India",Delhi,Delhi,India,Delhi DSIIDC Industrial Estate Directory
del-ind-1052,Najafgarh Industrial Zone - Grain Processing Unit #52,manufacturing,28.60134,77.00118,"Plot No. 184, Najafgarh Industrial Zone, Delhi - 110025, Delhi, India",Delhi,Delhi,India,Delhi DSIIDC Industrial Estate Directory
del-ind-1053,Najafgarh Industrial Zone - Ready-Mix Concrete Unit #53,manufacturing,28.622,77.00187,"Plot No. 416, Najafgarh Industrial Zone, Delhi - 110052, Delhi, India",Delhi,Delhi,India,Delhi DSIIDC Industrial Estate Directory
del-ind-1054,Najafgarh Industrial Zone - Metal Works Unit #54,metal,28.61837,76.98577,"Plot No. 68, Najafgarh Industrial Zone, Delhi - 110028, Delhi, India",Delhi,Delhi,India,Delhi DSIIDC Industrial Estate Directory
del-ind-1055,Najafgarh Industrial Zone - Chemical Warehousing Unit #55,chemical,28.6108,76.97305,"Plot No. 87, Najafgarh Industrial Zone, Delhi - 110016, Delhi, India",Delhi,Delhi,India,Delhi DSIIDC Industrial Estate Directory
del-ind-1056,Nilothi Industrial Area - Plastic Granules Unit #1,plastic,28.65364,77.06985,"Plot No. 20, Nilothi Industrial Area, Delhi - 110049, Delhi, India",Delhi,Delhi,India,Delhi DSIIDC Industrial Estate Directory
del-ind-1057,Nilothi Industrial Area - Dyeing Unit #2,textile,28.66047,77.06258,"Plot No. 274, Nilothi Industrial Area, Delhi - 110080, Delhi, India",Delhi,Delhi,India,Delhi DSIIDC Industrial Estate Directory
del-ind-1058,Nilothi Industrial Area - Hardware Unit #3,manufacturing,28.668,77.06938,"Plot No. 339, Nilothi Industrial Area, Delhi - 110014, Delhi, India",Delhi,Delhi,India,Delhi DSIIDC Industrial Estate Directory
del-ind-1059,Nilothi Industrial Area - Packaging Materials Unit #4,manufacturing,28.65749,77.06426,"Plot No. 354, Nilothi Industrial Area, Delhi - 110015, Delhi, India",Delhi,Delhi,India,Delhi DSIIDC Industrial Estate Directory
del-ind-1060,Nilothi Industrial Area - Plastic Granules Unit #5,plastic,28.65419,77.0672,"Plot No. 281, Nilothi Industrial Area, Delhi - 110033, Delhi, India",Delhi,Delhi,India,Delhi DSIIDC Industrial Estate Directory
del-ind-1061,Nilothi Industrial Area - Dyeing Unit #6,textile,28.65544,77.06542,"Plot No. 356, Nilothi Industrial Area, Delhi - 110088, Delhi, India",Delhi,Delhi,India,Delhi DSIIDC Industrial Estate Directory
del-ind-1062,Nilothi Industrial Area - Hardware Unit #7,manufacturing,28.6554,77.06222,"Plot No. 339, Nilothi Industrial Area, Delhi - 110013, Delhi, India",Delhi,Delhi,India,Delhi DSIIDC Industrial Estate Directory
del-ind-1063,Nilothi Industrial Area - Packaging Materials Unit #8,manufacturing,28.65613,77.06196,"Plot No. 311, Nilothi Industrial Area, Delhi - 110090, Delhi, India",Delhi,Delhi,India,Delhi DSIIDC Industrial Estate Directory
del-ind-1064,Nilothi Industrial Area - Plastic Granules Unit #9,plastic,28.66352,77.07144,"Plot No. 54, Nilothi Industrial Area, Delhi - 110066, Delhi, India",Delhi,Delhi,India,Delhi DSIIDC Industrial Estate Directory
del-ind-1065,Nilothi Industrial Area - Dyeing Unit #10,textile,28.65756,77.06279,"Plot No. 59, Nilothi Industrial Area, Delhi - 110014, Delhi, India",Delhi,Delhi,India,Delhi DSIIDC Industrial Estate Directory
del-ind-1066,Nilothi Industrial Area - Hardware Unit #11,manufacturing,28.65183,77.06509,"Plot No. 399, Nilothi Industrial Area, Delhi - 110034, Delhi, India",Delhi,Delhi,India,Delhi DSIIDC Industrial Estate Directory
del-ind-1067,Nilothi Industrial Area - Packaging Materials Unit #12,manufacturing,28.66393,77.055,"Plot No. 184, Nilothi Industrial Area, Delhi - 110091, Delhi, India",Delhi,Delhi,India,Delhi DSIIDC Industrial Estate Directory
del-ind-1068,Nilothi Industrial Area - Plastic Granules Unit #13,plastic,28.65576,77.06643,"Plot No. 281, Nilothi Industrial Area, Delhi - 110064, Delhi, India",Delhi,Delhi,India,Delhi DSIIDC Industrial Estate Directory
del-ind-1069,Nilothi Industrial Area - Dyeing Unit #14,textile,28.66381,77.06133,"Plot No. 247, Nilothi Industrial Area, Delhi - 110043, Delhi, India",Delhi,Delhi,India,Delhi DSIIDC Industrial Estate Directory
del-ind-1070,Nilothi Industrial Area - Hardware Unit #15,manufacturing,28.65807,77.06572,"Plot No. 46, Nilothi Industrial Area, Delhi - 110015, Delhi, India",Delhi,Delhi,India,Delhi DSIIDC Industrial Estate Directory
del-ind-1071,Nilothi Industrial Area - Packaging Materials Unit #16,manufacturing,28.66141,77.05925,"Plot No. 77, Nilothi Industrial Area, Delhi - 110012, Delhi, India",Delhi,Delhi,India,Delhi DSIIDC Industrial Estate Directory
del-ind-1072,Nilothi Industrial Area - Plastic Granules Unit #17,plastic,28.65833,77.06325,"Plot No. 371, Nilothi Industrial Area, Delhi - 110013, Delhi, India",Delhi,Delhi,India,Delhi DSIIDC Industrial Estate Directory
del-ind-1073,Nilothi Industrial Area - Dyeing Unit #18,textile,28.66335,77.06136,"Plot No. 234, Nilothi Industrial Area, Delhi - 110038, Delhi, India",Delhi,Delhi,India,Delhi DSIIDC Industrial Estate Directory
del-ind-1074,Nilothi Industrial Area - Hardware Unit #19,manufacturing,28.65787,77.06644,"Plot No. 417, Nilothi Industrial Area, Delhi - 110023, Delhi, India",Delhi,Delhi,India,Delhi DSIIDC Industrial Estate Directory
del-ind-1075,Nilothi Industrial Area - Packaging Materials Unit #20,manufacturing,28.66419,77.05874,"Plot No. 185, Nilothi Industrial Area, Delhi - 110087, Delhi, India",Delhi,Delhi,India,Delhi DSIIDC Industrial Estate Directory
del-ind-1076,Nilothi Industrial Area - Plastic Granules Unit #21,plastic,28.65517,77.07181,"Plot No. 49, Nilothi Industrial Area, Delhi - 110006, Delhi, India",Delhi,Delhi,India,Delhi DSIIDC Industrial Estate Directory
del-ind-1077,Nilothi Industrial Area - Dyeing Unit #22,textile,28.66045,77.06515,"Plot No. 332, Nilothi Industrial Area, Delhi - 110022, Delhi, India",Delhi,Delhi,India,Delhi DSIIDC Industrial Estate Directory
del-ind-1078,Nilothi Industrial Area - Hardware Unit #23,manufacturing,28.65347,77.0734,"Plot No. 319, Nilothi Industrial Area, Delhi - 110035, Delhi, India",Delhi,Delhi,India,Delhi DSIIDC Industrial Estate Directory
del-ind-1079,Nilothi Industrial Area - Packaging Materials Unit #24,manufacturing,28.65944,77.06363,"Plot No. 418, Nilothi Industrial Area, Delhi - 110044, Delhi, India",Delhi,Delhi,India,Delhi DSIIDC Industrial Estate Directory
del-ind-1080,Nilothi Industrial Area - Plastic Granules Unit #25,plastic,28.65986,77.06916,"Plot No. 234, Nilothi Industrial Area, Delhi - 110035, Delhi, India",Delhi,Delhi,India,Delhi DSIIDC Industrial Estate Directory
del-ind-1081,Nilothi Industrial Area - Dyeing Unit #26,textile,28.66153,77.05909,"Plot No. 245, Nilothi Industrial Area, Delhi - 110054, Delhi, India",Delhi,Delhi,India,Delhi DSIIDC Industrial Estate Directory
del-ind-1082,Nilothi Industrial Area - Hardware Unit #27,manufacturing,28.65323,77.05853,"Plot No. 58, Nilothi Industrial Area, Delhi - 110017, Delhi, India",Delhi,Delhi,India,Delhi DSIIDC Industrial Estate Directory
del-ind-1083,Nilothi Industrial Area - Packaging Materials Unit #28,manufacturing,28.65748,77.06352,"Plot No. 433, Nilothi Industrial Area, Delhi - 110021, Delhi, India",Delhi,Delhi,India,Delhi DSIIDC Industrial Estate Directory
del-ind-1084,Nilothi Industrial Area - Plastic Granules Unit #29,plastic,28.66587,77.07101,"Plot No. 248, Nilothi Industrial Area, Delhi - 110073, Delhi, India",Delhi,Delhi,India,Delhi DSIIDC Industrial Estate Directory
del-ind-1085,Nilothi Industrial Area - Dyeing Unit #30,textile,28.65676,77.06244,"Plot No. 195, Nilothi Industrial Area, Delhi - 110046, Delhi, India",Delhi,Delhi,India,Delhi DSIIDC Industrial Estate Directory
del-ind-1086,Nilothi Industrial Area - Hardware Unit #31,manufacturing,28.65114,77.05923,"Plot No. 430, Nilothi Industrial Area, Delhi - 110094, Delhi, India",Delhi,Delhi,India,Delhi DSIIDC Industrial Estate Directory
del-ind-1087,Nilothi Industrial Area - Packaging Materials Unit #32,manufacturing,28.66035,77.0646,"Plot No. 250, Nilothi Industrial Area, Delhi - 110015, Delhi, India",Delhi,Delhi,India,Delhi DSIIDC Industrial Estate Directory
del-ind-1088,Nilothi Industrial Area - Plastic Granules Unit #33,plastic,28.66169,77.06185,"Plot No. 33, Nilothi Industrial Area, Delhi - 110034, Delhi, India",Delhi,Delhi,India,Delhi DSIIDC Industrial Estate Directory
del-ind-1089,Nilothi Industrial Area - Dyeing Unit #34,textile,28.6576,77.06441,"Plot No. 445, Nilothi Industrial Area, Delhi - 110087, Delhi, India",Delhi,Delhi,India,Delhi DSIIDC Industrial Estate Directory
del-ind-1090,Nilothi Industrial Area - Hardware Unit #35,manufacturing,28.65067,77.06385,"Plot No. 371, Nilothi Industrial Area, Delhi - 110073, Delhi, India",Delhi,Delhi,India,Delhi DSIIDC Industrial Estate Directory
del-ind-1091,Anand Parbat Industrial Area - Electroplating Unit #1,manufacturing,28.66719,77.184,"Plot No. 448, Anand Parbat Industrial Area, Delhi - 110044, Delhi, India",Delhi,Delhi,India,Delhi DSIIDC Industrial Estate Directory
del-ind-1092,Anand Parbat Industrial Area - Automotive Springs Unit #2,manufacturing,28.65681,77.17101,"Plot No. 317, Anand Parbat Industrial Area, Delhi - 110013, Delhi, India",Delhi,Delhi,India,Delhi DSIIDC Industrial Estate Directory
del-ind-1093,Anand Parbat Industrial Area - Machine Tools Unit #3,manufacturing,28.65707,77.17556,"Plot No. 247, Anand Parbat Industrial Area, Delhi - 110045, Delhi, India",Delhi,Delhi,India,Delhi DSIIDC Industrial Estate Directory
del-ind-1094,Anand Parbat Industrial Area - Brass Casting Unit #4,metal,28.66101,77.16538,"Plot No. 77, Anand Parbat Industrial Area, Delhi - 110072, Delhi, India",Delhi,Delhi,India,Delhi DSIIDC Industrial Estate Directory
del-ind-1095,Anand Parbat Industrial Area - Electrical Components Unit #5,manufacturing,28.67079,77.16733,"Plot No. 6, Anand Parbat Industrial Area, Delhi - 110083, Delhi, India",Delhi,Delhi,India,Delhi DSIIDC Industrial Estate Directory
del-ind-1096,Anand Parbat Industrial Area - Electroplating Unit #6,manufacturing,28.67087,77.16943,"Plot No. 241, Anand Parbat Industrial Area, Delhi - 110064, Delhi, India",Delhi,Delhi,India,Delhi DSIIDC Industrial Estate Directory
del-ind-1097,Anand Parbat Industrial Area - Automotive Springs Unit #7,manufacturing,28.66645,77.17044,"Plot No. 252, Anand Parbat Industrial Area, Delhi - 110042, Delhi, India",Delhi,Delhi,India,Delhi DSIIDC Industrial Estate Directory
del-ind-1098,Anand Parbat Industrial Area - Machine Tools Unit #8,manufacturing,28.66582,77.184,"Plot No. 26, Anand Parbat Industrial Area, Delhi - 110065, Delhi, India",Delhi,Delhi,India,Delhi DSIIDC Industrial Estate Directory
del-ind-1099,Anand Parbat Industrial Area - Brass Casting Unit #9,metal,28.66632,77.17964,"Plot No. 207, Anand Parbat Industrial Area, Delhi - 110031, Delhi, India",Delhi,Delhi,India,Delhi DSIIDC Industrial Estate Directory
del-ind-1100,Anand Parbat Industrial Area - Electrical Components Unit #10,manufacturing,28.67015,77.17478,"Plot No. 294, Anand Parbat Industrial Area, Delhi - 110058, Delhi, India",Delhi,Delhi,India,Delhi DSIIDC Industrial Estate Directory
del-ind-1101,Anand Parbat Industrial Area - Electroplating Unit #11,manufacturing,28.6704,77.17533,"Plot No. 162, Anand Parbat Industrial Area, Delhi - 110016, Delhi, India",Delhi,Delhi,India,Delhi DSIIDC Industrial Estate Directory
del-ind-1102,Anand Parbat Industrial Area - Automotive Springs Unit #12,manufacturing,28.67386,77.17092,"Plot No. 10, Anand Parbat Industrial Area, Delhi - 110014, Delhi, India",Delhi,Delhi,India,Delhi DSIIDC Industrial Estate Directory
del-ind-1103,Anand Parbat Industrial Area - Machine Tools Unit #13,manufacturing,28.6638,77.17283,"Plot No. 282, Anand Parbat Industrial Area, Delhi - 110001, Delhi, India",Delhi,Delhi,India,Delhi DSIIDC Industrial Estate Directory
del-ind-1104,Anand Parbat Industrial Area - Brass Casting Unit #14,metal,28.66939,77.1635,"Plot No. 317, Anand Parbat Industrial Area, Delhi - 110082, Delhi, India",Delhi,Delhi,India,Delhi DSIIDC Industrial Estate Directory
del-ind-1105,Anand Parbat Industrial Area - Electrical Components Unit #15,manufacturing,28.66284,77.17806,"Plot No. 106, Anand Parbat Industrial Area, Delhi - 110084, Delhi, India",Delhi,Delhi,India,Delhi DSIIDC Industrial Estate Directory
del-ind-1106,Anand Parbat Industrial Area - Electroplating Unit #16,manufacturing,28.65873,77.16034,"Plot No. 187, Anand Parbat Industrial Area, Delhi - 110007, Delhi, India",Delhi,Delhi,India,Delhi DSIIDC Industrial Estate Directory
del-ind-1107,Anand Parbat Industrial Area - Automotive Springs Unit #17,manufacturing,28.66923,77.16248,"Plot No. 170, Anand Parbat Industrial Area, Delhi - 110072, Delhi, India",Delhi,Delhi,India,Delhi DSIIDC Industrial Estate Directory
del-ind-1108,Anand Parbat Industrial Area - Machine Tools Unit #18,manufacturing,28.6658,77.16473,"Plot No. 367, Anand Parbat Industrial Area, Delhi - 110085, Delhi, India",Delhi,Delhi,India,Delhi DSIIDC Industrial Estate Directory
del-ind-1109,Anand Parbat Industrial Area - Brass Casting Unit #19,metal,28.66113,77.17649,"Plot No. 50, Anand Parbat Industrial Area, Delhi - 110085, Delhi, India",Delhi,Delhi,India,Delhi DSIIDC Industrial Estate Directory
del-ind-1110,Anand Parbat Industrial Area - Electrical Components Unit #20,manufacturing,28.66587,77.17686,"Plot No. 425, Anand Parbat Industrial Area, Delhi - 110082, Delhi, India",Delhi,Delhi,India,Delhi DSIIDC Industrial Estate Directory
del-ind-1111,Anand Parbat Industrial Area - Electroplating Unit #21,manufacturing,28.66938,77.17101,"Plot No. 268, Anand Parbat Industrial Area, Delhi - 110048, Delhi, India",Delhi,Delhi,India,Delhi DSIIDC Industrial Estate Directory
del-ind-1112,Anand Parbat Industrial Area - Automotive Springs Unit #22,manufacturing,28.66451,77.17042,"Plot No. 85, Anand Parbat Industrial Area, Delhi - 110064, Delhi, India",Delhi,Delhi,India,Delhi DSIIDC Industrial Estate Directory
del-ind-1113,Anand Parbat Industrial Area - Machine Tools Unit #23,manufacturing,28.67045,77.17863,"Plot No. 370, Anand Parbat Industrial Area, Delhi - 110053, Delhi, India",Delhi,Delhi,India,Delhi DSIIDC Industrial Estate Directory
del-ind-1114,Anand Parbat Industrial Area - Brass Casting Unit #24,metal,28.67081,77.17662,"Plot No. 97, Anand Parbat Industrial Area, Delhi - 110016, Delhi, India",Delhi,Delhi,India,Delhi DSIIDC Industrial Estate Directory
del-ind-1115,Anand Parbat Industrial Area - Electrical Components Unit #25,manufacturing,28.66988,77.16971,"Plot No. 235, Anand Parbat Industrial Area, Delhi - 110025, Delhi, India",Delhi,Delhi,India,Delhi DSIIDC Industrial Estate Directory
del-ind-1116,Anand Parbat Industrial Area - Electroplating Unit #26,manufacturing,28.66447,77.16948,"Plot No. 213, Anand Parbat Industrial Area, Delhi - 110006, Delhi, India",Delhi,Delhi,India,Delhi DSIIDC Industrial Estate Directory
del-ind-1117,Anand Parbat Industrial Area - Automotive Springs Unit #27,manufacturing,28.67422,77.16742,"Plot No. 302, Anand Parbat Industrial Area, Delhi - 110016, Delhi, India",Delhi,Delhi,India,Delhi DSIIDC Industrial Estate Directory
del-ind-1118,Anand Parbat Industrial Area - Machine Tools Unit #28,manufacturing,28.66582,77.16615,"Plot No. 338, Anand Parbat Industrial Area, Delhi - 110076, Delhi, India",Delhi,Delhi,India,Delhi DSIIDC Industrial Estate Directory
del-ind-1119,Anand Parbat Industrial Area - Brass Casting Unit #29,metal,28.66779,77.17121,"Plot No. 256, Anand Parbat Industrial Area, Delhi - 110001, Delhi, India",Delhi,Delhi,India,Delhi DSIIDC Industrial Estate Directory
del-ind-1120,Anand Parbat Industrial Area - Electrical Components Unit #30,manufacturing,28.66333,77.17168,"Plot No. 222, Anand Parbat Industrial Area, Delhi - 110075, Delhi, India",Delhi,Delhi,India,Delhi DSIIDC Industrial Estate Directory
del-ind-1121,Anand Parbat Industrial Area - Electroplating Unit #31,manufacturing,28.6586,77.17269,"Plot No. 91, Anand Parbat Industrial Area, Delhi - 110089, Delhi, India",Delhi,Delhi,India,Delhi DSIIDC Industrial Estate Directory
del-ind-1122,Anand Parbat Industrial Area - Automotive Springs Unit #32,manufacturing,28.6573,77.16786,"Plot No. 66, Anand Parbat Industrial Area, Delhi - 110014, Delhi, India",Delhi,Delhi,India,Delhi DSIIDC Industrial Estate Directory
del-ind-1123,Anand Parbat Industrial Area - Machine Tools Unit #33,manufacturing,28.65944,77.17675,"Plot No. 165, Anand Parbat Industrial Area, Delhi - 110065, Delhi, India",Delhi,Delhi,India,Delhi DSIIDC Industrial Estate Directory
del-ind-1124,Anand Parbat Industrial Area - Brass Casting Unit #34,metal,28.66913,77.16819,"Plot No. 312, Anand Parbat Industrial Area, Delhi - 110089, Delhi, India",Delhi,Delhi,India,Delhi DSIIDC Industrial Estate Directory
del-ind-1125,Anand Parbat Industrial Area - Electrical Components Unit #35,manufacturing,28.66534,77.1677,"Plot No. 176, Anand Parbat Industrial Area, Delhi - 110038, Delhi, India",Delhi,Delhi,India,Delhi DSIIDC Industrial Estate Directory
del-ind-1126,Anand Parbat Industrial Area - Electroplating Unit #36,manufacturing,28.66224,77.17284,"Plot No. 212, Anand Parbat Industrial Area, Delhi - 110078, Delhi, India",Delhi,Delhi,India,Delhi DSIIDC Industrial Estate Directory
del-ind-1127,Anand Parbat Industrial Area - Automotive Springs Unit #37,manufacturing,28.66223,77.16347,"Plot No. 154, Anand Parbat Industrial Area, Delhi - 110090, Delhi, India",Delhi,Delhi,India,Delhi DSIIDC Industrial Estate Directory
del-ind-1128,Anand Parbat Industrial Area - Machine Tools Unit #38,manufacturing,28.66052,77.17061,"Plot No. 378, Anand Parbat Industrial Area, Delhi - 110071, Delhi, India",Delhi,Delhi,India,Delhi DSIIDC Industrial Estate Directory
del-ind-1129,Anand Parbat Industrial Area - Brass Casting Unit #39,metal,28.66257,77.16932,"Plot No. 320, Anand Parbat Industrial Area, Delhi - 110092, Delhi, India",Delhi,Delhi,India,Delhi DSIIDC Industrial Estate Directory
del-ind-1130,Anand Parbat Industrial Area - Electrical Components Unit #40,manufacturing,28.66375,77.17681,"Plot No. 345, Anand Parbat Industrial Area, Delhi - 110017, Delhi, India",Delhi,Delhi,India,Delhi DSIIDC Industrial Estate Directory
del-ind-1131,Anand Parbat Industrial Area - Electroplating Unit #41,manufacturing,28.67277,77.17108,"Plot No. 92, Anand Parbat Industrial Area, Delhi - 110065, Delhi, India",Delhi,Delhi,India,Delhi DSIIDC Industrial Estate Directory
del-ind-1132,Anand Parbat Industrial Area - Automotive Springs Unit #42,manufacturing,28.65759,77.16997,"Plot No. 364, Anand Parbat Industrial Area, Delhi - 110015, Delhi, India",Delhi,Delhi,India,Delhi DSIIDC Industrial Estate Directory
del-ind-1133,Anand Parbat Industrial Area - Machine Tools Unit #43,manufacturing,28.66547,77.16507,"Plot No. 299, Anand Parbat Industrial Area, Delhi - 110074, Delhi, India",Delhi,Delhi,India,Delhi DSIIDC Industrial Estate Directory
del-ind-1134,Anand Parbat Industrial Area - Brass Casting Unit #44,metal,28.67295,77.169,"Plot No. 346, Anand Parbat Industrial Area, Delhi - 110096, Delhi, India",Delhi,Delhi,India,Delhi DSIIDC Industrial Estate Directory
del-ind-1135,Anand Parbat Industrial Area - Electrical Components Unit #45,manufacturing,28.67024,77.16787,"Plot No. 450, Anand Parbat Industrial Area, Delhi - 110055, Delhi, India",Delhi,Delhi,India,Delhi DSIIDC Industrial Estate Directory
del-ind-1136,Anand Parbat Industrial Area - Electroplating Unit #46,manufacturing,28.66735,77.16587,"Plot No. 13, Anand Parbat Industrial Area, Delhi - 110049, Delhi, India",Delhi,Delhi,India,Delhi DSIIDC Industrial Estate Directory
del-ind-1137,Anand Parbat Industrial Area - Automotive Springs Unit #47,manufacturing,28.66992,77.17837,"Plot No. 103, Anand Parbat Industrial Area, Delhi - 110035, Delhi, India",Delhi,Delhi,India,Delhi DSIIDC Industrial Estate Directory
del-ind-1138,Anand Parbat Industrial Area - Machine Tools Unit #48,manufacturing,28.665,77.1688,"Plot No. 147, Anand Parbat Industrial Area, Delhi - 110088, Delhi, India",Delhi,Delhi,India,Delhi DSIIDC Industrial Estate Directory
del-ind-1139,Anand Parbat Industrial Area - Brass Casting Unit #49,metal,28.66496,77.18233,"Plot No. 354, Anand Parbat Industrial Area, Delhi - 110038, Delhi, India",Delhi,Delhi,India,Delhi DSIIDC Industrial Estate Directory
del-ind-1140,Anand Parbat Industrial Area - Electrical Components Unit #50,manufacturing,28.66692,77.17846,"Plot No. 184, Anand Parbat Industrial Area, Delhi - 110058, Delhi, India",Delhi,Delhi,India,Delhi DSIIDC Industrial Estate Directory
del-ind-1141,Anand Parbat Industrial Area - Electroplating Unit #51,manufacturing,28.67369,77.17852,"Plot No. 379, Anand Parbat Industrial Area, Delhi - 110072, Delhi, India",Delhi,Delhi,India,Delhi DSIIDC Industrial Estate Directory
del-ind-1142,Anand Parbat Industrial Area - Automotive Springs Unit #52,manufacturing,28.67088,77.16532,"Plot No. 288, Anand Parbat Industrial Area, Delhi - 110050, Delhi, India",Delhi,Delhi,India,Delhi DSIIDC Industrial Estate Directory
del-ind-1143,Anand Parbat Industrial Area - Machine Tools Unit #53,manufacturing,28.66574,77.18143,"Plot No. 409, Anand Parbat Industrial Area, Delhi - 110090, Delhi, India",Delhi,Delhi,India,Delhi DSIIDC Industrial Estate Directory
del-ind-1144,Anand Parbat Industrial Area - Brass Casting Unit #54,metal,28.66313,77.17976,"Plot No. 196, Anand Parbat Industrial Area, Delhi - 110050, Delhi, India",Delhi,Delhi,India,Delhi DSIIDC Industrial Estate Directory
del-ind-1145,Anand Parbat Industrial Area - Electrical Components Unit #55,manufacturing,28.65676,77.17676,"Plot No. 351, Anand Parbat Industrial Area, Delhi - 110041, Delhi, India",Delhi,Delhi,India,Delhi DSIIDC Industrial Estate Directory
del-ind-1146,Anand Parbat Industrial Area - Electroplating Unit #56,manufacturing,28.66675,77.17162,"Plot No. 381, Anand Parbat Industrial Area, Delhi - 110033, Delhi, India",Delhi,Delhi,India,Delhi DSIIDC Industrial Estate Directory
del-ind-1147,Anand Parbat Industrial Area - Automotive Springs Unit #57,manufacturing,28.66816,77.18242,"Plot No. 441, Anand Parbat Industrial Area, Delhi - 110057, Delhi, India",Delhi,Delhi,India,Delhi DSIIDC Industrial Estate Directory
del-ind-1148,Anand Parbat Industrial Area - Machine Tools Unit #58,manufacturing,28.67073,77.16158,"Plot No. 361, Anand Parbat Industrial Area, Delhi - 110091, Delhi, India",Delhi,Delhi,India,Delhi DSIIDC Industrial Estate Directory
del-ind-1149,Anand Parbat Industrial Area - Brass Casting Unit #59,metal,28.65957,77.16475,"Plot No. 280, Anand Parbat Industrial Area, Delhi - 110095, Delhi, India",Delhi,Delhi,India,Delhi DSIIDC Industrial Estate Directory
del-ind-1150,Anand Parbat Industrial Area - Electrical Components Unit #60,manufacturing,28.65756,77.16635,"Plot No. 100, Anand Parbat Industrial Area, Delhi - 110038, Delhi, India",Delhi,Delhi,India,Delhi DSIIDC Industrial Estate Directory
del-ind-1151,Anand Parbat Industrial Area - Electroplating Unit #61,manufacturing,28.653,77.17689,"Plot No. 39, Anand Parbat Industrial Area, Delhi - 110024, Delhi, India",Delhi,Delhi,India,Delhi DSIIDC Industrial Estate Directory
del-ind-1152,Anand Parbat Industrial Area - Automotive Springs Unit #62,manufacturing,28.67356,77.16994,"Plot No. 62, Anand Parbat Industrial Area, Delhi - 110049, Delhi, India",Delhi,Delhi,India,Delhi DSIIDC Industrial Estate Directory
del-ind-1153,Anand Parbat Industrial Area - Machine Tools Unit #63,manufacturing,28.66923,77.1731,"Plot No. 136, Anand Parbat Industrial Area, Delhi - 110017, Delhi, India",Delhi,Delhi,India,Delhi DSIIDC Industrial Estate Directory
del-ind-1154,Anand Parbat Industrial Area - Brass Casting Unit #64,metal,28.67055,77.18085,"Plot No. 3, Anand Parbat Industrial Area, Delhi - 110043, Delhi, India",Delhi,Delhi,India,Delhi DSIIDC Industrial Estate Directory
del-ind-1155,Anand Parbat Industrial Area - Electrical Components Unit #65,manufacturing,28.653,77.17467,"Plot No. 21, Anand Parbat Industrial Area, Delhi - 110020, Delhi, India",Delhi,Delhi,India,Delhi DSIIDC Industrial Estate Directory
del-ind-1156,Anand Parbat Industrial Area - Electroplating Unit #66,manufacturing,28.67156,77.16884,"Plot No. 397, Anand Parbat Industrial Area, Delhi - 110081, Delhi, India",Delhi,Delhi,India,Delhi DSIIDC Industrial Estate Directory
del-ind-1157,Anand Parbat Industrial Area - Automotive Springs Unit #67,manufacturing,28.65905,77.16672,"Plot No. 252, Anand Parbat Industrial Area, Delhi - 110074, Delhi, India",Delhi,Delhi,India,Delhi DSIIDC Industrial Estate Directory
del-ind-1158,Anand Parbat Industrial Area - Machine Tools Unit #68,manufacturing,28.663,77.17135,"Plot No. 363, Anand Parbat Industrial Area, Delhi - 110041, Delhi, India",Delhi,Delhi,India,Delhi DSIIDC Industrial Estate Directory
del-ind-1159,Anand Parbat Industrial Area - Brass Casting Unit #69,metal,28.653,77.16985,"Plot No. 267, Anand Parbat Industrial Area, Delhi - 110009, Delhi, India",Delhi,Delhi,India,Delhi DSIIDC Industrial Estate Directory
del-ind-1160,Anand Parbat Industrial Area - Electrical Components Unit #70,manufacturing,28.66572,77.1689,"Plot No. 279, Anand Parbat Industrial Area, Delhi - 110069, Delhi, India",Delhi,Delhi,India,Delhi DSIIDC Industrial Estate Directory
del-ind-1161,Lawrence Road Industrial Area - Flour Mills Unit #1,food,28.67857,77.15438,"Plot No. 110, Lawrence Road Industrial Area, Delhi - 110085, Delhi, India",Delhi,Delhi,India,Delhi DSIIDC Industrial Estate Directory
del-ind-1162,Lawrence Road Industrial Area - Edible Oils Unit #2,manufacturing,28.6799,77.15571,"Plot No. 112, Lawrence Road Industrial Area, Delhi - 110080, Delhi, India",Delhi,Delhi,India,Delhi DSIIDC Industrial Estate Directory
del-ind-1163,Lawrence Road Industrial Area - Food Processing Unit #3,food,28.672,77.14911,"Plot No. 422, Lawrence Road Industrial Area, Delhi - 110084, Delhi, India",Delhi,Delhi,India,Delhi DSIIDC Industrial Estate Directory
del-ind-1164,Lawrence Road Industrial Area - Packaging Unit #4,manufacturing,28.68868,77.15237,"Plot No. 229, Lawrence Road Industrial Area, Delhi - 110031, Delhi, India",Delhi,Delhi,India,Delhi DSIIDC Industrial Estate Directory
del-ind-1165,Lawrence Road Industrial Area - Cold Chains Unit #5,manufacturing,28.68712,77.1485,"Plot No. 319, Lawrence Road Industrial Area, Delhi - 110032, Delhi, India",Delhi,Delhi,India,Delhi DSIIDC Industrial Estate Directory
del-ind-1166,Lawrence Road Industrial Area - Flour Mills Unit #6,food,28.68859,77.15026,"Plot No. 165, Lawrence Road Industrial Area, Delhi - 110049, Delhi, India",Delhi,Delhi,India,Delhi DSIIDC Industrial Estate Directory
del-ind-1167,Lawrence Road Industrial Area - Edible Oils Unit #7,manufacturing,28.69136,77.14654,"Plot No. 198, Lawrence Road Industrial Area, Delhi - 110033, Delhi, India",Delhi,Delhi,India,Delhi DSIIDC Industrial Estate Directory
del-ind-1168,Lawrence Road Industrial Area - Food Processing Unit #8,food,28.67845,77.15108,"Plot No. 265, Lawrence Road Industrial Area, Delhi - 110048, Delhi, India",Delhi,Delhi,India,Delhi DSIIDC Industrial Estate Directory
del-ind-1169,Lawrence Road Industrial Area - Packaging Unit #9,manufacturing,28.67666,77.15152,"Plot No. 250, Lawrence Road Industrial Area, Delhi - 110006, Delhi, India",Delhi,Delhi,India,Delhi DSIIDC Industrial Estate Directory
del-ind-1170,Lawrence Road Industrial Area - Cold Chains Unit #10,manufacturing,28.68012,77.15826,"Plot No. 165, Lawrence Road Industrial Area, Delhi - 110066, Delhi, India",Delhi,Delhi,India,Delhi DSIIDC Industrial Estate Directory
del-ind-1171,Lawrence Road Industrial Area - Flour Mills Unit #11,food,28.68376,77.153,"Plot No. 396, Lawrence Road Industrial Area, Delhi - 110069, Delhi, India",Delhi,Delhi,India,Delhi DSIIDC Industrial Estate Directory
del-ind-1172,Lawrence Road Industrial Area - Edible Oils Unit #12,manufacturing,28.67582,77.15069,"Plot No. 108, Lawrence Road Industrial Area, Delhi - 110086, Delhi, India",Delhi,Delhi,India,Delhi DSIIDC Industrial Estate Directory
del-ind-1173,Lawrence Road Industrial Area - Food Processing Unit #13,food,28.67986,77.14974,"Plot No. 351, Lawrence Road Industrial Area, Delhi - 110055, Delhi, India",Delhi,Delhi,India,Delhi DSIIDC Industrial Estate Directory
del-ind-1174,Lawrence Road Industrial Area - Packaging Unit #14,manufacturing,28.68357,77.14938,"Plot No. 425, Lawrence Road Industrial Area, Delhi - 110090, Delhi, India",Delhi,Delhi,India,Delhi DSIIDC Industrial Estate Directory
del-ind-1175,Lawrence Road Industrial Area - Cold Chains Unit #15,manufacturing,28.68735,77.14689,"Plot No. 223, Lawrence Road Industrial Area, Delhi - 110083, Delhi, India",Delhi,Delhi,India,Delhi DSIIDC Industrial Estate Directory
del-ind-1176,Lawrence Road Industrial Area - Flour Mills Unit #16,food,28.68271,77.15041,"Plot No. 352, Lawrence Road Industrial Area, Delhi - 110020, Delhi, India",Delhi,Delhi,India,Delhi DSIIDC Industrial Estate Directory
del-ind-1177,Lawrence Road Industrial Area - Edible Oils Unit #17,manufacturing,28.68907,77.15306,"Plot No. 20, Lawrence Road Industrial Area, Delhi - 110012, Delhi, India",Delhi,Delhi,India,Delhi DSIIDC Industrial Estate Directory
del-ind-1178,Lawrence Road Industrial Area - Food Processing Unit #18,food,28.68452,77.15325,"Plot No. 129, Lawrence Road Industrial Area, Delhi - 110072, Delhi, India",Delhi,Delhi,India,Delhi DSIIDC Industrial Estate Directory
del-ind-1179,Lawrence Road Industrial Area - Packaging Unit #19,manufacturing,28.68955,77.15558,"Plot No. 133, Lawrence Road Industrial Area, Delhi - 110053, Delhi, India",Delhi,Delhi,India,Delhi DSIIDC Industrial Estate Directory
del-ind-1180,Lawrence Road Industrial Area - Cold Chains Unit #20,manufacturing,28.67716,77.15611,"Plot No. 222, Lawrence Road Industrial Area, Delhi - 110041, Delhi, India",Delhi,Delhi,India,Delhi DSIIDC Industrial Estate Directory
del-ind-1181,Lawrence Road Industrial Area - Flour Mills Unit #21,food,28.68869,77.15271,"Plot No. 274, Lawrence Road Industrial Area, Delhi - 110001, Delhi, India",Delhi,Delhi,India,Delhi DSIIDC Industrial Estate Directory
del-ind-1182,Lawrence Road Industrial Area - Edible Oils Unit #22,manufacturing,28.67806,77.14715,"Plot No. 388, Lawrence Road Industrial Area, Delhi - 110096, Delhi, India",Delhi,Delhi,India,Delhi DSIIDC Industrial Estate Directory
del-ind-1183,Lawrence Road Industrial Area - Food Processing Unit #23,food,28.676,77.14842,"Plot No. 38, Lawrence Road Industrial Area, Delhi - 110046, Delhi, India",Delhi,Delhi,India,Delhi DSIIDC Industrial Estate Directory
del-ind-1184,Lawrence Road Industrial Area - Packaging Unit #24,manufacturing,28.68392,77.15107,"Plot No. 403, Lawrence Road Industrial Area, Delhi - 110088, Delhi, India",Delhi,Delhi,India,Delhi DSIIDC Industrial Estate Directory
del-ind-1185,Lawrence Road Industrial Area - Cold Chains Unit #25,manufacturing,28.68139,77.15382,"Plot No. 392, Lawrence Road Industrial Area, Delhi - 110057, Delhi, India",Delhi,Delhi,India,Delhi DSIIDC Industrial Estate Directory
del-ind-1186,Lawrence Road Industrial Area - Flour Mills Unit #26,food,28.67585,77.15767,"Plot No. 16, Lawrence Road Industrial Area, Delhi - 110061, Delhi, India",Delhi,Delhi,India,Delhi DSIIDC Industrial Estate Directory
del-ind-1187,Lawrence Road Industrial Area - Edible Oils Unit #27,manufacturing,28.68376,77.15464,"Plot No. 383, Lawrence Road Industrial Area, Delhi - 110051, Delhi, India",Delhi,Delhi,India,Delhi DSIIDC Industrial Estate Directory
del-ind-1188,Lawrence Road Industrial Area - Food Processing Unit #28,food,28.68454,77.14362,"Plot No. 152, Lawrence Road Industrial Area, Delhi - 110082, Delhi, India",Delhi,Delhi,India,Delhi DSIIDC Industrial Estate Directory
del-ind-1189,Lawrence Road Industrial Area - Packaging Unit #29,manufacturing,28.68618,77.15732,"Plot No. 408, Lawrence Road Industrial Area, Delhi - 110094, Delhi, India",Delhi,Delhi,India,Delhi DSIIDC Industrial Estate Directory
del-ind-1190,Lawrence Road Industrial Area - Cold Chains Unit #30,manufacturing,28.67524,77.14294,"Plot No. 6, Lawrence Road Industrial Area, Delhi - 110071, Delhi, India",Delhi,Delhi,India,Delhi DSIIDC Industrial Estate Directory
del-ind-1191,Lawrence Road Industrial Area - Flour Mills Unit #31,food,28.68375,77.15024,"Plot No. 22, Lawrence Road Industrial Area, Delhi - 110001, Delhi, India",Delhi,Delhi,India,Delhi DSIIDC Industrial Estate Directory
del-ind-1192,Lawrence Road Industrial Area - Edible Oils Unit #32,manufacturing,28.67796,77.15001,"Plot No. 281, Lawrence Road Industrial Area, Delhi - 110011, Delhi, India",Delhi,Delhi,India,Delhi DSIIDC Industrial Estate Directory
del-ind-1193,Lawrence Road Industrial Area - Food Processing Unit #33,food,28.67948,77.15904,"Plot No. 372, Lawrence Road Industrial Area, Delhi - 110045, Delhi, India",Delhi,Delhi,India,Delhi DSIIDC Industrial Estate Directory
del-ind-1194,Lawrence Road Industrial Area - Packaging Unit #34,manufacturing,28.68433,77.1615,"Plot No. 436, Lawrence Road Industrial Area, Delhi - 110066, Delhi, India",Delhi,Delhi,India,Delhi DSIIDC Industrial Estate Directory
del-ind-1195,Lawrence Road Industrial Area - Cold Chains Unit #35,manufacturing,28.68379,77.15424,"Plot No. 316, Lawrence Road Industrial Area, Delhi - 110033, Delhi, India",Delhi,Delhi,India,Delhi DSIIDC Industrial Estate Directory
del-ind-1196,Lawrence Road Industrial Area - Flour Mills Unit #36,food,28.68298,77.15467,"Plot No. 410, Lawrence Road Industrial Area, Delhi - 110073, Delhi, India",Delhi,Delhi,India,Delhi DSIIDC Industrial Estate Directory
del-ind-1197,Lawrence Road Industrial Area - Edible Oils Unit #37,manufacturing,28.68726,77.14497,"Plot No. 282, Lawrence Road Industrial Area, Delhi - 110060, Delhi, India",Delhi,Delhi,India,Delhi DSIIDC Industrial Estate Directory
del-ind-1198,Lawrence Road Industrial Area - Food Processing Unit #38,food,28.68092,77.15062,"Plot No. 344, Lawrence Road Industrial Area, Delhi - 110009, Delhi, India",Delhi,Delhi,India,Delhi DSIIDC Industrial Estate Directory
del-ind-1199,Lawrence Road Industrial Area - Packaging Unit #39,manufacturing,28.68199,77.15498,"Plot No. 298, Lawrence Road Industrial Area, Delhi - 110063, Delhi, India",Delhi,Delhi,India,Delhi DSIIDC Industrial Estate Directory
del-ind-1200,Lawrence Road Industrial Area - Cold Chains Unit #40,manufacturing,28.68604,77.15073,"Plot No. 344, Lawrence Road Industrial Area, Delhi - 110084, Delhi, India",Delhi,Delhi,India,Delhi DSIIDC Industrial Estate Directory
del-ind-1201,Lawrence Road Industrial Area - Flour Mills Unit #41,food,28.68236,77.15567,"Plot No. 36, Lawrence Road Industrial Area, Delhi - 110025, Delhi, India",Delhi,Delhi,India,Delhi DSIIDC Industrial Estate Directory
del-ind-1202,Lawrence Road Industrial Area - Edible Oils Unit #42,manufacturing,28.67997,77.15649,"Plot No. 316, Lawrence Road Industrial Area, Delhi - 110085, Delhi, India",Delhi,Delhi,India,Delhi DSIIDC Industrial Estate Directory
del-ind-1203,Lawrence Road Industrial Area - Food Processing Unit #43,food,28.67996,77.1576,"Plot No. 290, Lawrence Road Industrial Area, Delhi - 110073, Delhi, India",Delhi,Delhi,India,Delhi DSIIDC Industrial Estate Directory
del-ind-1204,Lawrence Road Industrial Area - Packaging Unit #44,manufacturing,28.67941,77.15495,"Plot No. 220, Lawrence Road Industrial Area, Delhi - 110022, Delhi, India",Delhi,Delhi,India,Delhi DSIIDC Industrial Estate Directory
del-ind-1205,Lawrence Road Industrial Area - Cold Chains Unit #45,manufacturing,28.68538,77.1521,"Plot No. 114, Lawrence Road Industrial Area, Delhi - 110092, Delhi, India",Delhi,Delhi,India,Delhi DSIIDC Industrial Estate Directory
del-ind-1206,Lawrence Road Industrial Area - Flour Mills Unit #46,food,28.68169,77.14719,"Plot No. 431, Lawrence Road Industrial Area, Delhi - 110047, Delhi, India",Delhi,Delhi,India,Delhi DSIIDC Industrial Estate Directory
del-ind-1207,Lawrence Road Industrial Area - Edible Oils Unit #47,manufacturing,28.68686,77.15746,"Plot No. 450, Lawrence Road Industrial Area, Delhi - 110062, Delhi, India",Delhi,Delhi,India,Delhi DSIIDC Industrial Estate Directory
del-ind-1208,Lawrence Road Industrial Area - Food Processing Unit #48,food,28.67787,77.15298,"Plot No. 157, Lawrence Road Industrial Area, Delhi - 110063, Delhi, India",Delhi,Delhi,India,Delhi DSIIDC Industrial Estate Directory
del-ind-1209,Lawrence Road Industrial Area - Packaging Unit #49,manufacturing,28.67935,77.15111,"Plot No. 311, Lawrence Road Industrial Area, Delhi - 110011, Delhi, India",Delhi,Delhi,India,Delhi DSIIDC Industrial Estate Directory
del-ind-1210,Lawrence Road Industrial Area - Cold Chains Unit #50,manufacturing,28.68685,77.14454,"Plot No. 72, Lawrence Road Industrial Area, Delhi - 110069, Delhi, India",Delhi,Delhi,India,Delhi DSIIDC Industrial Estate Directory
del-ind-1211,SMA / GT Karnal Road Industrial Area - Auto Spares Unit #1,manufacturing,28.7209,77.18329,"Plot No. 321, SMA / GT Karnal Road Industrial Area, Delhi - 110010, Delhi, India",Delhi,Delhi,India,Delhi DSIIDC Industrial Estate Directory
del-ind-1212,SMA / GT Karnal Road Industrial Area - Plastics Unit #2,plastic,28.71639,77.16372,"Plot No. 435, SMA / GT Karnal Road Industrial Area, Delhi - 110065, Delhi, India",Delhi,Delhi,India,Delhi DSIIDC Industrial Estate Directory
del-ind-1213,SMA / GT Karnal Road Industrial Area - Chemicals Unit #3,chemical,28.71131,77.16773,"Plot No. 297, SMA / GT Karnal Road Industrial Area, Delhi - 110052, Delhi, India",Delhi,Delhi,India,Delhi DSIIDC Industrial Estate Directory
del-ind-1214,SMA / GT Karnal Road Industrial Area - Packaging Unit #4,manufacturing,28.71845,77.17129,"Plot No. 19, SMA / GT Karnal Road Industrial Area, Delhi - 110071, Delhi, India",Delhi,Delhi,India,Delhi DSIIDC Industrial Estate Directory
del-ind-1215,SMA / GT Karnal Road Industrial Area - Hardware Unit #5,manufacturing,28.71724,77.18641,"Plot No. 277, SMA / GT Karnal Road Industrial Area, Delhi - 110061, Delhi, India",Delhi,Delhi,India,Delhi DSIIDC Industrial Estate Directory
del-ind-1216,SMA / GT Karnal Road Industrial Area - Auto Spares Unit #6,manufacturing,28.71626,77.17248,"Plot No. 201, SMA / GT Karnal Road Industrial Area, Delhi - 110029, Delhi, India",Delhi,Delhi,India,Delhi DSIIDC Industrial Estate Directory
del-ind-1217,SMA / GT Karnal Road Industrial Area - Plastics Unit #7,plastic,28.72359,77.17046,"Plot No. 439, SMA / GT Karnal Road Industrial Area, Delhi - 110038, Delhi, India",Delhi,Delhi,India,Delhi DSIIDC Industrial Estate Directory
del-ind-1218,SMA / GT Karnal Road Industrial Area - Chemicals Unit #8,chemical,28.72224,77.17975,"Plot No. 47, SMA / GT Karnal Road Industrial Area, Delhi - 110051, Delhi, India",Delhi,Delhi,India,Delhi DSIIDC Industrial Estate Directory
del-ind-1219,SMA / GT Karnal Road Industrial Area - Packaging Unit #9,manufacturing,28.71748,77.17559,"Plot No. 123, SMA / GT Karnal Road Industrial Area, Delhi - 110079, Delhi, India",Delhi,Delhi,India,Delhi DSIIDC Industrial Estate Directory
del-ind-1220,SMA / GT Karnal Road Industrial Area - Hardware Unit #10,manufacturing,28.71435,77.16668,"Plot No. 72, SMA / GT Karnal Road Industrial Area, Delhi - 110058, Delhi, India",Delhi,Delhi,India,Delhi DSIIDC Industrial Estate Directory
del-ind-1221,SMA / GT Karnal Road Industrial Area - Auto Spares Unit #11,manufacturing,28.72177,77.18088,"Plot No. 290, SMA / GT Karnal Road Industrial Area, Delhi - 110085, Delhi, India",Delhi,Delhi,India,Delhi DSIIDC Industrial Estate Directory
del-ind-1222,SMA / GT Karnal Road Industrial Area - Plastics Unit #12,plastic,28.72011,77.17282,"Plot No. 375, SMA / GT Karnal Road Industrial Area, Delhi - 110062, Delhi, India",Delhi,Delhi,India,Delhi DSIIDC Industrial Estate Directory
del-ind-1223,SMA / GT Karnal Road Industrial Area - Chemicals Unit #13,chemical,28.71944,77.17442,"Plot No. 390, SMA / GT Karnal Road Industrial Area, Delhi - 110063, Delhi, India",Delhi,Delhi,India,Delhi DSIIDC Industrial Estate Directory
del-ind-1224,SMA / GT Karnal Road Industrial Area - Packaging Unit #14,manufacturing,28.71848,77.1792,"Plot No. 120, SMA / GT Karnal Road Industrial Area, Delhi - 110006, Delhi, India",Delhi,Delhi,India,Delhi DSIIDC Industrial Estate Directory
del-ind-1225,SMA / GT Karnal Road Industrial Area - Hardware Unit #15,manufacturing,28.71481,77.16931,"Plot No. 406, SMA / GT Karnal Road Industrial Area, Delhi - 110047, Delhi, India",Delhi,Delhi,India,Delhi DSIIDC Industrial Estate Directory
del-ind-1226,SMA / GT Karnal Road Industrial Area - Auto Spares Unit #16,manufacturing,28.70879,77.18281,"Plot No. 24, SMA / GT Karnal Road Industrial Area, Delhi - 110006, Delhi, India",Delhi,Delhi,India,Delhi DSIIDC Industrial Estate Directory
del-ind-1227,SMA / GT Karnal Road Industrial Area - Plastics Unit #17,plastic,28.72274,77.17442,"Plot No. 361, SMA / GT Karnal Road Industrial Area, Delhi - 110067, Delhi, India",Delhi,Delhi,India,Delhi DSIIDC Industrial Estate Directory
del-ind-1228,SMA / GT Karnal Road Industrial Area - Chemicals Unit #18,chemical,28.71512,77.17179,"Plot No. 380, SMA / GT Karnal Road Industrial Area, Delhi - 110034, Delhi, India",Delhi,Delhi,India,Delhi DSIIDC Industrial Estate Directory
del-ind-1229,SMA / GT Karnal Road Industrial Area - Packaging Unit #19,manufacturing,28.71182,77.17167,"Plot No. 193, SMA / GT Karnal Road Industrial Area, Delhi - 110084, Delhi, India",Delhi,Delhi,India,Delhi DSIIDC Industrial Estate Directory
del-ind-1230,SMA / GT Karnal Road Industrial Area - Hardware Unit #20,manufacturing,28.71281,77.17997,"Plot No. 428, SMA / GT Karnal Road Industrial Area, Delhi - 110010, Delhi, India",Delhi,Delhi,India,Delhi DSIIDC Industrial Estate Directory
del-ind-1231,SMA / GT Karnal Road Industrial Area - Auto Spares Unit #21,manufacturing,28.71278,77.17445,"Plot No. 115, SMA / GT Karnal Road Industrial Area, Delhi - 110067, Delhi, India",Delhi,Delhi,India,Delhi DSIIDC Industrial Estate Directory
del-ind-1232,SMA / GT Karnal Road Industrial Area - Plastics Unit #22,plastic,28.70974,77.18055,"Plot No. 177, SMA / GT Karnal Road Industrial Area, Delhi - 110063, Delhi, India",Delhi,Delhi,India,Delhi DSIIDC Industrial Estate Directory
del-ind-1233,SMA / GT Karnal Road Industrial Area - Chemicals Unit #23,chemical,28.72099,77.16412,"Plot No. 4, SMA / GT Karnal Road Industrial Area, Delhi - 110065, Delhi, India",Delhi,Delhi,India,Delhi DSIIDC Industrial Estate Directory
del-ind-1234,SMA / GT Karnal Road Industrial Area - Packaging Unit #24,manufacturing,28.72229,77.17107,"Plot No. 118, SMA / GT Karnal Road Industrial Area, Delhi - 110010, Delhi, India",Delhi,Delhi,India,Delhi DSIIDC Industrial Estate Directory
del-ind-1235,SMA / GT Karnal Road Industrial Area - Hardware Unit #25,manufacturing,28.71363,77.1746,"Plot No. 77, SMA / GT Karnal Road Industrial Area, Delhi - 110024, Delhi, India",Delhi,Delhi,India,Delhi DSIIDC Industrial Estate Directory
del-ind-1236,SMA / GT Karnal Road Industrial Area - Auto Spares Unit #26,manufacturing,28.72203,77.18112,"Plot No. 419, SMA / GT Karnal Road Industrial Area, Delhi - 110016, Delhi, India",Delhi,Delhi,India,Delhi DSIIDC Industrial Estate Directory
del-ind-1237,SMA / GT Karnal Road Industrial Area - Plastics Unit #27,plastic,28.71504,77.17026,"Plot No. 170, SMA / GT Karnal Road Industrial Area, Delhi - 110093, Delhi, India",Delhi,Delhi,India,Delhi DSIIDC Industrial Estate Directory
del-ind-1238,SMA / GT Karnal Road Industrial Area - Chemicals Unit #28,chemical,28.72413,77.18029,"Plot No. 246, SMA / GT Karnal Road Industrial Area, Delhi - 110027, Delhi, India",Delhi,Delhi,India,Delhi DSIIDC Industrial Estate Directory
del-ind-1239,SMA / GT Karnal Road Industrial Area - Packaging Unit #29,manufacturing,28.71144,77.17079,"Plot No. 211, SMA / GT Karnal Road Industrial Area, Delhi - 110003, Delhi, India",Delhi,Delhi,India,Delhi DSIIDC Industrial Estate Directory
del-ind-1240,SMA / GT Karnal Road Industrial Area - Hardware Unit #30,manufacturing,28.71811,77.17782,"Plot No. 304, SMA / GT Karnal Road Industrial Area, Delhi - 110021, Delhi, India",Delhi,Delhi,India,Delhi DSIIDC Industrial Estate Directory
del-ind-1241,SMA / GT Karnal Road Industrial Area - Auto Spares Unit #31,manufacturing,28.72229,77.17985,"Plot No. 294, SMA / GT Karnal Road Industrial Area, Delhi - 110019, Delhi, India",Delhi,Delhi,India,Delhi DSIIDC Industrial Estate Directory
del-ind-1242,SMA / GT Karnal Road Industrial Area - Plastics Unit #32,plastic,28.72192,77.17644,"Plot No. 93, SMA / GT Karnal Road Industrial Area, Delhi - 110067, Delhi, India",Delhi,Delhi,India,Delhi DSIIDC Industrial Estate Directory
del-ind-1243,SMA / GT Karnal Road Industrial Area - Chemicals Unit #33,chemical,28.72505,77.17311,"Plot No. 289, SMA / GT Karnal Road Industrial Area, Delhi - 110082, Delhi, India",Delhi,Delhi,India,Delhi DSIIDC Industrial Estate Directory
del-ind-1244,SMA / GT Karnal Road Industrial Area - Packaging Unit #34,manufacturing,28.72655,77.17601,"Plot No. 339, SMA / GT Karnal Road Industrial Area, Delhi - 110037, Delhi, India",Delhi,Delhi,India,Delhi DSIIDC Industrial Estate Directory
del-ind-1245,SMA / GT Karnal Road Industrial Area - Hardware Unit #35,manufacturing,28.72157,77.17377,"Plot No. 311, SMA / GT Karnal Road Industrial Area, Delhi - 110061, Delhi, India",Delhi,Delhi,India,Delhi DSIIDC Industrial Estate Directory
del-ind-1246,SMA / GT Karnal Road Industrial Area - Auto Spares Unit #36,manufacturing,28.72022,77.17255,"Plot No. 426, SMA / GT Karnal Road Industrial Area, Delhi - 110053, Delhi, India",Delhi,Delhi,India,Delhi DSIIDC Industrial Estate Directory
del-ind-1247,SMA / GT Karnal Road Industrial Area - Plastics Unit #37,plastic,28.71026,77.16931,"Plot No. 421, SMA / GT Karnal Road Industrial Area, Delhi - 110024, Delhi, India",Delhi,Delhi,India,Delhi DSIIDC Industrial Estate Directory
del-ind-1248,SMA / GT Karnal Road Industrial Area - Chemicals Unit #38,chemical,28.71338,77.17049,"Plot No. 86, SMA / GT Karnal Road Industrial Area, Delhi - 110093, Delhi, India",Delhi,Delhi,India,Delhi DSIIDC Industrial Estate Directory
del-ind-1249,SMA / GT Karnal Road Industrial Area - Packaging Unit #39,manufacturing,28.71319,77.16378,"Plot No. 306, SMA / GT Karnal Road Industrial Area, Delhi - 110076, Delhi, India",Delhi,Delhi,India,Delhi DSIIDC Industrial Estate Directory
del-ind-1250,SMA / GT Karnal Road Industrial Area - Hardware Unit #40,manufacturing,28.72278,77.17721,"Plot No. 68, SMA / GT Karnal Road Industrial Area, Delhi - 110014, Delhi, India",Delhi,Delhi,India,Delhi DSIIDC Industrial Estate Directory
del-ind-1251,SMA / GT Karnal Road Industrial Area - Auto Spares Unit #41,manufacturing,28.72453,77.17568,"Plot No. 259, SMA / GT Karnal Road Industrial Area, Delhi - 110088, Delhi, India",Delhi,Delhi,India,Delhi DSIIDC Industrial Estate Directory
del-ind-1252,SMA / GT Karnal Road Industrial Area - Plastics Unit #42,plastic,28.71531,77.17648,"Plot No. 50, SMA / GT Karnal Road Industrial Area, Delhi - 110023, Delhi, India",Delhi,Delhi,India,Delhi DSIIDC Industrial Estate Directory
del-ind-1253,SMA / GT Karnal Road Industrial Area - Chemicals Unit #43,chemical,28.71063,77.17613,"Plot No. 20, SMA / GT Karnal Road Industrial Area, Delhi - 110069, Delhi, India",Delhi,Delhi,India,Delhi DSIIDC Industrial Estate Directory
del-ind-1254,SMA / GT Karnal Road Industrial Area - Packaging Unit #44,manufacturing,28.7153,77.17494,"Plot No. 247, SMA / GT Karnal Road Industrial Area, Delhi - 110085, Delhi, India",Delhi,Delhi,India,Delhi DSIIDC Industrial Estate Directory
del-ind-1255,SMA / GT Karnal Road Industrial Area - Hardware Unit #45,manufacturing,28.72302,77.18036,"Plot No. 424, SMA / GT Karnal Road Industrial Area, Delhi - 110001, Delhi, India",Delhi,Delhi,India,Delhi DSIIDC Industrial Estate Directory
del-ind-1256,SMA / GT Karnal Road Industrial Area - Auto Spares Unit #46,manufacturing,28.72544,77.16938,"Plot No. 333, SMA / GT Karnal Road Industrial Area, Delhi - 110056, Delhi, India",Delhi,Delhi,India,Delhi DSIIDC Industrial Estate Directory
del-ind-1257,SMA / GT Karnal Road Industrial Area - Plastics Unit #47,plastic,28.71286,77.17428,"Plot No. 23, SMA / GT Karnal Road Industrial Area, Delhi - 110090, Delhi, India",Delhi,Delhi,India,Delhi DSIIDC Industrial Estate Directory
del-ind-1258,SMA / GT Karnal Road Industrial Area - Chemicals Unit #48,chemical,28.71417,77.17427,"Plot No. 411, SMA / GT Karnal Road Industrial Area, Delhi - 110062, Delhi, India",Delhi,Delhi,India,Delhi DSIIDC Industrial Estate Directory
del-ind-1259,SMA / GT Karnal Road Industrial Area - Packaging Unit #49,manufacturing,28.7193,77.16987,"Plot No. 302, SMA / GT Karnal Road Industrial Area, Delhi - 110095, Delhi, India",Delhi,Delhi,India,Delhi DSIIDC Industrial Estate Directory
del-ind-1260,SMA / GT Karnal Road Industrial Area - Hardware Unit #50,manufacturing,28.72661,77.16937,"Plot No. 295, SMA / GT Karnal Road Industrial Area, Delhi - 110013, Delhi, India",Delhi,Delhi,India,Delhi DSIIDC Industrial Estate Directory
del-ind-1261,SMA / GT Karnal Road Industrial Area - Auto Spares Unit #51,manufacturing,28.71431,77.17687,"Plot No. 393, SMA / GT Karnal Road Industrial Area, Delhi - 110030, Delhi, India",Delhi,Delhi,India,Delhi DSIIDC Industrial Estate Directory
del-ind-1262,SMA / GT Karnal Road Industrial Area - Plastics Unit #52,plastic,28.71991,77.17379,"Plot No. 307, SMA / GT Karnal Road Industrial Area, Delhi - 110070, Delhi, India",Delhi,Delhi,India,Delhi DSIIDC Industrial Estate Directory
del-ind-1263,SMA / GT Karnal Road Industrial Area - Chemicals Unit #53,chemical,28.71506,77.1769,"Plot No. 364, SMA / GT Karnal Road Industrial Area, Delhi - 110096, Delhi, India",Delhi,Delhi,India,Delhi DSIIDC Industrial Estate Directory
del-ind-1264,SMA / GT Karnal Road Industrial Area - Packaging Unit #54,manufacturing,28.71974,77.16812,"Plot No. 61, SMA / GT Karnal Road Industrial Area, Delhi - 110067, Delhi, India",Delhi,Delhi,India,Delhi DSIIDC Industrial Estate Directory
del-ind-1265,SMA / GT Karnal Road Industrial Area - Hardware Unit #55,manufacturing,28.72587,77.17536,"Plot No. 353, SMA / GT Karnal Road Industrial Area, Delhi - 110041, Delhi, India",Delhi,Delhi,India,Delhi DSIIDC Industrial Estate Directory
del-ind-1266,SMA / GT Karnal Road Industrial Area - Auto Spares Unit #56,manufacturing,28.71585,77.17639,"Plot No. 219, SMA / GT Karnal Road Industrial Area, Delhi - 110084, Delhi, India",Delhi,Delhi,India,Delhi DSIIDC Industrial Estate Directory
del-ind-1267,SMA / GT Karnal Road Industrial Area - Plastics Unit #57,plastic,28.71439,77.17285,"Plot No. 275, SMA / GT Karnal Road Industrial Area, Delhi - 110055, Delhi, India",Delhi,Delhi,India,Delhi DSIIDC Industrial Estate Directory
del-ind-1268,SMA / GT Karnal Road Industrial Area - Chemicals Unit #58,chemical,28.71118,77.17206,"Plot No. 349, SMA / GT Karnal Road Industrial Area, Delhi - 110051, Delhi, India",Delhi,Delhi,India,Delhi DSIIDC Industrial Estate Directory
del-ind-1269,SMA / GT Karnal Road Industrial Area - Packaging Unit #59,manufacturing,28.71817,77.16943,"Plot No. 402, SMA / GT Karnal Road Industrial Area, Delhi - 110072, Delhi, India",Delhi,Delhi,India,Delhi DSIIDC Industrial Estate Directory
del-ind-1270,SMA / GT Karnal Road Industrial Area - Hardware Unit #60,manufacturing,28.71284,77.17557,"Plot No. 285, SMA / GT Karnal Road Industrial Area, Delhi - 110062, Delhi, India",Delhi,Delhi,India,Delhi DSIIDC Industrial Estate Directory
del-ind-1271,Shahzada Bagh Industrial Area - Textile Dyeing Unit #1,textile,28.67493,77.18808,"Plot No. 177, Shahzada Bagh Industrial Area, Delhi - 110091, Delhi, India",Delhi,Delhi,India,Delhi DSIIDC Industrial Estate Directory
del-ind-1272,Shahzada Bagh Industrial Area - Leather Goods Unit #2,manufacturing,28.67343,77.18617,"Plot No. 443, Shahzada Bagh Industrial Area, Delhi - 110085, Delhi, India",Delhi,Delhi,India,Delhi DSIIDC Industrial Estate Directory
del-ind-1273,Shahzada Bagh Industrial Area - Polythene Recycling Unit #3,waste,28.67691,77.18677,"Plot No. 401, Shahzada Bagh Industrial Area, Delhi - 110090, Delhi, India",Delhi,Delhi,India,Delhi DSIIDC Industrial Estate Directory
del-ind-1274,Shahzada Bagh Industrial Area - Engineering Unit #4,manufacturing,28.67657,77.18448,"Plot No. 261, Shahzada Bagh Industrial Area, Delhi - 110052, Delhi, India",Delhi,Delhi,India,Delhi DSIIDC Industrial Estate Directory
del-ind-1275,Shahzada Bagh Industrial Area - Textile Dyeing Unit #5,textile,28.67645,77.1787,"Plot No. 315, Shahzada Bagh Industrial Area, Delhi - 110090, Delhi, India",Delhi,Delhi,India,Delhi DSIIDC Industrial Estate Directory
del-ind-1276,Shahzada Bagh Industrial Area - Leather Goods Unit #6,manufacturing,28.67453,77.18392,"Plot No. 200, Shahzada Bagh Industrial Area, Delhi - 110082, Delhi, India",Delhi,Delhi,India,Delhi DSIIDC Industrial Estate Directory
del-ind-1277,Shahzada Bagh Industrial Area - Polythene Recycling Unit #7,waste,28.67657,77.18505,"Plot No. 75, Shahzada Bagh Industrial Area, Delhi - 110061, Delhi, India",Delhi,Delhi,India,Delhi DSIIDC Industrial Estate Directory
del-ind-1278,Shahzada Bagh Industrial Area - Engineering Unit #8,manufacturing,28.67844,77.18327,"Plot No. 33, Shahzada Bagh Industrial Area, Delhi - 110034, Delhi, India",Delhi,Delhi,India,Delhi DSIIDC Industrial Estate Directory
del-ind-1279,Shahzada Bagh Industrial Area - Textile Dyeing Unit #9,textile,28.67526,77.18645,"Plot No. 20, Shahzada Bagh Industrial Area, Delhi - 110093, Delhi, India",Delhi,Delhi,India,Delhi DSIIDC Industrial Estate Directory
del-ind-1280,Shahzada Bagh Industrial Area - Leather Goods Unit #10,manufacturing,28.66724,77.1919,"Plot No. 315, Shahzada Bagh Industrial Area, Delhi - 110084, Delhi, India",Delhi,Delhi,India,Delhi DSIIDC Industrial Estate Directory
del-ind-1281,Shahzada Bagh Industrial Area - Polythene Recycling Unit #11,waste,28.66937,77.18425,"Plot No. 306, Shahzada Bagh Industrial Area, Delhi - 110008, Delhi, India",Delhi,Delhi,India,Delhi DSIIDC Industrial Estate Directory
del-ind-1282,Shahzada Bagh Industrial Area - Engineering Unit #12,manufacturing,28.68129,77.18277,"Plot No. 328, Shahzada Bagh Industrial Area, Delhi - 110064, Delhi, India",Delhi,Delhi,India,Delhi DSIIDC Industrial Estate Directory
del-ind-1283,Shahzada Bagh Industrial Area - Textile Dyeing Unit #13,textile,28.67276,77.1859,"Plot No. 337, Shahzada Bagh Industrial Area, Delhi - 110067, Delhi, India",Delhi,Delhi,India,Delhi DSIIDC Industrial Estate Directory
del-ind-1284,Shahzada Bagh Industrial Area - Leather Goods Unit #14,manufacturing,28.67479,77.18592,"Plot No. 307, Shahzada Bagh Industrial Area, Delhi - 110066, Delhi, India",Delhi,Delhi,India,Delhi DSIIDC Industrial Estate Directory
del-ind-1285,Shahzada Bagh Industrial Area - Polythene Recycling Unit #15,waste,28.6724,77.18474,"Plot No. 87, Shahzada Bagh Industrial Area, Delhi - 110087, Delhi, India",Delhi,Delhi,India,Delhi DSIIDC Industrial Estate Directory
del-ind-1286,Shahzada Bagh Industrial Area - Engineering Unit #16,manufacturing,28.67759,77.1856,"Plot No. 1, Shahzada Bagh Industrial Area, Delhi - 110021, Delhi, India",Delhi,Delhi,India,Delhi DSIIDC Industrial Estate Directory
del-ind-1287,Shahzada Bagh Industrial Area - Textile Dyeing Unit #17,textile,28.67747,77.1865,"Plot No. 205, Shahzada Bagh Industrial Area, Delhi - 110046, Delhi, India",Delhi,Delhi,India,Delhi DSIIDC Industrial Estate Directory
del-ind-1288,Shahzada Bagh Industrial Area - Leather Goods Unit #18,manufacturing,28.67322,77.18179,"Plot No. 103, Shahzada Bagh Industrial Area, Delhi - 110067, Delhi, India",Delhi,Delhi,India,Delhi DSIIDC Industrial Estate Directory
del-ind-1289,Shahzada Bagh Industrial Area - Polythene Recycling Unit #19,waste,28.68059,77.18554,"Plot No. 47, Shahzada Bagh Industrial Area, Delhi - 110071, Delhi, India",Delhi,Delhi,India,Delhi DSIIDC Industrial Estate Directory
del-ind-1290,Shahzada Bagh Industrial Area - Engineering Unit #20,manufacturing,28.67354,77.19162,"Plot No. 299, Shahzada Bagh Industrial Area, Delhi - 110045, Delhi, India",Delhi,Delhi,India,Delhi DSIIDC Industrial Estate Directory
del-ind-1291,Shahzada Bagh Industrial Area - Textile Dyeing Unit #21,textile,28.67119,77.19042,"Plot No. 116, Shahzada Bagh Industrial Area, Delhi - 110078, Delhi, India",Delhi,Delhi,India,Delhi DSIIDC Industrial Estate Directory
del-ind-1292,Shahzada Bagh Industrial Area - Leather Goods Unit #22,manufacturing,28.67886,77.18409,"Plot No. 207, Shahzada Bagh Industrial Area, Delhi - 110074, Delhi, India",Delhi,Delhi,India,Delhi DSIIDC Industrial Estate Directory
del-ind-1293,Shahzada Bagh Industrial Area - Polythene Recycling Unit #23,waste,28.67723,77.18507,"Plot No. 260, Shahzada Bagh Industrial Area, Delhi - 110014, Delhi, India",Delhi,Delhi,India,Delhi DSIIDC Industrial Estate Directory
del-ind-1294,Shahzada Bagh Industrial Area - Engineering Unit #24,manufacturing,28.67103,77.18347,"Plot No. 175, Shahzada Bagh Industrial Area, Delhi - 110015, Delhi, India",Delhi,Delhi,India,Delhi DSIIDC Industrial Estate Directory
del-ind-1295,Shahzada Bagh Industrial Area - Textile Dyeing Unit #25,textile,28.67795,77.177,"Plot No. 449, Shahzada Bagh Industrial Area, Delhi - 110069, Delhi, India",Delhi,Delhi,India,Delhi DSIIDC Industrial Estate Directory
del-ind-1296,Shahzada Bagh Industrial Area - Leather Goods Unit #26,manufacturing,28.67682,77.18066,"Plot No. 356, Shahzada Bagh Industrial Area, Delhi - 110057, Delhi, India",Delhi,Delhi,India,Delhi DSIIDC Industrial Estate Directory
del-ind-1297,Shahzada Bagh Industrial Area - Polythene Recycling Unit #27,waste,28.67953,77.18402,"Plot No. 395, Shahzada Bagh Industrial Area, Delhi - 110032, Delhi, India",Delhi,Delhi,India,Delhi DSIIDC Industrial Estate Directory
del-ind-1298,Shahzada Bagh Industrial Area - Engineering Unit #28,manufacturing,28.67543,77.177,"Plot No. 235, Shahzada Bagh Industrial Area, Delhi - 110088, Delhi, India",Delhi,Delhi,India,Delhi DSIIDC Industrial Estate Directory
del-ind-1299,Shahzada Bagh Industrial Area - Textile Dyeing Unit #29,textile,28.67036,77.18617,"Plot No. 15, Shahzada Bagh Industrial Area, Delhi - 110062, Delhi, India",Delhi,Delhi,India,Delhi DSIIDC Industrial Estate Directory
del-ind-1300,Shahzada Bagh Industrial Area - Leather Goods Unit #30,manufacturing,28.676,77.1859,"Plot No. 325, Shahzada Bagh Industrial Area, Delhi - 110029, Delhi, India",Delhi,Delhi,India,Delhi DSIIDC Industrial Estate Directory
del-ind-1301,Shahzada Bagh Industrial Area - Polythene Recycling Unit #31,waste,28.67385,77.18267,"Plot No. 162, Shahzada Bagh Industrial Area, Delhi - 110053, Delhi, India",Delhi,Delhi,India,Delhi DSIIDC Industrial Estate Directory
del-ind-1302,Shahzada Bagh Industrial Area - Engineering Unit #32,manufacturing,28.67917,77.1838,"Plot No. 5, Shahzada Bagh Industrial Area, Delhi - 110090, Delhi, India",Delhi,Delhi,India,Delhi DSIIDC Industrial Estate Directory
del-ind-1303,Shahzada Bagh Industrial Area - Textile Dyeing Unit #33,textile,28.67634,77.18263,"Plot No. 48, Shahzada Bagh Industrial Area, Delhi - 110052, Delhi, India",Delhi,Delhi,India,Delhi DSIIDC Industrial Estate Directory
del-ind-1304,Shahzada Bagh Industrial Area - Leather Goods Unit #34,manufacturing,28.67192,77.17907,"Plot No. 39, Shahzada Bagh Industrial Area, Delhi - 110071, Delhi, India",Delhi,Delhi,India,Delhi DSIIDC Industrial Estate Directory
del-ind-1305,Shahzada Bagh Industrial Area - Polythene Recycling Unit #35,waste,28.67872,77.18329,"Plot No. 182, Shahzada Bagh Industrial Area, Delhi - 110028, Delhi, India",Delhi,Delhi,India,Delhi DSIIDC Industrial Estate Directory
del-ind-1306,Alipur Industrial Cluster - Cold Storage Unit #1,manufacturing,28.80921,77.13671,"Plot No. 383, Alipur Industrial Cluster, Delhi - 110088, Delhi, India",Delhi,Delhi,India,Delhi DSIIDC Industrial Estate Directory
del-ind-1307,Alipur Industrial Cluster - Agro-Equipment Unit #2,food,28.80897,77.13814,"Plot No. 378, Alipur Industrial Cluster, Delhi - 110026, Delhi, India",Delhi,Delhi,India,Delhi DSIIDC Industrial Estate Directory
del-ind-1308,Alipur Industrial Cluster - Packaging Unit #3,manufacturing,28.80548,77.145,"Plot No. 136, Alipur Industrial Cluster, Delhi - 110027, Delhi, India",Delhi,Delhi,India,Delhi DSIIDC Industrial Estate Directory
del-ind-1309,Alipur Industrial Cluster - Chemical Storage Unit #4,chemical,28.80667,77.1527,"Plot No. 429, Alipur Industrial Cluster, Delhi - 110080, Delhi, India",Delhi,Delhi,India,Delhi DSIIDC Industrial Estate Directory
del-ind-1310,Alipur Industrial Cluster - Cold Storage Unit #5,manufacturing,28.79775,77.14922,"Plot No. 62, Alipur Industrial Cluster, Delhi - 110011, Delhi, India",Delhi,Delhi,India,Delhi DSIIDC Industrial Estate Directory
del-ind-1311,Alipur Industrial Cluster - Agro-Equipment Unit #6,food,28.80052,77.1311,"Plot No. 315, Alipur Industrial Cluster, Delhi - 110001, Delhi, India",Delhi,Delhi,India,Delhi DSIIDC Industrial Estate Directory
del-ind-1312,Alipur Industrial Cluster - Packaging Unit #7,manufacturing,28.80575,77.1316,"Plot No. 22, Alipur Industrial Cluster, Delhi - 110062, Delhi, India",Delhi,Delhi,India,Delhi DSIIDC Industrial Estate Directory
del-ind-1313,Alipur Industrial Cluster - Chemical Storage Unit #8,chemical,28.80095,77.14425,"Plot No. 295, Alipur Industrial Cluster, Delhi - 110036, Delhi, India",Delhi,Delhi,India,Delhi DSIIDC Industrial Estate Directory
del-ind-1314,Alipur Industrial Cluster - Cold Storage Unit #9,manufacturing,28.79,77.14112,"Plot No. 262, Alipur Industrial Cluster, Delhi - 110036, Delhi, India",Delhi,Delhi,India,Delhi DSIIDC Industrial Estate Directory
del-ind-1315,Alipur Industrial Cluster - Agro-Equipment Unit #10,food,28.79599,77.14673,"Plot No. 66, Alipur Industrial Cluster, Delhi - 110007, Delhi, India",Delhi,Delhi,India,Delhi DSIIDC Industrial Estate Directory
del-ind-1316,Alipur Industrial Cluster - Packaging Unit #11,manufacturing,28.79801,77.13886,"Plot No. 277, Alipur Industrial Cluster, Delhi - 110005, Delhi, India",Delhi,Delhi,India,Delhi DSIIDC Industrial Estate Directory
del-ind-1317,Alipur Industrial Cluster - Chemical Storage Unit #12,chemical,28.79825,77.13989,"Plot No. 352, Alipur Industrial Cluster, Delhi - 110023, Delhi, India",Delhi,Delhi,India,Delhi DSIIDC Industrial Estate Directory
del-ind-1318,Alipur Industrial Cluster - Cold Storage Unit #13,manufacturing,28.8017,77.14091,"Plot No. 266, Alipur Industrial Cluster, Delhi - 110059, Delhi, India",Delhi,Delhi,India,Delhi DSIIDC Industrial Estate Directory
del-ind-1319,Alipur Industrial Cluster - Agro-Equipment Unit #14,food,28.80465,77.1408,"Plot No. 346, Alipur Industrial Cluster, Delhi - 110027, Delhi, India",Delhi,Delhi,India,Delhi DSIIDC Industrial Estate Directory
del-ind-1320,Alipur Industrial Cluster - Packaging Unit #15,manufacturing,28.80274,77.14214,"Plot No. 186, Alipur Industrial Cluster, Delhi - 110079, Delhi, India",Delhi,Delhi,India,Delhi DSIIDC Industrial Estate Directory
del-ind-1321,Alipur Industrial Cluster - Chemical Storage Unit #16,chemical,28.80781,77.13668,"Plot No. 135, Alipur Industrial Cluster, Delhi - 110031, Delhi, India",Delhi,Delhi,India,Delhi DSIIDC Industrial Estate Directory
del-ind-1322,Alipur Industrial Cluster - Cold Storage Unit #17,manufacturing,28.80293,77.155,"Plot No. 176, Alipur Industrial Cluster, Delhi - 110047, Delhi, India",Delhi,Delhi,India,Delhi DSIIDC Industrial Estate Directory
del-ind-1323,Alipur Industrial Cluster - Agro-Equipment Unit #18,food,28.80786,77.14649,"Plot No. 215, Alipur Industrial Cluster, Delhi - 110090, Delhi, India",Delhi,Delhi,India,Delhi DSIIDC Industrial Estate Directory
del-ind-1324,Alipur Industrial Cluster - Packaging Unit #19,manufacturing,28.80509,77.13357,"Plot No. 206, Alipur Industrial Cluster, Delhi - 110036, Delhi, India",Delhi,Delhi,India,Delhi DSIIDC Industrial Estate Directory
del-ind-1325,Alipur Industrial Cluster - Chemical Storage Unit #20,chemical,28.79663,77.14268,"Plot No. 295, Alipur Industrial Cluster, Delhi - 110088, Delhi, India",Delhi,Delhi,India,Delhi DSIIDC Industrial Estate Directory
del-ind-1326,Alipur Industrial Cluster - Cold Storage Unit #21,manufacturing,28.80542,77.14307,"Plot No. 139, Alipur Industrial Cluster, Delhi - 110031, Delhi, India",Delhi,Delhi,India,Delhi DSIIDC Industrial Estate Directory
del-ind-1327,Alipur Industrial Cluster - Agro-Equipment Unit #22,food,28.7925,77.13547,"Plot No. 101, Alipur Industrial Cluster, Delhi - 110019, Delhi, India",Delhi,Delhi,India,Delhi DSIIDC Industrial Estate Directory
del-ind-1328,Alipur Industrial Cluster - Packaging Unit #23,manufacturing,28.80842,77.12949,"Plot No. 243, Alipur Industrial Cluster, Delhi - 110002, Delhi, India",Delhi,Delhi,India,Delhi DSIIDC Industrial Estate Directory
del-ind-1329,Alipur Industrial Cluster - Chemical Storage Unit #24,chemical,28.80853,77.14711,"Plot No. 435, Alipur Industrial Cluster, Delhi - 110081, Delhi, India",Delhi,Delhi,India,Delhi DSIIDC Industrial Estate Directory
del-ind-1330,Alipur Industrial Cluster - Cold Storage Unit #25,manufacturing,28.79428,77.13885,"Plot No. 403, Alipur Industrial Cluster, Delhi - 110063, Delhi, India",Delhi,Delhi,India,Delhi DSIIDC Industrial Estate Directory
del-ind-1331,Alipur Industrial Cluster - Agro-Equipment Unit #26,food,28.80232,77.14825,"Plot No. 291, Alipur Industrial Cluster, Delhi - 110007, Delhi, India",Delhi,Delhi,India,Delhi DSIIDC Industrial Estate Directory
del-ind-1332,Alipur Industrial Cluster - Packaging Unit #27,manufacturing,28.7967,77.14616,"Plot No. 31, Alipur Industrial Cluster, Delhi - 110028, Delhi, India",Delhi,Delhi,India,Delhi DSIIDC Industrial Estate Directory
del-ind-1333,Alipur Industrial Cluster - Chemical Storage Unit #28,chemical,28.808,77.13293,"Plot No. 323, Alipur Industrial Cluster, Delhi - 110013, Delhi, India",Delhi,Delhi,India,Delhi DSIIDC Industrial Estate Directory
del-ind-1334,Alipur Industrial Cluster - Cold Storage Unit #29,manufacturing,28.79921,77.14189,"Plot No. 185, Alipur Industrial Cluster, Delhi - 110047, Delhi, India",Delhi,Delhi,India,Delhi DSIIDC Industrial Estate Directory
del-ind-1335,Alipur Industrial Cluster - Agro-Equipment Unit #30,food,28.79047,77.13421,"Plot No. 132, Alipur Industrial Cluster, Delhi - 110045, Delhi, India",Delhi,Delhi,India,Delhi DSIIDC Industrial Estate Directory
del-ind-1336,Alipur Industrial Cluster - Packaging Unit #31,manufacturing,28.80841,77.14043,"Plot No. 445, Alipur Industrial Cluster, Delhi - 110087, Delhi, India",Delhi,Delhi,India,Delhi DSIIDC Industrial Estate Directory
del-ind-1337,Alipur Industrial Cluster - Chemical Storage Unit #32,chemical,28.80938,77.13897,"Plot No. 295, Alipur Industrial Cluster, Delhi - 110084, Delhi, India",Delhi,Delhi,India,Delhi DSIIDC Industrial Estate Directory
del-ind-1338,Alipur Industrial Cluster - Cold Storage Unit #33,manufacturing,28.80252,77.13663,"Plot No. 400, Alipur Industrial Cluster, Delhi - 110037, Delhi, India",Delhi,Delhi,India,Delhi DSIIDC Industrial Estate Directory
del-ind-1339,Alipur Industrial Cluster - Agro-Equipment Unit #34,food,28.79881,77.14797,"Plot No. 250, Alipur Industrial Cluster, Delhi - 110095, Delhi, India",Delhi,Delhi,India,Delhi DSIIDC Industrial Estate Directory
del-ind-1340,Alipur Industrial Cluster - Packaging Unit #35,manufacturing,28.80242,77.14089,"Plot No. 315, Alipur Industrial Cluster, Delhi - 110037, Delhi, India",Delhi,Delhi,India,Delhi DSIIDC Industrial Estate Directory
del-ind-1341,Alipur Industrial Cluster - Chemical Storage Unit #36,chemical,28.79,77.14382,"Plot No. 445, Alipur Industrial Cluster, Delhi - 110022, Delhi, India",Delhi,Delhi,India,Delhi DSIIDC Industrial Estate Directory
del-ind-1342,Alipur Industrial Cluster - Cold Storage Unit #37,manufacturing,28.79516,77.12802,"Plot No. 216, Alipur Industrial Cluster, Delhi - 110081, Delhi, India",Delhi,Delhi,India,Delhi DSIIDC Industrial Estate Directory
del-ind-1343,Alipur Industrial Cluster - Agro-Equipment Unit #38,food,28.79977,77.13554,"Plot No. 37, Alipur Industrial Cluster, Delhi - 110011, Delhi, India",Delhi,Delhi,India,Delhi DSIIDC Industrial Estate Directory
del-ind-1344,Alipur Industrial Cluster - Packaging Unit #39,manufacturing,28.80755,77.14413,"Plot No. 163, Alipur Industrial Cluster, Delhi - 110084, Delhi, India",Delhi,Delhi,India,Delhi DSIIDC Industrial Estate Directory
del-ind-1345,Alipur Industrial Cluster - Chemical Storage Unit #40,chemical,28.80363,77.14515,"Plot No. 331, Alipur Industrial Cluster, Delhi - 110051, Delhi, India",Delhi,Delhi,India,Delhi DSIIDC Industrial Estate Directory
del-ind-1346,Alipur Industrial Cluster - Cold Storage Unit #41,manufacturing,28.80403,77.14726,"Plot No. 442, Alipur Industrial Cluster, Delhi - 110047, Delhi, India",Delhi,Delhi,India,Delhi DSIIDC Industrial Estate Directory
del-ind-1347,Alipur Industrial Cluster - Agro-Equipment Unit #42,food,28.80489,77.13181,"Plot No. 231, Alipur Industrial Cluster, Delhi - 110053, Delhi, India",Delhi,Delhi,India,Delhi DSIIDC Industrial Estate Directory
del-ind-1348,Alipur Industrial Cluster - Packaging Unit #43,manufacturing,28.81158,77.1515,"Plot No. 65, Alipur Industrial Cluster, Delhi - 110094, Delhi, India",Delhi,Delhi,India,Delhi DSIIDC Industrial Estate Directory
del-ind-1349,Alipur Industrial Cluster - Chemical Storage Unit #44,chemical,28.8055,77.14512,"Plot No. 381, Alipur Industrial Cluster, Delhi - 110090, Delhi, India",Delhi,Delhi,India,Delhi DSIIDC Industrial Estate Directory
del-ind-1350,Alipur Industrial Cluster - Cold Storage Unit #45,manufacturing,28.80499,77.13536,"Plot No. 204, Alipur Industrial Cluster, Delhi - 110014, Delhi, India",Delhi,Delhi,India,Delhi DSIIDC Industrial Estate Directory
del-ind-1351,Okhla Industrial Area (Phase I-III) - Electronics Unit #1,electronics,28.54545,77.28695,"Plot No. 243, Okhla Industrial Area (Phase I-III), Delhi - 110071, Delhi, India",Delhi,Delhi,India,Delhi DSIIDC Industrial Estate Directory
del-ind-1352,Okhla Industrial Area (Phase I-III) - Precision Engineering Unit #2,manufacturing,28.54258,77.28013,"Plot No. 269, Okhla Industrial Area (Phase I-III), Delhi - 110011, Delhi, India",Delhi,Delhi,India,Delhi DSIIDC Industrial Estate Directory
del-ind-1353,Okhla Industrial Area (Phase I-III) - Printing Unit #3,manufacturing,28.53792,77.28259,"Plot No. 44, Okhla Industrial Area (Phase I-III), Delhi - 110084, Delhi, India",Delhi,Delhi,India,Delhi DSIIDC Industrial Estate Directory
del-ind-1354,Okhla Industrial Area (Phase I-III) - Garment Manufacturing Unit #4,textile,28.53613,77.27127,"Plot No. 118, Okhla Industrial Area (Phase I-III), Delhi - 110032, Delhi, India",Delhi,Delhi,India,Delhi DSIIDC Industrial Estate Directory
del-ind-1355,Okhla Industrial Area (Phase I-III) - Chemical Laboratories Unit #5,chemical,28.52724,77.26529,"Plot No. 65, Okhla Industrial Area (Phase I-III), Delhi - 110017, Delhi, India",Delhi,Delhi,India,Delhi DSIIDC Industrial Estate Directory
del-ind-1356,Okhla Industrial Area (Phase I-III) - Electronics Unit #6,electronics,28.52257,77.27408,"Plot No. 18, Okhla Industrial Area (Phase I-III), Delhi - 110085, Delhi, India",Delhi,Delhi,India,Delhi DSIIDC Industrial Estate Directory
del-ind-1357,Okhla Industrial Area (Phase I-III) - Precision Engineering Unit #7,manufacturing,28.51556,77.29066,"Plot No. 443, Okhla Industrial Area (Phase I-III), Delhi - 110061, Delhi, India",Delhi,Delhi,India,Delhi DSIIDC Industrial Estate Directory
del-ind-1358,Okhla Industrial Area (Phase I-III) - Printing Unit #8,manufacturing,28.51017,77.27873,"Plot No. 140, Okhla Industrial Area (Phase I-III), Delhi - 110071, Delhi, India",Delhi,Delhi,India,Delhi DSIIDC Industrial Estate Directory
del-ind-1359,Okhla Industrial Area (Phase I-III) - Garment Manufacturing Unit #9,textile,28.508,77.28308,"Plot No. 358, Okhla Industrial Area (Phase I-III), Delhi - 110070, Delhi, India",Delhi,Delhi,India,Delhi DSIIDC Industrial Estate Directory
del-ind-1360,Okhla Industrial Area (Phase I-III) - Chemical Laboratories Unit #10,chemical,28.53337,77.28589,"Plot No. 324, Okhla Industrial Area (Phase I-III), Delhi - 110096, Delhi, India",Delhi,Delhi,India,Delhi DSIIDC Industrial Estate Directory
del-ind-1361,Okhla Industrial Area (Phase I-III) - Electronics Unit #11,electronics,28.52038,77.26626,"Plot No. 269, Okhla Industrial Area (Phase I-III), Delhi - 110082, Delhi, India",Delhi,Delhi,India,Delhi DSIIDC Industrial Estate Directory
del-ind-1362,Okhla Industrial Area (Phase I-III) - Precision Engineering Unit #12,manufacturing,28.52304,77.26904,"Plot No. 178, Okhla Industrial Area (Phase I-III), Delhi - 110062, Delhi, India",Delhi,Delhi,India,Delhi DSIIDC Industrial Estate Directory
del-ind-1363,Okhla Industrial Area (Phase I-III) - Printing Unit #13,manufacturing,28.51224,77.27099,"Plot No. 227, Okhla Industrial Area (Phase I-III), Delhi - 110040, Delhi, India",Delhi,Delhi,India,Delhi DSIIDC Industrial Estate Directory
del-ind-1364,Okhla Industrial Area (Phase I-III) - Garment Manufacturing Unit #14,textile,28.52336,77.28021,"Plot No. 156, Okhla Industrial Area (Phase I-III), Delhi - 110002, Delhi, India",Delhi,Delhi,India,Delhi DSIIDC Industrial Estate Directory
del-ind-1365,Okhla Industrial Area (Phase I-III) - Chemical Laboratories Unit #15,chemical,28.54454,77.27501,"Plot No. 435, Okhla Industrial Area (Phase I-III), Delhi - 110018, Delhi, India",Delhi,Delhi,India,Delhi DSIIDC Industrial Estate Directory
del-ind-1366,Okhla Industrial Area (Phase I-III) - Electronics Unit #16,electronics,28.52237,77.28342,"Plot No. 5, Okhla Industrial Area (Phase I-III), Delhi - 110089, Delhi, India",Delhi,Delhi,India,Delhi DSIIDC Industrial Estate Directory
del-ind-1367,Okhla Industrial Area (Phase I-III) - Precision Engineering Unit #17,manufacturing,28.54725,77.26474,"Plot No. 245, Okhla Industrial Area (Phase I-III), Delhi - 110039, Delhi, India",Delhi,Delhi,India,Delhi DSIIDC Industrial Estate Directory
del-ind-1368,Okhla Industrial Area (Phase I-III) - Printing Unit #18,manufacturing,28.53753,77.27555,"Plot No. 150, Okhla Industrial Area (Phase I-III), Delhi - 110077, Delhi, India",Delhi,Delhi,India,Delhi DSIIDC Industrial Estate Directory
del-ind-1369,Okhla Industrial Area (Phase I-III) - Garment Manufacturing Unit #19,textile,28.52813,77.27608,"Plot No. 192, Okhla Industrial Area (Phase I-III), Delhi - 110025, Delhi, India",Delhi,Delhi,India,Delhi DSIIDC Industrial Estate Directory
del-ind-1370,Okhla Industrial Area (Phase I-III) - Chemical Laboratories Unit #20,chemical,28.51819,77.28108,"Plot No. 203, Okhla Industrial Area (Phase I-III), Delhi - 110032, Delhi, India",Delhi,Delhi,India,Delhi DSIIDC Industrial Estate Directory
del-ind-1371,Okhla Industrial Area (Phase I-III) - Electronics Unit #21,electronics,28.53563,77.28758,"Plot No. 200, Okhla Industrial Area (Phase I-III), Delhi - 110049, Delhi, India",Delhi,Delhi,India,Delhi DSIIDC Industrial Estate Directory
del-ind-1372,Okhla Industrial Area (Phase I-III) - Precision Engineering Unit #22,manufacturing,28.52867,77.27859,"Plot No. 321, Okhla Industrial Area (Phase I-III), Delhi - 110031, Delhi, India",Delhi,Delhi,India,Delhi DSIIDC Industrial Estate Directory
del-ind-1373,Okhla Industrial Area (Phase I-III) - Printing Unit #23,manufacturing,28.51194,77.27332,"Plot No. 314, Okhla Industrial Area (Phase I-III), Delhi - 110089, Delhi, India",Delhi,Delhi,India,Delhi DSIIDC Industrial Estate Directory
del-ind-1374,Okhla Industrial Area (Phase I-III) - Garment Manufacturing Unit #24,textile,28.52506,77.26825,"Plot No. 381, Okhla Industrial Area (Phase I-III), Delhi - 110069, Delhi, India",Delhi,Delhi,India,Delhi DSIIDC Industrial Estate Directory
del-ind-1375,Okhla Industrial Area (Phase I-III) - Chemical Laboratories Unit #25,chemical,28.53135,77.26634,"Plot No. 437, Okhla Industrial Area (Phase I-III), Delhi - 110009, Delhi, India",Delhi,Delhi,India,Delhi DSIIDC Industrial Estate Directory
del-ind-1376,Okhla Industrial Area (Phase I-III) - Electronics Unit #26,electronics,28.53107,77.28178,"Plot No. 327, Okhla Industrial Area (Phase I-III), Delhi - 110059, Delhi, India",Delhi,Delhi,India,Delhi DSIIDC Industrial Estate Directory
del-ind-1377,Okhla Industrial Area (Phase I-III) - Precision Engineering Unit #27,manufacturing,28.5227,77.27016,"Plot No. 319, Okhla Industrial Area (Phase I-III), Delhi - 110063, Delhi, India",Delhi,Delhi,India,Delhi DSIIDC Industrial Estate Directory
del-ind-1378,Okhla Industrial Area (Phase I-III) - Printing Unit #28,manufacturing,28.52868,77.27665,"Plot No. 26, Okhla Industrial Area (Phase I-III), Delhi - 110069, Delhi, India",Delhi,Delhi,India,Delhi DSIIDC Industrial Estate Directory
del-ind-1379,Okhla Industrial Area (Phase I-III) - Garment Manufacturing Unit #29,textile,28.548,77.27834,"Plot No. 145, Okhla Industrial Area (Phase I-III), Delhi - 110035, Delhi, India",Delhi,Delhi,India,Delhi DSIIDC Industrial Estate Directory
del-ind-1380,Okhla Industrial Area (Phase I-III) - Chemical Laboratories Unit #30,chemical,28.53483,77.28184,"Plot No. 5, Okhla Industrial Area (Phase I-III), Delhi - 110030, Delhi, India",Delhi,Delhi,India,Delhi DSIIDC Industrial Estate Directory
del-ind-1381,Okhla Industrial Area (Phase I-III) - Electronics Unit #31,electronics,28.52931,77.27583,"Plot No. 112, Okhla Industrial Area (Phase I-III), Delhi - 110044, Delhi, India",Delhi,Delhi,India,Delhi DSIIDC Industrial Estate Directory
del-ind-1382,Okhla Industrial Area (Phase I-III) - Precision Engineering Unit #32,manufacturing,28.51414,77.28259,"Plot No. 256, Okhla Industrial Area (Phase I-III), Delhi - 110048, Delhi, India",Delhi,Delhi,India,Delhi DSIIDC Industrial Estate Directory
del-ind-1383,Okhla Industrial Area (Phase I-III) - Printing Unit #33,manufacturing,28.51248,77.2786,"Plot No. 170, Okhla Industrial Area (Phase I-III), Delhi - 110011, Delhi, India",Delhi,Delhi,India,Delhi DSIIDC Industrial Estate Directory
del-ind-1384,Okhla Industrial Area (Phase I-III) - Garment Manufacturing Unit #34,textile,28.54028,77.25657,"Plot No. 29, Okhla Industrial Area (Phase I-III), Delhi - 110035, Delhi, India",Delhi,Delhi,India,Delhi DSIIDC Industrial Estate Directory
del-ind-1385,Okhla Industrial Area (Phase I-III) - Chemical Laboratories Unit #35,chemical,28.52856,77.27158,"Plot No. 241, Okhla Industrial Area (Phase I-III), Delhi - 110024, Delhi, India",Delhi,Delhi,India,Delhi DSIIDC Industrial Estate Directory
del-ind-1386,Okhla Industrial Area (Phase I-III) - Electronics Unit #36,electronics,28.53414,77.29115,"Plot No. 419, Okhla Industrial Area (Phase I-III), Delhi - 110049, Delhi, India",Delhi,Delhi,India,Delhi DSIIDC Industrial Estate Directory
del-ind-1387,Okhla Industrial Area (Phase I-III) - Precision Engineering Unit #37,manufacturing,28.53017,77.27095,"Plot No. 394, Okhla Industrial Area (Phase I-III), Delhi - 110092, Delhi, India",Delhi,Delhi,India,Delhi DSIIDC Industrial Estate Directory
del-ind-1388,Okhla Industrial Area (Phase I-III) - Printing Unit #38,manufacturing,28.5281,77.29046,"Plot No. 227, Okhla Industrial Area (Phase I-III), Delhi - 110032, Delhi, India",Delhi,Delhi,India,Delhi DSIIDC Industrial Estate Directory
del-ind-1389,Okhla Industrial Area (Phase I-III) - Garment Manufacturing Unit #39,textile,28.52782,77.27266,"Plot No. 236, Okhla Industrial Area (Phase I-III), Delhi - 110095, Delhi, India",Delhi,Delhi,India,Delhi DSIIDC Industrial Estate Directory
del-ind-1390,Okhla Industrial Area (Phase I-III) - Chemical Laboratories Unit #40,chemical,28.52944,77.26417,"Plot No. 107, Okhla Industrial Area (Phase I-III), Delhi - 110061, Delhi, India",Delhi,Delhi,India,Delhi DSIIDC Industrial Estate Directory
del-ind-1391,Okhla Industrial Area (Phase I-III) - Electronics Unit #41,electronics,28.5104,77.28972,"Plot No. 166, Okhla Industrial Area (Phase I-III), Delhi - 110021, Delhi, India",Delhi,Delhi,India,Delhi DSIIDC Industrial Estate Directory
del-ind-1392,Okhla Industrial Area (Phase I-III) - Precision Engineering Unit #42,manufacturing,28.52618,77.27308,"Plot No. 282, Okhla Industrial Area (Phase I-III), Delhi - 110067, Delhi, India",Delhi,Delhi,India,Delhi DSIIDC Industrial Estate Directory
del-ind-1393,Okhla Industrial Area (Phase I-III) - Printing Unit #43,manufacturing,28.53542,77.28216,"Plot No. 153, Okhla Industrial Area (Phase I-III), Delhi - 110026, Delhi, India",Delhi,Delhi,India,Delhi DSIIDC Industrial Estate Directory
del-ind-1394,Okhla Industrial Area (Phase I-III) - Garment Manufacturing Unit #44,textile,28.52612,77.27726,"Plot No. 342, Okhla Industrial Area (Phase I-III), Delhi - 110028, Delhi, India",Delhi,Delhi,India,Delhi DSIIDC Industrial Estate Directory
del-ind-1395,Okhla Industrial Area (Phase I-III) - Chemical Laboratories Unit #45,chemical,28.53451,77.2739,"Plot No. 223, Okhla Industrial Area (Phase I-III), Delhi - 110042, Delhi, India",Delhi,Delhi,India,Delhi DSIIDC Industrial Estate Directory
del-ind-1396,Okhla Industrial Area (Phase I-III) - Electronics Unit #46,electronics,28.54394,77.27651,"Plot No. 300, Okhla Industrial Area (Phase I-III), Delhi - 110016, Delhi, India",Delhi,Delhi,India,Delhi DSIIDC Industrial Estate Directory
del-ind-1397,Okhla Industrial Area (Phase I-III) - Precision Engineering Unit #47,manufacturing,28.52267,77.27909,"Plot No. 22, Okhla Industrial Area (Phase I-III), Delhi - 110075, Delhi, India",Delhi,Delhi,India,Delhi DSIIDC Industrial Estate Directory
del-ind-1398,Okhla Industrial Area (Phase I-III) - Printing Unit #48,manufacturing,28.53013,77.265,"Plot No. 306, Okhla Industrial Area (Phase I-III), Delhi - 110020, Delhi, India",Delhi,Delhi,India,Delhi DSIIDC Industrial Estate Directory
del-ind-1399,Okhla Industrial Area (Phase I-III) - Garment Manufacturing Unit #49,textile,28.52531,77.27782,"Plot No. 81, Okhla Industrial Area (Phase I-III), Delhi - 110064, Delhi, India",Delhi,Delhi,India,Delhi DSIIDC Industrial Estate Directory
del-ind-1400,Okhla Industrial Area (Phase I-III) - Chemical Laboratories Unit #50,chemical,28.53849,77.28179,"Plot No. 389, Okhla Industrial Area (Phase I-III), Delhi - 110081, Delhi, India",Delhi,Delhi,India,Delhi DSIIDC Industrial Estate Directory
del-ind-1401,Okhla Industrial Area (Phase I-III) - Electronics Unit #51,electronics,28.53584,77.27811,"Plot No. 79, Okhla Industrial Area (Phase I-III), Delhi - 110090, Delhi, India",Delhi,Delhi,India,Delhi DSIIDC Industrial Estate Directory
del-ind-1402,Okhla Industrial Area (Phase I-III) - Precision Engineering Unit #52,manufacturing,28.52382,77.27403,"Plot No. 250, Okhla Industrial Area (Phase I-III), Delhi - 110030, Delhi, India",Delhi,Delhi,India,Delhi DSIIDC Industrial Estate Directory
del-ind-1403,Okhla Industrial Area (Phase I-III) - Printing Unit #53,manufacturing,28.52332,77.28551,"Plot No. 331, Okhla Industrial Area (Phase I-III), Delhi - 110045, Delhi, India",Delhi,Delhi,India,Delhi DSIIDC Industrial Estate Directory
del-ind-1404,Okhla Industrial Area (Phase I-III) - Garment Manufacturing Unit #54,textile,28.53131,77.26591,"Plot No. 99, Okhla Industrial Area (Phase I-III), Delhi - 110003, Delhi, India",Delhi,Delhi,India,Delhi DSIIDC Industrial Estate Directory
del-ind-1405,Okhla Industrial Area (Phase I-III) - Chemical Laboratories Unit #55,chemical,28.52484,77.26713,"Plot No. 69, Okhla Industrial Area (Phase I-III), Delhi - 110033, Delhi, India",Delhi,Delhi,India,Delhi DSIIDC Industrial Estate Directory
del-ind-1406,Okhla Industrial Area (Phase I-III) - Electronics Unit #56,electronics,28.53634,77.26883,"Plot No. 225, Okhla Industrial Area (Phase I-III), Delhi - 110072, Delhi, India",Delhi,Delhi,India,Delhi DSIIDC Industrial Estate Directory
del-ind-1407,Okhla Industrial Area (Phase I-III) - Precision Engineering Unit #57,manufacturing,28.52414,77.28836,"Plot No. 98, Okhla Industrial Area (Phase I-III), Delhi - 110073, Delhi, India",Delhi,Delhi,India,Delhi DSIIDC Industrial Estate Directory
del-ind-1408,Okhla Industrial Area (Phase I-III) - Printing Unit #58,manufacturing,28.53123,77.28267,"Plot No. 375, Okhla Industrial Area (Phase I-III), Delhi - 110060, Delhi, India",Delhi,Delhi,India,Delhi DSIIDC Industrial Estate Directory
del-ind-1409,Okhla Industrial Area (Phase I-III) - Garment Manufacturing Unit #59,textile,28.52531,77.29177,"Plot No. 441, Okhla Industrial Area (Phase I-III), Delhi - 110071, Delhi, India",Delhi,Delhi,India,Delhi DSIIDC Industrial Estate Directory
del-ind-1410,Okhla Industrial Area (Phase I-III) - Chemical Laboratories Unit #60,chemical,28.53392,77.28437,"Plot No. 231, Okhla Industrial Area (Phase I-III), Delhi - 110038, Delhi, India",Delhi,Delhi,India,Delhi DSIIDC Industrial Estate Directory
del-ind-1411,Okhla Industrial Area (Phase I-III) - Electronics Unit #61,electronics,28.53275,77.26481,"Plot No. 233, Okhla Industrial Area (Phase I-III), Delhi - 110001, Delhi, India",Delhi,Delhi,India,Delhi DSIIDC Industrial Estate Directory
del-ind-1412,Okhla Industrial Area (Phase I-III) - Precision Engineering Unit #62,manufacturing,28.52973,77.26445,"Plot No. 376, Okhla Industrial Area (Phase I-III), Delhi - 110024, Delhi, India",Delhi,Delhi,India,Delhi DSIIDC Industrial Estate Directory
del-ind-1413,Okhla Industrial Area (Phase I-III) - Printing Unit #63,manufacturing,28.53728,77.2666,"Plot No. 187, Okhla Industrial Area (Phase I-III), Delhi - 110080, Delhi, India",Delhi,Delhi,India,Delhi DSIIDC Industrial Estate Directory
del-ind-1414,Okhla Industrial Area (Phase I-III) - Garment Manufacturing Unit #64,textile,28.52901,77.28934,"Plot No. 338, Okhla Industrial Area (Phase I-III), Delhi - 110069, Delhi, India",Delhi,Delhi,India,Delhi DSIIDC Industrial Estate Directory
del-ind-1415,Okhla Industrial Area (Phase I-III) - Chemical Laboratories Unit #65,chemical,28.53046,77.2697,"Plot No. 350, Okhla Industrial Area (Phase I-III), Delhi - 110064, Delhi, India",Delhi,Delhi,India,Delhi DSIIDC Industrial Estate Directory
del-ind-1416,Okhla Industrial Area (Phase I-III) - Electronics Unit #66,electronics,28.52851,77.26982,"Plot No. 145, Okhla Industrial Area (Phase I-III), Delhi - 110042, Delhi, India",Delhi,Delhi,India,Delhi DSIIDC Industrial Estate Directory
del-ind-1417,Okhla Industrial Area (Phase I-III) - Precision Engineering Unit #67,manufacturing,28.52131,77.27926,"Plot No. 50, Okhla Industrial Area (Phase I-III), Delhi - 110067, Delhi, India",Delhi,Delhi,India,Delhi DSIIDC Industrial Estate Directory
del-ind-1418,Okhla Industrial Area (Phase I-III) - Printing Unit #68,manufacturing,28.52654,77.27274,"Plot No. 67, Okhla Industrial Area (Phase I-III), Delhi - 110023, Delhi, India",Delhi,Delhi,India,Delhi DSIIDC Industrial Estate Directory
del-ind-1419,Okhla Industrial Area (Phase I-III) - Garment Manufacturing Unit #69,textile,28.53224,77.27068,"Plot No. 249, Okhla Industrial Area (Phase I-III), Delhi - 110025, Delhi, India",Delhi,Delhi,India,Delhi DSIIDC Industrial Estate Directory
del-ind-1420,Okhla Industrial Area (Phase I-III) - Chemical Laboratories Unit #70,chemical,28.53753,77.28181,"Plot No. 429, Okhla Industrial Area (Phase I-III), Delhi - 110050, Delhi, India",Delhi,Delhi,India,Delhi DSIIDC Industrial Estate Directory
del-ind-1421,Okhla Industrial Area (Phase I-III) - Electronics Unit #71,electronics,28.52199,77.26579,"Plot No. 360, Okhla Industrial Area (Phase I-III), Delhi - 110076, Delhi, India",Delhi,Delhi,India,Delhi DSIIDC Industrial Estate Directory
del-ind-1422,Okhla Industrial Area (Phase I-III) - Precision Engineering Unit #72,manufacturing,28.52768,77.28359,"Plot No. 311, Okhla Industrial Area (Phase I-III), Delhi - 110092, Delhi, India",Delhi,Delhi,India,Delhi DSIIDC Industrial Estate Directory
del-ind-1423,Okhla Industrial Area (Phase I-III) - Printing Unit #73,manufacturing,28.54674,77.28395,"Plot No. 107, Okhla Industrial Area (Phase I-III), Delhi - 110084, Delhi, India",Delhi,Delhi,India,Delhi DSIIDC Industrial Estate Directory
del-ind-1424,Okhla Industrial Area (Phase I-III) - Garment Manufacturing Unit #74,textile,28.50913,77.27602,"Plot No. 41, Okhla Industrial Area (Phase I-III), Delhi - 110060, Delhi, India",Delhi,Delhi,India,Delhi DSIIDC Industrial Estate Directory
del-ind-1425,Okhla Industrial Area (Phase I-III) - Chemical Laboratories Unit #75,chemical,28.529,77.27198,"Plot No. 286, Okhla Industrial Area (Phase I-III), Delhi - 110096, Delhi, India",Delhi,Delhi,India,Delhi DSIIDC Industrial Estate Directory
del-ind-1426,Okhla Industrial Area (Phase I-III) - Electronics Unit #76,electronics,28.53664,77.27147,"Plot No. 189, Okhla Industrial Area (Phase I-III), Delhi - 110091, Delhi, India",Delhi,Delhi,India,Delhi DSIIDC Industrial Estate Directory
del-ind-1427,Okhla Industrial Area (Phase I-III) - Precision Engineering Unit #77,manufacturing,28.53964,77.27947,"Plot No. 271, Okhla Industrial Area (Phase I-III), Delhi - 110006, Delhi, India",Delhi,Delhi,India,Delhi DSIIDC Industrial Estate Directory
del-ind-1428,Okhla Industrial Area (Phase I-III) - Printing Unit #78,manufacturing,28.52632,77.25801,"Plot No. 40, Okhla Industrial Area (Phase I-III), Delhi - 110028, Delhi, India",Delhi,Delhi,India,Delhi DSIIDC Industrial Estate Directory
del-ind-1429,Okhla Industrial Area (Phase I-III) - Garment Manufacturing Unit #79,textile,28.53194,77.274,"Plot No. 372, Okhla Industrial Area (Phase I-III), Delhi - 110030, Delhi, India",Delhi,Delhi,India,Delhi DSIIDC Industrial Estate Directory
del-ind-1430,Okhla Industrial Area (Phase I-III) - Chemical Laboratories Unit #80,chemical,28.52228,77.27385,"Plot No. 270, Okhla Industrial Area (Phase I-III), Delhi - 110085, Delhi, India",Delhi,Delhi,India,Delhi DSIIDC Industrial Estate Directory
del-ind-1431,Okhla Industrial Area (Phase I-III) - Electronics Unit #81,electronics,28.5281,77.28761,"Plot No. 92, Okhla Industrial Area (Phase I-III), Delhi - 110072, Delhi, India",Delhi,Delhi,India,Delhi DSIIDC Industrial Estate Directory
del-ind-1432,Okhla Industrial Area (Phase I-III) - Precision Engineering Unit #82,manufacturing,28.52795,77.26568,"Plot No. 55, Okhla Industrial Area (Phase I-III), Delhi - 110082, Delhi, India",Delhi,Delhi,India,Delhi DSIIDC Industrial Estate Directory
del-ind-1433,Okhla Industrial Area (Phase I-III) - Printing Unit #83,manufacturing,28.51605,77.26876,"Plot No. 360, Okhla Industrial Area (Phase I-III), Delhi - 110086, Delhi, India",Delhi,Delhi,India,Delhi DSIIDC Industrial Estate Directory
del-ind-1434,Okhla Industrial Area (Phase I-III) - Garment Manufacturing Unit #84,textile,28.52422,77.27687,"Plot No. 406, Okhla Industrial Area (Phase I-III), Delhi - 110024, Delhi, India",Delhi,Delhi,India,Delhi DSIIDC Industrial Estate Directory
del-ind-1435,Okhla Industrial Area (Phase I-III) - Chemical Laboratories Unit #85,chemical,28.51785,77.27171,"Plot No. 337, Okhla Industrial Area (Phase I-III), Delhi - 110021, Delhi, India",Delhi,Delhi,India,Delhi DSIIDC Industrial Estate Directory
del-ind-1436,Okhla Industrial Area (Phase I-III) - Electronics Unit #86,electronics,28.51609,77.27242,"Plot No. 181, Okhla Industrial Area (Phase I-III), Delhi - 110041, Delhi, India",Delhi,Delhi,India,Delhi DSIIDC Industrial Estate Directory
del-ind-1437,Okhla Industrial Area (Phase I-III) - Precision Engineering Unit #87,manufacturing,28.508,77.26555,"Plot No. 433, Okhla Industrial Area (Phase I-III), Delhi - 110048, Delhi, India",Delhi,Delhi,India,Delhi DSIIDC Industrial Estate Directory
del-ind-1438,Okhla Industrial Area (Phase I-III) - Printing Unit #88,manufacturing,28.51714,77.28167,"Plot No. 423, Okhla Industrial Area (Phase I-III), Delhi - 110093, Delhi, India",Delhi,Delhi,India,Delhi DSIIDC Industrial Estate Directory
del-ind-1439,Okhla Industrial Area (Phase I-III) - Garment Manufacturing Unit #89,textile,28.52503,77.28098,"Plot No. 280, Okhla Industrial Area (Phase I-III), Delhi - 110028, Delhi, India",Delhi,Delhi,India,Delhi DSIIDC Industrial Estate Directory
del-ind-1440,Okhla Industrial Area (Phase I-III) - Chemical Laboratories Unit #90,chemical,28.51995,77.28304,"Plot No. 382, Okhla Industrial Area (Phase I-III), Delhi - 110033, Delhi, India",Delhi,Delhi,India,Delhi DSIIDC Industrial Estate Directory
del-ind-1441,Okhla Industrial Area (Phase I-III) - Electronics Unit #91,electronics,28.5217,77.28261,"Plot No. 204, Okhla Industrial Area (Phase I-III), Delhi - 110001, Delhi, India",Delhi,Delhi,India,Delhi DSIIDC Industrial Estate Directory
del-ind-1442,Okhla Industrial Area (Phase I-III) - Precision Engineering Unit #92,manufacturing,28.52419,77.255,"Plot No. 306, Okhla Industrial Area (Phase I-III), Delhi - 110003, Delhi, India",Delhi,Delhi,India,Delhi DSIIDC Industrial Estate Directory
del-ind-1443,Okhla Industrial Area (Phase I-III) - Printing Unit #93,manufacturing,28.508,77.27185,"Plot No. 155, Okhla Industrial Area (Phase I-III), Delhi - 110001, Delhi, India",Delhi,Delhi,India,Delhi DSIIDC Industrial Estate Directory
del-ind-1444,Okhla Industrial Area (Phase I-III) - Garment Manufacturing Unit #94,textile,28.52602,77.28106,"Plot No. 439, Okhla Industrial Area (Phase I-III), Delhi - 110041, Delhi, India",Delhi,Delhi,India,Delhi DSIIDC Industrial Estate Directory
del-ind-1445,Okhla Industrial Area (Phase I-III) - Chemical Laboratories Unit #95,chemical,28.54456,77.27727,"Plot No. 354, Okhla Industrial Area (Phase I-III), Delhi - 110036, Delhi, India",Delhi,Delhi,India,Delhi DSIIDC Industrial Estate Directory
del-ind-1446,Okhla Industrial Area (Phase I-III) - Electronics Unit #96,electronics,28.53741,77.26976,"Plot No. 293, Okhla Industrial Area (Phase I-III), Delhi - 110074, Delhi, India",Delhi,Delhi,India,Delhi DSIIDC Industrial Estate Directory
del-ind-1447,Okhla Industrial Area (Phase I-III) - Precision Engineering Unit #97,manufacturing,28.52941,77.27706,"Plot No. 183, Okhla Industrial Area (Phase I-III), Delhi - 110020, Delhi, India",Delhi,Delhi,India,Delhi DSIIDC Industrial Estate Directory
del-ind-1448,Okhla Industrial Area (Phase I-III) - Printing Unit #98,manufacturing,28.53355,77.28158,"Plot No. 299, Okhla Industrial Area (Phase I-III), Delhi - 110032, Delhi, India",Delhi,Delhi,India,Delhi DSIIDC Industrial Estate Directory
del-ind-1449,Okhla Industrial Area (Phase I-III) - Garment Manufacturing Unit #99,textile,28.52975,77.29134,"Plot No. 48, Okhla Industrial Area (Phase I-III), Delhi - 110074, Delhi, India",Delhi,Delhi,India,Delhi DSIIDC Industrial Estate Directory
del-ind-1450,Okhla Industrial Area (Phase I-III) - Chemical Laboratories Unit #100,chemical,28.51174,77.28685,"Plot No. 376, Okhla Industrial Area (Phase I-III), Delhi - 110010, Delhi, India",Delhi,Delhi,India,Delhi DSIIDC Industrial Estate Directory
del-ind-1451,Okhla Industrial Area (Phase I-III) - Electronics Unit #101,electronics,28.52536,77.25925,"Plot No. 89, Okhla Industrial Area (Phase I-III), Delhi - 110063, Delhi, India",Delhi,Delhi,India,Delhi DSIIDC Industrial Estate Directory
del-ind-1452,Okhla Industrial Area (Phase I-III) - Precision Engineering Unit #102,manufacturing,28.5343,77.26276,"Plot No. 296, Okhla Industrial Area (Phase I-III), Delhi - 110013, Delhi, India",Delhi,Delhi,India,Delhi DSIIDC Industrial Estate Directory
del-ind-1453,Okhla Industrial Area (Phase I-III) - Printing Unit #103,manufacturing,28.52171,77.27071,"Plot No. 375, Okhla Industrial Area (Phase I-III), Delhi - 110074, Delhi, India",Delhi,Delhi,India,Delhi DSIIDC Industrial Estate Directory
del-ind-1454,Okhla Industrial Area (Phase I-III) - Garment Manufacturing Unit #104,textile,28.51648,77.28561,"Plot No. 395, Okhla Industrial Area (Phase I-III), Delhi - 110043, Delhi, India",Delhi,Delhi,India,Delhi DSIIDC Industrial Estate Directory
del-ind-1455,Okhla Industrial Area (Phase I-III) - Chemical Laboratories Unit #105,chemical,28.51842,77.28855,"Plot No. 214, Okhla Industrial Area (Phase I-III), Delhi - 110016, Delhi, India",Delhi,Delhi,India,Delhi DSIIDC Industrial Estate Directory
del-ind-1456,Okhla Industrial Area (Phase I-III) - Electronics Unit #106,electronics,28.53241,77.27029,"Plot No. 335, Okhla Industrial Area (Phase I-III), Delhi - 110078, Delhi, India",Delhi,Delhi,India,Delhi DSIIDC Industrial Estate Directory
del-ind-1457,Okhla Industrial Area (Phase I-III) - Precision Engineering Unit #107,manufacturing,28.5395,77.26947,"Plot No. 324, Okhla Industrial Area (Phase I-III), Delhi - 110049, Delhi, India",Delhi,Delhi,India,Delhi DSIIDC Industrial Estate Directory
del-ind-1458,Okhla Industrial Area (Phase I-III) - Printing Unit #108,manufacturing,28.53834,77.27866,"Plot No. 164, Okhla Industrial Area (Phase I-III), Delhi - 110070, Delhi, India",Delhi,Delhi,India,Delhi DSIIDC Industrial Estate Directory
del-ind-1459,Okhla Industrial Area (Phase I-III) - Garment Manufacturing Unit #109,textile,28.52065,77.27182,"Plot No. 358, Okhla Industrial Area (Phase I-III), Delhi - 110029, Delhi, India",Delhi,Delhi,India,Delhi DSIIDC Industrial Estate Directory
del-ind-1460,Okhla Industrial Area (Phase I-III) - Chemical Laboratories Unit #110,chemical,28.5357,77.28605,"Plot No. 202, Okhla Industrial Area (Phase I-III), Delhi - 110058, Delhi, India",Delhi,Delhi,India,Delhi DSIIDC Industrial Estate Directory
del-ind-1461,Okhla Industrial Area (Phase I-III) - Electronics Unit #111,electronics,28.52821,77.26322,"Plot No. 47, Okhla Industrial Area (Phase I-III), Delhi - 110029, Delhi, India",Delhi,Delhi,India,Delhi DSIIDC Industrial Estate Directory
del-ind-1462,Okhla Industrial Area (Phase I-III) - Precision Engineering Unit #112,manufacturing,28.51361,77.28156,"Plot No. 76, Okhla Industrial Area (Phase I-III), Delhi - 110017, Delhi, India",Delhi,Delhi,India,Delhi DSIIDC Industrial Estate Directory
del-ind-1463,Okhla Industrial Area (Phase I-III) - Printing Unit #113,manufacturing,28.52273,77.28377,"Plot No. 382, Okhla Industrial Area (Phase I-III), Delhi - 110007, Delhi, India",Delhi,Delhi,India,Delhi DSIIDC Industrial Estate Directory
del-ind-1464,Okhla Industrial Area (Phase I-III) - Garment Manufacturing Unit #114,textile,28.52129,77.27291,"Plot No. 205, Okhla Industrial Area (Phase I-III), Delhi - 110065, Delhi, India",Delhi,Delhi,India,Delhi DSIIDC Industrial Estate Directory
del-ind-1465,Okhla Industrial Area (Phase I-III) - Chemical Laboratories Unit #115,chemical,28.51524,77.28057,"Plot No. 391, Okhla Industrial Area (Phase I-III), Delhi - 110018, Delhi, India",Delhi,Delhi,India,Delhi DSIIDC Industrial Estate Directory
del-ind-1466,Okhla Industrial Area (Phase I-III) - Electronics Unit #116,electronics,28.52206,77.27572,"Plot No. 203, Okhla Industrial Area (Phase I-III), Delhi - 110084, Delhi, India",Delhi,Delhi,India,Delhi DSIIDC Industrial Estate Directory
del-ind-1467,Okhla Industrial Area (Phase I-III) - Precision Engineering Unit #117,manufacturing,28.51759,77.26999,"Plot No. 377, Okhla Industrial Area (Phase I-III), Delhi - 110068, Delhi, India",Delhi,Delhi,India,Delhi DSIIDC Industrial Estate Directory
del-ind-1468,Okhla Industrial Area (Phase I-III) - Printing Unit #118,manufacturing,28.52808,77.27847,"Plot No. 398, Okhla Industrial Area (Phase I-III), Delhi - 110056, Delhi, India",Delhi,Delhi,India,Delhi DSIIDC Industrial Estate Directory
del-ind-1469,Okhla Industrial Area (Phase I-III) - Garment Manufacturing Unit #119,textile,28.5189,77.2933,"Plot No. 46, Okhla Industrial Area (Phase I-III), Delhi - 110015, Delhi, India",Delhi,Delhi,India,Delhi DSIIDC Industrial Estate Directory
del-ind-1470,Okhla Industrial Area (Phase I-III) - Chemical Laboratories Unit #120,chemical,28.52354,77.26667,"Plot No. 179, Okhla Industrial Area (Phase I-III), Delhi - 110025, Delhi, India",Delhi,Delhi,India,Delhi DSIIDC Industrial Estate Directory
del-ind-1471,Okhla Industrial Area (Phase I-III) - Electronics Unit #121,electronics,28.52281,77.28591,"Plot No. 13, Okhla Industrial Area (Phase I-III), Delhi - 110040, Delhi, India",Delhi,Delhi,India,Delhi DSIIDC Industrial Estate Directory
del-ind-1472,Okhla Industrial Area (Phase I-III) - Precision Engineering Unit #122,manufacturing,28.53206,77.2823,"Plot No. 421, Okhla Industrial Area (Phase I-III), Delhi - 110057, Delhi, India",Delhi,Delhi,India,Delhi DSIIDC Industrial Estate Directory
del-ind-1473,Okhla Industrial Area (Phase I-III) - Printing Unit #123,manufacturing,28.52106,77.26822,"Plot No. 419, Okhla Industrial Area (Phase I-III), Delhi - 110030, Delhi, India",Delhi,Delhi,India,Delhi DSIIDC Industrial Estate Directory
del-ind-1474,Okhla Industrial Area (Phase I-III) - Garment Manufacturing Unit #124,textile,28.53071,77.28328,"Plot No. 388, Okhla Industrial Area (Phase I-III), Delhi - 110094, Delhi, India",Delhi,Delhi,India,Delhi DSIIDC Industrial Estate Directory
del-ind-1475,Okhla Industrial Area (Phase I-III) - Chemical Laboratories Unit #125,chemical,28.53064,77.27149,"Plot No. 28, Okhla Industrial Area (Phase I-III), Delhi - 110032, Delhi, India",Delhi,Delhi,India,Delhi DSIIDC Industrial Estate Directory
del-ind-1476,Okhla Industrial Area (Phase I-III) - Electronics Unit #126,electronics,28.54753,77.26851,"Plot No. 445, Okhla Industrial Area (Phase I-III), Delhi - 110037, Delhi, India",Delhi,Delhi,India,Delhi DSIIDC Industrial Estate Directory
del-ind-1477,Okhla Industrial Area (Phase I-III) - Precision Engineering Unit #127,manufacturing,28.5418,77.27619,"Plot No. 57, Okhla Industrial Area (Phase I-III), Delhi - 110040, Delhi, India",Delhi,Delhi,India,Delhi DSIIDC Industrial Estate Directory
del-ind-1478,Okhla Industrial Area (Phase I-III) - Printing Unit #128,manufacturing,28.52616,77.2756,"Plot No. 108, Okhla Industrial Area (Phase I-III), Delhi - 110095, Delhi, India",Delhi,Delhi,India,Delhi DSIIDC Industrial Estate Directory
del-ind-1479,Okhla Industrial Area (Phase I-III) - Garment Manufacturing Unit #129,textile,28.5221,77.27356,"Plot No. 268, Okhla Industrial Area (Phase I-III), Delhi - 110034, Delhi, India",Delhi,Delhi,India,Delhi DSIIDC Industrial Estate Directory
del-ind-1480,Okhla Industrial Area (Phase I-III) - Chemical Laboratories Unit #130,chemical,28.51601,77.27121,"Plot No. 73, Okhla Industrial Area (Phase I-III), Delhi - 110089, Delhi, India",Delhi,Delhi,India,Delhi DSIIDC Industrial Estate Directory
del-ind-1481,Mohan Cooperative Industrial Estate - Automotive Showrooms & Assembly Unit #1,manufacturing,28.51159,77.30077,"Plot No. 299, Mohan Cooperative Industrial Estate, Delhi - 110085, Delhi, India",Delhi,Delhi,India,Delhi DSIIDC Industrial Estate Directory
del-ind-1482,Mohan Cooperative Industrial Estate - Pharma Packaging Unit #2,manufacturing,28.50689,77.30113,"Plot No. 31, Mohan Cooperative Industrial Estate, Delhi - 110037, Delhi, India",Delhi,Delhi,India,Delhi DSIIDC Industrial Estate Directory
del-ind-1483,Mohan Cooperative Industrial Estate - Electronics Unit #3,electronics,28.51518,77.31193,"Plot No. 139, Mohan Cooperative Industrial Estate, Delhi - 110007, Delhi, India",Delhi,Delhi,India,Delhi DSIIDC Industrial Estate Directory
del-ind-1484,Mohan Cooperative Industrial Estate - IT & Hardware Unit #4,manufacturing,28.497,77.30555,"Plot No. 35, Mohan Cooperative Industrial Estate, Delhi - 110050, Delhi, India",Delhi,Delhi,India,Delhi DSIIDC Industrial Estate Directory
del-ind-1485,Mohan Cooperative Industrial Estate - Warehousing Unit #5,manufacturing,28.50669,77.29358,"Plot No. 338, Mohan Cooperative Industrial Estate, Delhi - 110047, Delhi, India",Delhi,Delhi,India,Delhi DSIIDC Industrial Estate Directory
del-ind-1486,Mohan Cooperative Industrial Estate - Automotive Showrooms & Assembly Unit #6,manufacturing,28.51287,77.301,"Plot No. 445, Mohan Cooperative Industrial Estate, Delhi - 110084, Delhi, India",Delhi,Delhi,India,Delhi DSIIDC Industrial Estate Directory
del-ind-1487,Mohan Cooperative Industrial Estate - Pharma Packaging Unit #7,manufacturing,28.49774,77.31433,"Plot No. 261, Mohan Cooperative Industrial Estate, Delhi - 110091, Delhi, India",Delhi,Delhi,India,Delhi DSIIDC Industrial Estate Directory
del-ind-1488,Mohan Cooperative Industrial Estate - Electronics Unit #8,electronics,28.51676,77.30544,"Plot No. 444, Mohan Cooperative Industrial Estate, Delhi - 110077, Delhi, India",Delhi,Delhi,India,Delhi DSIIDC Industrial Estate Directory
del-ind-1489,Mohan Cooperative Industrial Estate - IT & Hardware Unit #9,manufacturing,28.50775,77.30115,"Plot No. 257, Mohan Cooperative Industrial Estate, Delhi - 110059, Delhi, India",Delhi,Delhi,India,Delhi DSIIDC Industrial Estate Directory
del-ind-1490,Mohan Cooperative Industrial Estate - Warehousing Unit #10,manufacturing,28.50211,77.29803,"Plot No. 21, Mohan Cooperative Industrial Estate, Delhi - 110032, Delhi, India",Delhi,Delhi,India,Delhi DSIIDC Industrial Estate Directory
del-ind-1491,Mohan Cooperative Industrial Estate - Automotive Showrooms & Assembly Unit #11,manufacturing,28.51708,77.2993,"Plot No. 251, Mohan Cooperative Industrial Estate, Delhi - 110051, Delhi, India",Delhi,Delhi,India,Delhi DSIIDC Industrial Estate Directory
del-ind-1492,Mohan Cooperative Industrial Estate - Pharma Packaging Unit #12,manufacturing,28.51195,77.3007,"Plot No. 351, Mohan Cooperative Industrial Estate, Delhi - 110046, Delhi, India",Delhi,Delhi,India,Delhi DSIIDC Industrial Estate Directory
del-ind-1493,Mohan Cooperative Industrial Estate - Electronics Unit #13,electronics,28.50848,77.30652,"Plot No. 257, Mohan Cooperative Industrial Estate, Delhi - 110036, Delhi, India",Delhi,Delhi,India,Delhi DSIIDC Industrial Estate Directory
del-ind-1494,Mohan Cooperative Industrial Estate - IT & Hardware Unit #14,manufacturing,28.51559,77.29324,"Plot No. 450, Mohan Cooperative Industrial Estate, Delhi - 110050, Delhi, India",Delhi,Delhi,India,Delhi DSIIDC Industrial Estate Directory
del-ind-1495,Mohan Cooperative Industrial Estate - Warehousing Unit #15,manufacturing,28.52157,77.29412,"Plot No. 16, Mohan Cooperative Industrial Estate, Delhi - 110072, Delhi, India",Delhi,Delhi,India,Delhi DSIIDC Industrial Estate Directory
del-ind-1496,Mohan Cooperative Industrial Estate - Automotive Showrooms & Assembly Unit #16,manufacturing,28.51658,77.30048,"Plot No. 175, Mohan Cooperative Industrial Estate, Delhi - 110051, Delhi, India",Delhi,Delhi,India,Delhi DSIIDC Industrial Estate Directory
del-ind-1497,Mohan Cooperative Industrial Estate - Pharma Packaging Unit #17,manufacturing,28.5104,77.29959,"Plot No. 196, Mohan Cooperative Industrial Estate, Delhi - 110067, Delhi, India",Delhi,Delhi,India,Delhi DSIIDC Industrial Estate Directory
del-ind-1498,Mohan Cooperative Industrial Estate - Electronics Unit #18,electronics,28.52101,77.29972,"Plot No. 321, Mohan Cooperative Industrial Estate, Delhi - 110088, Delhi, India",Delhi,Delhi,India,Delhi DSIIDC Industrial Estate Directory
del-ind-1499,Mohan Cooperative Industrial Estate - IT & Hardware Unit #19,manufacturing,28.51271,77.30695,"Plot No. 79, Mohan Cooperative Industrial Estate, Delhi - 110055, Delhi, India",Delhi,Delhi,India,Delhi DSIIDC Industrial Estate Directory
del-ind-1500,Mohan Cooperative Industrial Estate - Warehousing Unit #20,manufacturing,28.52655,77.29928,"Plot No. 169, Mohan Cooperative Industrial Estate, Delhi - 110058, Delhi, India",Delhi,Delhi,India,Delhi DSIIDC Industrial Estate Directory
del-ind-1501,Mohan Cooperative Industrial Estate - Automotive Showrooms & Assembly Unit #21,manufacturing,28.50757,77.3008,"Plot No. 71, Mohan Cooperative Industrial Estate, Delhi - 110075, Delhi, India",Delhi,Delhi,India,Delhi DSIIDC Industrial Estate Directory
del-ind-1502,Mohan Cooperative Industrial Estate - Pharma Packaging Unit #22,manufacturing,28.50029,77.29889,"Plot No. 442, Mohan Cooperative Industrial Estate, Delhi - 110018, Delhi, India",Delhi,Delhi,India,Delhi DSIIDC Industrial Estate Directory
del-ind-1503,Mohan Cooperative Industrial Estate - Electronics Unit #23,electronics,28.50818,77.31183,"Plot No. 269, Mohan Cooperative Industrial Estate, Delhi - 110018, Delhi, India",Delhi,Delhi,India,Delhi DSIIDC Industrial Estate Directory
del-ind-1504,Mohan Cooperative Industrial Estate - IT & Hardware Unit #24,manufacturing,28.49863,77.30829,"Plot No. 395, Mohan Cooperative Industrial Estate, Delhi - 110019, Delhi, India",Delhi,Delhi,India,Delhi DSIIDC Industrial Estate Directory
del-ind-1505,Mohan Cooperative Industrial Estate - Warehousing Unit #25,manufacturing,28.50716,77.29476,"Plot No. 81, Mohan Cooperative Industrial Estate, Delhi - 110041, Delhi, India",Delhi,Delhi,India,Delhi DSIIDC Industrial Estate Directory
del-ind-1506,Mohan Cooperative Industrial Estate - Automotive Showrooms & Assembly Unit #26,manufacturing,28.51958,77.30544,"Plot No. 369, Mohan Cooperative Industrial Estate, Delhi - 110016, Delhi, India",Delhi,Delhi,India,Delhi DSIIDC Industrial Estate Directory
del-ind-1507,Mohan Cooperative Industrial Estate - Pharma Packaging Unit #27,manufacturing,28.51719,77.31382,"Plot No. 75, Mohan Cooperative Industrial Estate, Delhi - 110094, Delhi, India",Delhi,Delhi,India,Delhi DSIIDC Industrial Estate Directory
del-ind-1508,Mohan Cooperative Industrial Estate - Electronics Unit #28,electronics,28.51781,77.30309,"Plot No. 212, Mohan Cooperative Industrial Estate, Delhi - 110053, Delhi, India",Delhi,Delhi,India,Delhi DSIIDC Industrial Estate Directory
del-ind-1509,Mohan Cooperative Industrial Estate - IT & Hardware Unit #29,manufacturing,28.50833,77.31255,"Plot No. 421, Mohan Cooperative Industrial Estate, Delhi - 110082, Delhi, India",Delhi,Delhi,India,Delhi DSIIDC Industrial Estate Directory
del-ind-1510,Mohan Cooperative Industrial Estate - Warehousing Unit #30,manufacturing,28.51693,77.2998,"Plot No. 399, Mohan Cooperative Industrial Estate, Delhi - 110025, Delhi, India",Delhi,Delhi,India,Delhi DSIIDC Industrial Estate Directory
del-ind-1511,Mohan Cooperative Industrial Estate - Automotive Showrooms & Assembly Unit #31,manufacturing,28.51538,77.30468,"Plot No. 391, Mohan Cooperative Industrial Estate, Delhi - 110079, Delhi, India",Delhi,Delhi,India,Delhi DSIIDC Industrial Estate Directory
del-ind-1512,Mohan Cooperative Industrial Estate - Pharma Packaging Unit #32,manufacturing,28.50517,77.29583,"Plot No. 314, Mohan Cooperative Industrial Estate, Delhi - 110030, Delhi, India",Delhi,Delhi,India,Delhi DSIIDC Industrial Estate Directory
del-ind-1513,Mohan Cooperative Industrial Estate - Electronics Unit #33,electronics,28.50798,77.29922,"Plot No. 14, Mohan Cooperative Industrial Estate, Delhi - 110046, Delhi, India",Delhi,Delhi,India,Delhi DSIIDC Industrial Estate Directory
del-ind-1514,Mohan Cooperative Industrial Estate - IT & Hardware Unit #34,manufacturing,28.52231,77.30762,"Plot No. 69, Mohan Cooperative Industrial Estate, Delhi - 110065, Delhi, India",Delhi,Delhi,India,Delhi DSIIDC Industrial Estate Directory
del-ind-1515,Mohan Cooperative Industrial Estate - Warehousing Unit #35,manufacturing,28.51631,77.29575,"Plot No. 333, Mohan Cooperative Industrial Estate, Delhi - 110048, Delhi, India",Delhi,Delhi,India,Delhi DSIIDC Industrial Estate Directory
del-ind-1516,Mohan Cooperative Industrial Estate - Automotive Showrooms & Assembly Unit #36,manufacturing,28.51469,77.30812,"Plot No. 243, Mohan Cooperative Industrial Estate, Delhi - 110018, Delhi, India",Delhi,Delhi,India,Delhi DSIIDC Industrial Estate Directory
del-ind-1517,Mohan Cooperative Industrial Estate - Pharma Packaging Unit #37,manufacturing,28.51449,77.30614,"Plot No. 210, Mohan Cooperative Industrial Estate, Delhi - 110002, Delhi, India",Delhi,Delhi,India,Delhi DSIIDC Industrial Estate Directory
del-ind-1518,Mohan Cooperative Industrial Estate - Electronics Unit #38,electronics,28.52675,77.29453,"Plot No. 114, Mohan Cooperative Industrial Estate, Delhi - 110096, Delhi, India",Delhi,Delhi,India,Delhi DSIIDC Industrial Estate Directory
del-ind-1519,Mohan Cooperative Industrial Estate - IT & Hardware Unit #39,manufacturing,28.50984,77.298,"Plot No. 105, Mohan Cooperative Industrial Estate, Delhi - 110009, Delhi, India",Delhi,Delhi,India,Delhi DSIIDC Industrial Estate Directory
del-ind-1520,Mohan Cooperative Industrial Estate - Warehousing Unit #40,manufacturing,28.51943,77.317,"Plot No. 225, Mohan Cooperative Industrial Estate, Delhi - 110079, Delhi, India",Delhi,Delhi,India,Delhi DSIIDC Industrial Estate Directory
del-ind-1521,Mohan Cooperative Industrial Estate - Automotive Showrooms & Assembly Unit #41,manufacturing,28.50603,77.30238,"Plot No. 235, Mohan Cooperative Industrial Estate, Delhi - 110032, Delhi, India",Delhi,Delhi,India,Delhi DSIIDC Industrial Estate Directory
del-ind-1522,Mohan Cooperative Industrial Estate - Pharma Packaging Unit #42,manufacturing,28.50151,77.30713,"Plot No. 312, Mohan Cooperative Industrial Estate, Delhi - 110095, Delhi, India",Delhi,Delhi,India,Delhi DSIIDC Industrial Estate Directory
del-ind-1523,Mohan Cooperative Industrial Estate - Electronics Unit #43,electronics,28.51685,77.29238,"Plot No. 202, Mohan Cooperative Industrial Estate, Delhi - 110079, Delhi, India",Delhi,Delhi,India,Delhi DSIIDC Industrial Estate Directory
del-ind-1524,Mohan Cooperative Industrial Estate - IT & Hardware Unit #44,manufacturing,28.52016,77.29872,"Plot No. 275, Mohan Cooperative Industrial Estate, Delhi - 110068, Delhi, India",Delhi,Delhi,India,Delhi DSIIDC Industrial Estate Directory
del-ind-1525,Mohan Cooperative Industrial Estate - Warehousing Unit #45,manufacturing,28.50536,77.29382,"Plot No. 20, Mohan Cooperative Industrial Estate, Delhi - 110067, Delhi, India",Delhi,Delhi,India,Delhi DSIIDC Industrial Estate Directory
del-ind-1526,Mohan Cooperative Industrial Estate - Automotive Showrooms & Assembly Unit #46,manufacturing,28.51777,77.30673,"Plot No. 450, Mohan Cooperative Industrial Estate, Delhi - 110006, Delhi, India",Delhi,Delhi,India,Delhi DSIIDC Industrial Estate Directory
del-ind-1527,Mohan Cooperative Industrial Estate - Pharma Packaging Unit #47,manufacturing,28.51565,77.29848,"Plot No. 276, Mohan Cooperative Industrial Estate, Delhi - 110051, Delhi, India",Delhi,Delhi,India,Delhi DSIIDC Industrial Estate Directory
del-ind-1528,Mohan Cooperative Industrial Estate - Electronics Unit #48,electronics,28.5139,77.30181,"Plot No. 199, Mohan Cooperative Industrial Estate, Delhi - 110067, Delhi, India",Delhi,Delhi,India,Delhi DSIIDC Industrial Estate Directory
del-ind-1529,Mohan Cooperative Industrial Estate - IT & Hardware Unit #49,manufacturing,28.51365,77.287,"Plot No. 98, Mohan Cooperative Industrial Estate, Delhi - 110038, Delhi, India",Delhi,Delhi,India,Delhi DSIIDC Industrial Estate Directory
del-ind-1530,Mohan Cooperative Industrial Estate - Warehousing Unit #50,manufacturing,28.49898,77.3072,"Plot No. 397, Mohan Cooperative Industrial Estate, Delhi - 110037, Delhi, India",Delhi,Delhi,India,Delhi DSIIDC Industrial Estate Directory
del-ind-1531,Mohan Cooperative Industrial Estate - Automotive Showrooms & Assembly Unit #51,manufacturing,28.50513,77.3037,"Plot No. 314, Mohan Cooperative Industrial Estate, Delhi - 110007, Delhi, India",Delhi,Delhi,India,Delhi DSIIDC Industrial Estate Directory
del-ind-1532,Mohan Cooperative Industrial Estate - Pharma Packaging Unit #52,manufacturing,28.50662,77.28842,"Plot No. 238, Mohan Cooperative Industrial Estate, Delhi - 110083, Delhi, India",Delhi,Delhi,India,Delhi DSIIDC Industrial Estate Directory
del-ind-1533,Mohan Cooperative Industrial Estate - Electronics Unit #53,electronics,28.50168,77.30523,"Plot No. 58, Mohan Cooperative Industrial Estate, Delhi - 110024, Delhi, India",Delhi,Delhi,India,Delhi DSIIDC Industrial Estate Directory
del-ind-1534,Mohan Cooperative Industrial Estate - IT & Hardware Unit #54,manufacturing,28.51486,77.287,"Plot No. 357, Mohan Cooperative Industrial Estate, Delhi - 110070, Delhi, India",Delhi,Delhi,India,Delhi DSIIDC Industrial Estate Directory
del-ind-1535,Mohan Cooperative Industrial Estate - Warehousing Unit #55,manufacturing,28.5166,77.30724,"Plot No. 231, Mohan Cooperative Industrial Estate, Delhi - 110004, Delhi, India",Delhi,Delhi,India,Delhi DSIIDC Industrial Estate Directory
del-ind-1536,Mohan Cooperative Industrial Estate - Automotive Showrooms & Assembly Unit #56,manufacturing,28.5159,77.31013,"Plot No. 365, Mohan Cooperative Industrial Estate, Delhi - 110026, Delhi, India",Delhi,Delhi,India,Delhi DSIIDC Industrial Estate Directory
del-ind-1537,Mohan Cooperative Industrial Estate - Pharma Packaging Unit #57,manufacturing,28.51417,77.30003,"Plot No. 166, Mohan Cooperative Industrial Estate, Delhi - 110089, Delhi, India",Delhi,Delhi,India,Delhi DSIIDC Industrial Estate Directory
del-ind-1538,Mohan Cooperative Industrial Estate - Electronics Unit #58,electronics,28.50567,77.29345,"Plot No. 84, Mohan Cooperative Industrial Estate, Delhi - 110092, Delhi, India",Delhi,Delhi,India,Delhi DSIIDC Industrial Estate Directory
del-ind-1539,Mohan Cooperative Industrial Estate - IT & Hardware Unit #59,manufacturing,28.51169,77.29906,"Plot No. 362, Mohan Cooperative Industrial Estate, Delhi - 110058, Delhi, India",Delhi,Delhi,India,Delhi DSIIDC Industrial Estate Directory
del-ind-1540,Mohan Cooperative Industrial Estate - Warehousing Unit #60,manufacturing,28.5101,77.29987,"Plot No. 363, Mohan Cooperative Industrial Estate, Delhi - 110050, Delhi, India",Delhi,Delhi,India,Delhi DSIIDC Industrial Estate Directory
del-ind-1541,Mohan Cooperative Industrial Estate - Automotive Showrooms & Assembly Unit #61,manufacturing,28.50934,77.287,"Plot No. 314, Mohan Cooperative Industrial Estate, Delhi - 110021, Delhi, India",Delhi,Delhi,India,Delhi DSIIDC Industrial Estate Directory
del-ind-1542,Mohan Cooperative Industrial Estate - Pharma Packaging Unit #62,manufacturing,28.50722,77.30656,"Plot No. 394, Mohan Cooperative Industrial Estate, Delhi - 110022, Delhi, India",Delhi,Delhi,India,Delhi DSIIDC Industrial Estate Directory
del-ind-1543,Mohan Cooperative Industrial Estate - Electronics Unit #63,electronics,28.51942,77.29743,"Plot No. 338, Mohan Cooperative Industrial Estate, Delhi - 110020, Delhi, India",Delhi,Delhi,India,Delhi DSIIDC Industrial Estate Directory
del-ind-1544,Mohan Cooperative Industrial Estate - IT & Hardware Unit #64,manufacturing,28.51398,77.30521,"Plot No. 394, Mohan Cooperative Industrial Estate, Delhi - 110092, Delhi, India",Delhi,Delhi,India,Delhi DSIIDC Industrial Estate Directory
del-ind-1545,Mohan Cooperative Industrial Estate - Warehousing Unit #65,manufacturing,28.51749,77.30384,"Plot No. 374, Mohan Cooperative Industrial Estate, Delhi - 110058, Delhi, India",Delhi,Delhi,India,Delhi DSIIDC Industrial Estate Directory
del-ind-1546,Badarpur Industrial & Energy Zone - Power Infrastructure Unit #1,manufacturing,28.50418,77.31131,"Plot No. 68, Badarpur Industrial & Energy Zone, Delhi - 110026, Delhi, India",Delhi,Delhi,India,Delhi DSIIDC Industrial Estate Directory
del-ind-1547,Badarpur Industrial & Energy Zone - Heavy Transport Workshop Unit #2,manufacturing,28.51419,77.3082,"Plot No. 7, Badarpur Industrial & Energy Zone, Delhi - 110059, Delhi, India",Delhi,Delhi,India,Delhi DSIIDC Industrial Estate Directory
del-ind-1548,Badarpur Industrial & Energy Zone - Concrete Batching Unit #3,manufacturing,28.49866,77.30809,"Plot No. 414, Badarpur Industrial & Energy Zone, Delhi - 110001, Delhi, India",Delhi,Delhi,India,Delhi DSIIDC Industrial Estate Directory
del-ind-1549,Badarpur Industrial & Energy Zone - Ash Handling Unit #4,manufacturing,28.5001,77.30405,"Plot No. 112, Badarpur Industrial & Energy Zone, Delhi - 110076, Delhi, India",Delhi,Delhi,India,Delhi DSIIDC Industrial Estate Directory
del-ind-1550,Badarpur Industrial & Energy Zone - Metal Fabrication Unit #5,metal,28.5018,77.303,"Plot No. 227, Badarpur Industrial & Energy Zone, Delhi - 110011, Delhi, India",Delhi,Delhi,India,Delhi DSIIDC Industrial Estate Directory
del-ind-1551,Badarpur Industrial & Energy Zone - Power Infrastructure Unit #6,manufacturing,28.5045,77.30763,"Plot No. 281, Badarpur Industrial & Energy Zone, Delhi - 110036, Delhi, India",Delhi,Delhi,India,Delhi DSIIDC Industrial Estate Directory
del-ind-1552,Badarpur Industrial & Energy Zone - Heavy Transport Workshop Unit #7,manufacturing,28.49997,77.30329,"Plot No. 423, Badarpur Industrial & Energy Zone, Delhi - 110027, Delhi, India",Delhi,Delhi,India,Delhi DSIIDC Industrial Estate Directory
del-ind-1553,Badarpur Industrial & Energy Zone - Concrete Batching Unit #8,manufacturing,28.50792,77.30893,"Plot No. 335, Badarpur Industrial & Energy Zone, Delhi - 110045, Delhi, India",Delhi,Delhi,India,Delhi DSIIDC Industrial Estate Directory
del-ind-1554,Badarpur Industrial & Energy Zone - Ash Handling Unit #9,manufacturing,28.51531,77.31042,"Plot No. 342, Badarpur Industrial & Energy Zone, Delhi - 110074, Delhi, India",Delhi,Delhi,India,Delhi DSIIDC Industrial Estate Directory
del-ind-1555,Badarpur Industrial & Energy Zone - Metal Fabrication Unit #10,metal,28.50739,77.30413,"Plot No. 45, Badarpur Industrial & Energy Zone, Delhi - 110007, Delhi, India",Delhi,Delhi,India,Delhi DSIIDC Industrial Estate Directory
del-ind-1556,Badarpur Industrial & Energy Zone - Power Infrastructure Unit #11,manufacturing,28.517,77.31887,"Plot No. 83, Badarpur Industrial & Energy Zone, Delhi - 110087, Delhi, India",Delhi,Delhi,India,Delhi DSIIDC Industrial Estate Directory
del-ind-1557,Badarpur Industrial & Energy Zone - Heavy Transport Workshop Unit #12,manufacturing,28.5033,77.31576,"Plot No. 359, Badarpur Industrial & Energy Zone, Delhi - 110077, Delhi, India",Delhi,Delhi,India,Delhi DSIIDC Industrial Estate Directory
del-ind-1558,Badarpur Industrial & Energy Zone - Concrete Batching Unit #13,manufacturing,28.49876,77.30496,"Plot No. 234, Badarpur Industrial & Energy Zone, Delhi - 110096, Delhi, India",Delhi,Delhi,India,Delhi DSIIDC Industrial Estate Directory
del-ind-1559,Badarpur Industrial & Energy Zone - Ash Handling Unit #14,manufacturing,28.494,77.30205,"Plot No. 48, Badarpur Industrial & Energy Zone, Delhi - 110039, Delhi, India",Delhi,Delhi,India,Delhi DSIIDC Industrial Estate Directory
del-ind-1560,Badarpur Industrial & Energy Zone - Metal Fabrication Unit #15,metal,28.49991,77.31834,"Plot No. 420, Badarpur Industrial & Energy Zone, Delhi - 110009, Delhi, India",Delhi,Delhi,India,Delhi DSIIDC Industrial Estate Directory
del-ind-1561,Badarpur Industrial & Energy Zone - Power Infrastructure Unit #16,manufacturing,28.50555,77.29762,"Plot No. 34, Badarpur Industrial & Energy Zone, Delhi - 110038, Delhi, India",Delhi,Delhi,India,Delhi DSIIDC Industrial Estate Directory
del-ind-1562,Badarpur Industrial & Energy Zone - Heavy Transport Workshop Unit #17,manufacturing,28.50229,77.3085,"Plot No. 441, Badarpur Industrial & Energy Zone, Delhi - 110036, Delhi, India",Delhi,Delhi,India,Delhi DSIIDC Industrial Estate Directory
del-ind-1563,Badarpur Industrial & Energy Zone - Concrete Batching Unit #18,manufacturing,28.50234,77.3129,"Plot No. 108, Badarpur Industrial & Energy Zone, Delhi - 110090, Delhi, India",Delhi,Delhi,India,Delhi DSIIDC Industrial Estate Directory
del-ind-1564,Badarpur Industrial & Energy Zone - Ash Handling Unit #19,manufacturing,28.50548,77.30981,"Plot No. 293, Badarpur Industrial & Energy Zone, Delhi - 110094, Delhi, India",Delhi,Delhi,India,Delhi DSIIDC Industrial Estate Directory
del-ind-1565,Badarpur Industrial & Energy Zone - Metal Fabrication Unit #20,metal,28.51157,77.30714,"Plot No. 45, Badarpur Industrial & Energy Zone, Delhi - 110062, Delhi, India",Delhi,Delhi,India,Delhi DSIIDC Industrial Estate Directory
del-ind-1566,Badarpur Industrial & Energy Zone - Power Infrastructure Unit #21,manufacturing,28.50381,77.30074,"Plot No. 404, Badarpur Industrial & Energy Zone, Delhi - 110091, Delhi, India",Delhi,Delhi,India,Delhi DSIIDC Industrial Estate Directory
del-ind-1567,Badarpur Industrial & Energy Zone - Heavy Transport Workshop Unit #22,manufacturing,28.50329,77.3152,"Plot No. 163, Badarpur Industrial & Energy Zone, Delhi - 110034, Delhi, India",Delhi,Delhi,India,Delhi DSIIDC Industrial Estate Directory
del-ind-1568,Badarpur Industrial & Energy Zone - Concrete Batching Unit #23,manufacturing,28.493,77.30521,"Plot No. 182, Badarpur Industrial & Energy Zone, Delhi - 110017, Delhi, India",Delhi,Delhi,India,Delhi DSIIDC Industrial Estate Directory
del-ind-1569,Badarpur Industrial & Energy Zone - Ash Handling Unit #24,manufacturing,28.50024,77.30384,"Plot No. 374, Badarpur Industrial & Energy Zone, Delhi - 110081, Delhi, India",Delhi,Delhi,India,Delhi DSIIDC Industrial Estate Directory
del-ind-1570,Badarpur Industrial & Energy Zone - Metal Fabrication Unit #25,metal,28.49519,77.30814,"Plot No. 313, Badarpur Industrial & Energy Zone, Delhi - 110030, Delhi, India",Delhi,Delhi,India,Delhi DSIIDC Industrial Estate Directory
del-ind-1571,Badarpur Industrial & Energy Zone - Power Infrastructure Unit #26,manufacturing,28.50113,77.296,"Plot No. 1, Badarpur Industrial & Energy Zone, Delhi - 110016, Delhi, India",Delhi,Delhi,India,Delhi DSIIDC Industrial Estate Directory
del-ind-1572,Badarpur Industrial & Energy Zone - Heavy Transport Workshop Unit #27,manufacturing,28.51248,77.30914,"Plot No. 61, Badarpur Industrial & Energy Zone, Delhi - 110095, Delhi, India",Delhi,Delhi,India,Delhi DSIIDC Industrial Estate Directory
del-ind-1573,Badarpur Industrial & Energy Zone - Concrete Batching Unit #28,manufacturing,28.5106,77.3001,"Plot No. 213, Badarpur Industrial & Energy Zone, Delhi - 110053, Delhi, India",Delhi,Delhi,India,Delhi DSIIDC Industrial Estate Directory
del-ind-1574,Badarpur Industrial & Energy Zone - Ash Handling Unit #29,manufacturing,28.50981,77.30941,"Plot No. 413, Badarpur Industrial & Energy Zone, Delhi - 110082, Delhi, India",Delhi,Delhi,India,Delhi DSIIDC Industrial Estate Directory
del-ind-1575,Badarpur Industrial & Energy Zone - Metal Fabrication Unit #30,metal,28.50681,77.31551,"Plot No. 354, Badarpur Industrial & Energy Zone, Delhi - 110037, Delhi, India",Delhi,Delhi,India,Delhi DSIIDC Industrial Estate Directory
del-ind-1576,Badarpur Industrial & Energy Zone - Power Infrastructure Unit #31,manufacturing,28.50494,77.31002,"Plot No. 154, Badarpur Industrial & Energy Zone, Delhi - 110065, Delhi, India",Delhi,Delhi,India,Delhi DSIIDC Industrial Estate Directory
del-ind-1577,Badarpur Industrial & Energy Zone - Heavy Transport Workshop Unit #32,manufacturing,28.49623,77.30515,"Plot No. 59, Badarpur Industrial & Energy Zone, Delhi - 110088, Delhi, India",Delhi,Delhi,India,Delhi DSIIDC Industrial Estate Directory
del-ind-1578,Badarpur Industrial & Energy Zone - Concrete Batching Unit #33,manufacturing,28.50229,77.3127,"Plot No. 292, Badarpur Industrial & Energy Zone, Delhi - 110079, Delhi, India",Delhi,Delhi,India,Delhi DSIIDC Industrial Estate Directory
del-ind-1579,Badarpur Industrial & Energy Zone - Ash Handling Unit #34,manufacturing,28.51488,77.30547,"Plot No. 100, Badarpur Industrial & Energy Zone, Delhi - 110043, Delhi, India",Delhi,Delhi,India,Delhi DSIIDC Industrial Estate Directory
del-ind-1580,Badarpur Industrial & Energy Zone - Metal Fabrication Unit #35,metal,28.51114,77.29745,"Plot No. 246, Badarpur Industrial & Energy Zone, Delhi - 110061, Delhi, India",Delhi,Delhi,India,Delhi DSIIDC Industrial Estate Directory
del-ind-1581,Badarpur Industrial & Energy Zone - Power Infrastructure Unit #36,manufacturing,28.50728,77.30056,"Plot No. 247, Badarpur Industrial & Energy Zone, Delhi - 110020, Delhi, India",Delhi,Delhi,India,Delhi DSIIDC Industrial Estate Directory
del-ind-1582,Badarpur Industrial & Energy Zone - Heavy Transport Workshop Unit #37,manufacturing,28.49706,77.29983,"Plot No. 275, Badarpur Industrial & Energy Zone, Delhi - 110043, Delhi, India",Delhi,Delhi,India,Delhi DSIIDC Industrial Estate Directory
del-ind-1583,Badarpur Industrial & Energy Zone - Concrete Batching Unit #38,manufacturing,28.49537,77.31031,"Plot No. 381, Badarpur Industrial & Energy Zone, Delhi - 110008, Delhi, India",Delhi,Delhi,India,Delhi DSIIDC Industrial Estate Directory
del-ind-1584,Badarpur Industrial & Energy Zone - Ash Handling Unit #39,manufacturing,28.50732,77.30408,"Plot No. 372, Badarpur Industrial & Energy Zone, Delhi - 110087, Delhi, India",Delhi,Delhi,India,Delhi DSIIDC Industrial Estate Directory
del-ind-1585,Badarpur Industrial & Energy Zone - Metal Fabrication Unit #40,metal,28.50232,77.31413,"Plot No. 107, Badarpur Industrial & Energy Zone, Delhi - 110074, Delhi, India",Delhi,Delhi,India,Delhi DSIIDC Industrial Estate Directory
del-ind-1586,Badarpur Industrial & Energy Zone - Power Infrastructure Unit #41,manufacturing,28.50118,77.2991,"Plot No. 408, Badarpur Industrial & Energy Zone, Delhi - 110046, Delhi, India",Delhi,Delhi,India,Delhi DSIIDC Industrial Estate Directory
del-ind-1587,Badarpur Industrial & Energy Zone - Heavy Transport Workshop Unit #42,manufacturing,28.50781,77.30924,"Plot No. 431, Badarpur Industrial & Energy Zone, Delhi - 110004, Delhi, India",Delhi,Delhi,India,Delhi DSIIDC Industrial Estate Directory
del-ind-1588,Badarpur Industrial & Energy Zone - Concrete Batching Unit #43,manufacturing,28.50222,77.31244,"Plot No. 274, Badarpur Industrial & Energy Zone, Delhi - 110022, Delhi, India",Delhi,Delhi,India,Delhi DSIIDC Industrial Estate Directory
del-ind-1589,Badarpur Industrial & Energy Zone - Ash Handling Unit #44,manufacturing,28.50016,77.30569,"Plot No. 305, Badarpur Industrial & Energy Zone, Delhi - 110015, Delhi, India",Delhi,Delhi,India,Delhi DSIIDC Industrial Estate Directory
del-ind-1590,Badarpur Industrial & Energy Zone - Metal Fabrication Unit #45,metal,28.51094,77.30123,"Plot No. 362, Badarpur Industrial & Energy Zone, Delhi - 110041, Delhi, India",Delhi,Delhi,India,Delhi DSIIDC Industrial Estate Directory
del-ind-1591,Patparganj Industrial Area (FIE) - Printing & Publishing Unit #1,manufacturing,28.62993,77.30484,"Plot No. 45, Patparganj Industrial Area (FIE), Delhi - 110064, Delhi, India",Delhi,Delhi,India,Delhi DSIIDC Industrial Estate Directory
del-ind-1592,Patparganj Industrial Area (FIE) - Precision Tools Unit #2,manufacturing,28.63473,77.30537,"Plot No. 425, Patparganj Industrial Area (FIE), Delhi - 110039, Delhi, India",Delhi,Delhi,India,Delhi DSIIDC Industrial Estate Directory
del-ind-1593,Patparganj Industrial Area (FIE) - Electronics Unit #3,electronics,28.63197,77.31348,"Plot No. 58, Patparganj Industrial Area (FIE), Delhi - 110048, Delhi, India",Delhi,Delhi,India,Delhi DSIIDC Industrial Estate Directory
del-ind-1594,Patparganj Industrial Area (FIE) - Packaging Unit #4,manufacturing,28.63304,77.29986,"Plot No. 48, Patparganj Industrial Area (FIE), Delhi - 110057, Delhi, India",Delhi,Delhi,India,Delhi DSIIDC Industrial Estate Directory
del-ind-1595,Patparganj Industrial Area (FIE) - Flatted Factories Unit #5,manufacturing,28.62133,77.30864,"Plot No. 257, Patparganj Industrial Area (FIE), Delhi - 110020, Delhi, India",Delhi,Delhi,India,Delhi DSIIDC Industrial Estate Directory
del-ind-1596,Patparganj Industrial Area (FIE) - Printing & Publishing Unit #6,manufacturing,28.63549,77.32039,"Plot No. 376, Patparganj Industrial Area (FIE), Delhi - 110068, Delhi, India",Delhi,Delhi,India,Delhi DSIIDC Industrial Estate Directory
del-ind-1597,Patparganj Industrial Area (FIE) - Precision Tools Unit #7,manufacturing,28.62922,77.31347,"Plot No. 394, Patparganj Industrial Area (FIE), Delhi - 110013, Delhi, India",Delhi,Delhi,India,Delhi DSIIDC Industrial Estate Directory
del-ind-1598,Patparganj Industrial Area (FIE) - Electronics Unit #8,electronics,28.63658,77.29755,"Plot No. 347, Patparganj Industrial Area (FIE), Delhi - 110017, Delhi, India",Delhi,Delhi,India,Delhi DSIIDC Industrial Estate Directory
del-ind-1599,Patparganj Industrial Area (FIE) - Packaging Unit #9,manufacturing,28.63141,77.31042,"Plot No. 199, Patparganj Industrial Area (FIE), Delhi - 110092, Delhi, India",Delhi,Delhi,India,Delhi DSIIDC Industrial Estate Directory
del-ind-1600,Patparganj Industrial Area (FIE) - Flatted Factories Unit #10,manufacturing,28.63277,77.30699,"Plot No. 160, Patparganj Industrial Area (FIE), Delhi - 110006, Delhi, India",Delhi,Delhi,India,Delhi DSIIDC Industrial Estate Directory
del-ind-1601,Patparganj Industrial Area (FIE) - Printing & Publishing Unit #11,manufacturing,28.62821,77.30231,"Plot No. 45, Patparganj Industrial Area (FIE), Delhi - 110043, Delhi, India",Delhi,Delhi,India,Delhi DSIIDC Industrial Estate Directory
del-ind-1602,Patparganj Industrial Area (FIE) - Precision Tools Unit #12,manufacturing,28.62938,77.30934,"Plot No. 267, Patparganj Industrial Area (FIE), Delhi - 110085, Delhi, India",Delhi,Delhi,India,Delhi DSIIDC Industrial Estate Directory
del-ind-1603,Patparganj Industrial Area (FIE) - Electronics Unit #13,electronics,28.63097,77.30785,"Plot No. 389, Patparganj Industrial Area (FIE), Delhi - 110040, Delhi, India",Delhi,Delhi,India,Delhi DSIIDC Industrial Estate Directory
del-ind-1604,Patparganj Industrial Area (FIE) - Packaging Unit #14,manufacturing,28.62862,77.30616,"Plot No. 103, Patparganj Industrial Area (FIE), Delhi - 110025, Delhi, India",Delhi,Delhi,India,Delhi DSIIDC Industrial Estate Directory
del-ind-1605,Patparganj Industrial Area (FIE) - Flatted Factories Unit #15,manufacturing,28.62948,77.31548,"Plot No. 396, Patparganj Industrial Area (FIE), Delhi - 110057, Delhi, India",Delhi,Delhi,India,Delhi DSIIDC Industrial Estate Directory
del-ind-1606,Patparganj Industrial Area (FIE) - Printing & Publishing Unit #16,manufacturing,28.62895,77.30521,"Plot No. 81, Patparganj Industrial Area (FIE), Delhi - 110036, Delhi, India",Delhi,Delhi,India,Delhi DSIIDC Industrial Estate Directory
del-ind-1607,Patparganj Industrial Area (FIE) - Precision Tools Unit #17,manufacturing,28.64124,77.31797,"Plot No. 287, Patparganj Industrial Area (FIE), Delhi - 110066, Delhi, India",Delhi,Delhi,India,Delhi DSIIDC Industrial Estate Directory
del-ind-1608,Patparganj Industrial Area (FIE) - Electronics Unit #18,electronics,28.6364,77.31305,"Plot No. 282, Patparganj Industrial Area (FIE), Delhi - 110041, Delhi, India",Delhi,Delhi,India,Delhi DSIIDC Industrial Estate Directory
del-ind-1609,Patparganj Industrial Area (FIE) - Packaging Unit #19,manufacturing,28.62929,77.321,"Plot No. 412, Patparganj Industrial Area (FIE), Delhi - 110037, Delhi, India",Delhi,Delhi,India,Delhi DSIIDC Industrial Estate Directory
del-ind-1610,Patparganj Industrial Area (FIE) - Flatted Factories Unit #20,manufacturing,28.62804,77.30751,"Plot No. 160, Patparganj Industrial Area (FIE), Delhi - 110079, Delhi, India",Delhi,Delhi,India,Delhi DSIIDC Industrial Estate Directory
del-ind-1611,Patparganj Industrial Area (FIE) - Printing & Publishing Unit #21,manufacturing,28.63625,77.30478,"Plot No. 26, Patparganj Industrial Area (FIE), Delhi - 110017, Delhi, India",Delhi,Delhi,India,Delhi DSIIDC Industrial Estate Directory
del-ind-1612,Patparganj Industrial Area (FIE) - Precision Tools Unit #22,manufacturing,28.64248,77.31111,"Plot No. 26, Patparganj Industrial Area (FIE), Delhi - 110014, Delhi, India",Delhi,Delhi,India,Delhi DSIIDC Industrial Estate Directory
del-ind-1613,Patparganj Industrial Area (FIE) - Electronics Unit #23,electronics,28.62929,77.31053,"Plot No. 201, Patparganj Industrial Area (FIE), Delhi - 110023, Delhi, India",Delhi,Delhi,India,Delhi DSIIDC Industrial Estate Directory
del-ind-1614,Patparganj Industrial Area (FIE) - Packaging Unit #24,manufacturing,28.6278,77.29808,"Plot No. 323, Patparganj Industrial Area (FIE), Delhi - 110089, Delhi, India",Delhi,Delhi,India,Delhi DSIIDC Industrial Estate Directory
del-ind-1615,Patparganj Industrial Area (FIE) - Flatted Factories Unit #25,manufacturing,28.62866,77.3019,"Plot No. 160, Patparganj Industrial Area (FIE), Delhi - 110043, Delhi, India",Delhi,Delhi,India,Delhi DSIIDC Industrial Estate Directory
del-ind-1616,Patparganj Industrial Area (FIE) - Printing & Publishing Unit #26,manufacturing,28.63451,77.30122,"Plot No. 344, Patparganj Industrial Area (FIE), Delhi - 110069, Delhi, India",Delhi,Delhi,India,Delhi DSIIDC Industrial Estate Directory
del-ind-1617,Patparganj Industrial Area (FIE) - Precision Tools Unit #27,manufacturing,28.64176,77.31479,"Plot No. 392, Patparganj Industrial Area (FIE), Delhi - 110060, Delhi, India",Delhi,Delhi,India,Delhi DSIIDC Industrial Estate Directory
del-ind-1618,Patparganj Industrial Area (FIE) - Electronics Unit #28,electronics,28.62883,77.30801,"Plot No. 411, Patparganj Industrial Area (FIE), Delhi - 110090, Delhi, India",Delhi,Delhi,India,Delhi DSIIDC Industrial Estate Directory
del-ind-1619,Patparganj Industrial Area (FIE) - Packaging Unit #29,manufacturing,28.62516,77.31018,"Plot No. 351, Patparganj Industrial Area (FIE), Delhi - 110083, Delhi, India",Delhi,Delhi,India,Delhi DSIIDC Industrial Estate Directory
del-ind-1620,Patparganj Industrial Area (FIE) - Flatted Factories Unit #30,manufacturing,28.62951,77.30314,"Plot No. 119, Patparganj Industrial Area (FIE), Delhi - 110029, Delhi, India",Delhi,Delhi,India,Delhi DSIIDC Industrial Estate Directory
del-ind-1621,Patparganj Industrial Area (FIE) - Printing & Publishing Unit #31,manufacturing,28.63811,77.31802,"Plot No. 133, Patparganj Industrial Area (FIE), Delhi - 110047, Delhi, India",Delhi,Delhi,India,Delhi DSIIDC Industrial Estate Directory
del-ind-1622,Patparganj Industrial Area (FIE) - Precision Tools Unit #32,manufacturing,28.62448,77.31425,"Plot No. 341, Patparganj Industrial Area (FIE), Delhi - 110043, Delhi, India",Delhi,Delhi,India,Delhi DSIIDC Industrial Estate Directory
del-ind-1623,Patparganj Industrial Area (FIE) - Electronics Unit #33,electronics,28.6337,77.29816,"Plot No. 233, Patparganj Industrial Area (FIE), Delhi - 110063, Delhi, India",Delhi,Delhi,India,Delhi DSIIDC Industrial Estate Directory
del-ind-1624,Patparganj Industrial Area (FIE) - Packaging Unit #34,manufacturing,28.63702,77.31016,"Plot No. 180, Patparganj Industrial Area (FIE), Delhi - 110062, Delhi, India",Delhi,Delhi,India,Delhi DSIIDC Industrial Estate Directory
del-ind-1625,Patparganj Industrial Area (FIE) - Flatted Factories Unit #35,manufacturing,28.62779,77.3098,"Plot No. 394, Patparganj Industrial Area (FIE), Delhi - 110045, Delhi, India",Delhi,Delhi,India,Delhi DSIIDC Industrial Estate Directory
del-ind-1626,Patparganj Industrial Area (FIE) - Printing & Publishing Unit #36,manufacturing,28.62877,77.30728,"Plot No. 53, Patparganj Industrial Area (FIE), Delhi - 110052, Delhi, India",Delhi,Delhi,India,Delhi DSIIDC Industrial Estate Directory
del-ind-1627,Patparganj Industrial Area (FIE) - Precision Tools Unit #37,manufacturing,28.63497,77.30022,"Plot No. 167, Patparganj Industrial Area (FIE), Delhi - 110072, Delhi, India",Delhi,Delhi,India,Delhi DSIIDC Industrial Estate Directory
del-ind-1628,Patparganj Industrial Area (FIE) - Electronics Unit #38,electronics,28.62534,77.30127,"Plot No. 273, Patparganj Industrial Area (FIE), Delhi - 110060, Delhi, India",Delhi,Delhi,India,Delhi DSIIDC Industrial Estate Directory
del-ind-1629,Patparganj Industrial Area (FIE) - Packaging Unit #39,manufacturing,28.62647,77.31226,"Plot No. 318, Patparganj Industrial Area (FIE), Delhi - 110032, Delhi, India",Delhi,Delhi,India,Delhi DSIIDC Industrial Estate Directory
del-ind-1630,Patparganj Industrial Area (FIE) - Flatted Factories Unit #40,manufacturing,28.619,77.30467,"Plot No. 197, Patparganj Industrial Area (FIE), Delhi - 110009, Delhi, India",Delhi,Delhi,India,Delhi DSIIDC Industrial Estate Directory
del-ind-1631,Patparganj Industrial Area (FIE) - Printing & Publishing Unit #41,manufacturing,28.62566,77.31734,"Plot No. 303, Patparganj Industrial Area (FIE), Delhi - 110056, Delhi, India",Delhi,Delhi,India,Delhi DSIIDC Industrial Estate Directory
del-ind-1632,Patparganj Industrial Area (FIE) - Precision Tools Unit #42,manufacturing,28.63224,77.30336,"Plot No. 404, Patparganj Industrial Area (FIE), Delhi - 110044, Delhi, India",Delhi,Delhi,India,Delhi DSIIDC Industrial Estate Directory
del-ind-1633,Patparganj Industrial Area (FIE) - Electronics Unit #43,electronics,28.62719,77.30791,"Plot No. 340, Patparganj Industrial Area (FIE), Delhi - 110086, Delhi, India",Delhi,Delhi,India,Delhi DSIIDC Industrial Estate Directory
del-ind-1634,Patparganj Industrial Area (FIE) - Packaging Unit #44,manufacturing,28.64202,77.31487,"Plot No. 294, Patparganj Industrial Area (FIE), Delhi - 110063, Delhi, India",Delhi,Delhi,India,Delhi DSIIDC Industrial Estate Directory
del-ind-1635,Patparganj Industrial Area (FIE) - Flatted Factories Unit #45,manufacturing,28.63647,77.31379,"Plot No. 167, Patparganj Industrial Area (FIE), Delhi - 110072, Delhi, India",Delhi,Delhi,India,Delhi DSIIDC Industrial Estate Directory
del-ind-1636,Patparganj Industrial Area (FIE) - Printing & Publishing Unit #46,manufacturing,28.63579,77.31238,"Plot No. 158, Patparganj Industrial Area (FIE), Delhi - 110052, Delhi, India",Delhi,Delhi,India,Delhi DSIIDC Industrial Estate Directory
del-ind-1637,Patparganj Industrial Area (FIE) - Precision Tools Unit #47,manufacturing,28.63335,77.3101,"Plot No. 417, Patparganj Industrial Area (FIE), Delhi - 110077, Delhi, India",Delhi,Delhi,India,Delhi DSIIDC Industrial Estate Directory
del-ind-1638,Patparganj Industrial Area (FIE) - Electronics Unit #48,electronics,28.6317,77.30378,"Plot No. 254, Patparganj Industrial Area (FIE), Delhi - 110083, Delhi, India",Delhi,Delhi,India,Delhi DSIIDC Industrial Estate Directory
del-ind-1639,Patparganj Industrial Area (FIE) - Packaging Unit #49,manufacturing,28.62974,77.30701,"Plot No. 419, Patparganj Industrial Area (FIE), Delhi - 110018, Delhi, India",Delhi,Delhi,India,Delhi DSIIDC Industrial Estate Directory
del-ind-1640,Patparganj Industrial Area (FIE) - Flatted Factories Unit #50,manufacturing,28.63986,77.30141,"Plot No. 326, Patparganj Industrial Area (FIE), Delhi - 110001, Delhi, India",Delhi,Delhi,India,Delhi DSIIDC Industrial Estate Directory
del-ind-1641,Patparganj Industrial Area (FIE) - Printing & Publishing Unit #51,manufacturing,28.63135,77.30107,"Plot No. 232, Patparganj Industrial Area (FIE), Delhi - 110069, Delhi, India",Delhi,Delhi,India,Delhi DSIIDC Industrial Estate Directory
del-ind-1642,Patparganj Industrial Area (FIE) - Precision Tools Unit #52,manufacturing,28.62907,77.31621,"Plot No. 229, Patparganj Industrial Area (FIE), Delhi - 110026, Delhi, India",Delhi,Delhi,India,Delhi DSIIDC Industrial Estate Directory
del-ind-1643,Patparganj Industrial Area (FIE) - Electronics Unit #53,electronics,28.63404,77.31964,"Plot No. 154, Patparganj Industrial Area (FIE), Delhi - 110073, Delhi, India",Delhi,Delhi,India,Delhi DSIIDC Industrial Estate Directory
del-ind-1644,Patparganj Industrial Area (FIE) - Packaging Unit #54,manufacturing,28.63324,77.30117,"Plot No. 223, Patparganj Industrial Area (FIE), Delhi - 110092, Delhi, India",Delhi,Delhi,India,Delhi DSIIDC Industrial Estate Directory
del-ind-1645,Patparganj Industrial Area (FIE) - Flatted Factories Unit #55,manufacturing,28.63593,77.30846,"Plot No. 46, Patparganj Industrial Area (FIE), Delhi - 110075, Delhi, India",Delhi,Delhi,India,Delhi DSIIDC Industrial Estate Directory
del-ind-1646,Patparganj Industrial Area (FIE) - Printing & Publishing Unit #56,manufacturing,28.643,77.30981,"Plot No. 207, Patparganj Industrial Area (FIE), Delhi - 110017, Delhi, India",Delhi,Delhi,India,Delhi DSIIDC Industrial Estate Directory
del-ind-1647,Patparganj Industrial Area (FIE) - Precision Tools Unit #57,manufacturing,28.63216,77.30745,"Plot No. 282, Patparganj Industrial Area (FIE), Delhi - 110007, Delhi, India",Delhi,Delhi,India,Delhi DSIIDC Industrial Estate Directory
del-ind-1648,Patparganj Industrial Area (FIE) - Electronics Unit #58,electronics,28.63792,77.30904,"Plot No. 184, Patparganj Industrial Area (FIE), Delhi - 110015, Delhi, India",Delhi,Delhi,India,Delhi DSIIDC Industrial Estate Directory
del-ind-1649,Patparganj Industrial Area (FIE) - Packaging Unit #59,manufacturing,28.63796,77.30072,"Plot No. 121, Patparganj Industrial Area (FIE), Delhi - 110056, Delhi, India",Delhi,Delhi,India,Delhi DSIIDC Industrial Estate Directory
del-ind-1650,Patparganj Industrial Area (FIE) - Flatted Factories Unit #60,manufacturing,28.6294,77.30383,"Plot No. 163, Patparganj Industrial Area (FIE), Delhi - 110092, Delhi, India",Delhi,Delhi,India,Delhi DSIIDC Industrial Estate Directory
del-ind-1651,Patparganj Industrial Area (FIE) - Printing & Publishing Unit #61,manufacturing,28.62708,77.31256,"Plot No. 280, Patparganj Industrial Area (FIE), Delhi - 110028, Delhi, India",Delhi,Delhi,India,Delhi DSIIDC Industrial Estate Directory
del-ind-1652,Patparganj Industrial Area (FIE) - Precision Tools Unit #62,manufacturing,28.6278,77.30377,"Plot No. 97, Patparganj Industrial Area (FIE), Delhi - 110072, Delhi, India",Delhi,Delhi,India,Delhi DSIIDC Industrial Estate Directory
del-ind-1653,Patparganj Industrial Area (FIE) - Electronics Unit #63,electronics,28.62181,77.31714,"Plot No. 431, Patparganj Industrial Area (FIE), Delhi - 110054, Delhi, India",Delhi,Delhi,India,Delhi DSIIDC Industrial Estate Directory
del-ind-1654,Patparganj Industrial Area (FIE) - Packaging Unit #64,manufacturing,28.64156,77.321,"Plot No. 344, Patparganj Industrial Area (FIE), Delhi - 110017, Delhi, India",Delhi,Delhi,India,Delhi DSIIDC Industrial Estate Directory
del-ind-1655,Patparganj Industrial Area (FIE) - Flatted Factories Unit #65,manufacturing,28.63239,77.31056,"Plot No. 9, Patparganj Industrial Area (FIE), Delhi - 110019, Delhi, India",Delhi,Delhi,India,Delhi DSIIDC Industrial Estate Directory
del-ind-1656,Patparganj Industrial Area (FIE) - Printing & Publishing Unit #66,manufacturing,28.62988,77.30286,"Plot No. 224, Patparganj Industrial Area (FIE), Delhi - 110018, Delhi, India",Delhi,Delhi,India,Delhi DSIIDC Industrial Estate Directory
del-ind-1657,Patparganj Industrial Area (FIE) - Precision Tools Unit #67,manufacturing,28.63767,77.31293,"Plot No. 213, Patparganj Industrial Area (FIE), Delhi - 110059, Delhi, India",Delhi,Delhi,India,Delhi DSIIDC Industrial Estate Directory
del-ind-1658,Patparganj Industrial Area (FIE) - Electronics Unit #68,electronics,28.63753,77.30384,"Plot No. 218, Patparganj Industrial Area (FIE), Delhi - 110080, Delhi, India",Delhi,Delhi,India,Delhi DSIIDC Industrial Estate Directory
del-ind-1659,Patparganj Industrial Area (FIE) - Packaging Unit #69,manufacturing,28.63375,77.31483,"Plot No. 283, Patparganj Industrial Area (FIE), Delhi - 110058, Delhi, India",Delhi,Delhi,India,Delhi DSIIDC Industrial Estate Directory
del-ind-1660,Patparganj Industrial Area (FIE) - Flatted Factories Unit #70,manufacturing,28.62811,77.31156,"Plot No. 218, Patparganj Industrial Area (FIE), Delhi - 110078, Delhi, India",Delhi,Delhi,India,Delhi DSIIDC Industrial Estate Directory
del-ind-1661,Patparganj Industrial Area (FIE) - Printing & Publishing Unit #71,manufacturing,28.63733,77.3093,"Plot No. 375, Patparganj Industrial Area (FIE), Delhi - 110031, Delhi, India",Delhi,Delhi,India,Delhi DSIIDC Industrial Estate Directory
del-ind-1662,Patparganj Industrial Area (FIE) - Precision Tools Unit #72,manufacturing,28.62999,77.30484,"Plot No. 280, Patparganj Industrial Area (FIE), Delhi - 110074, Delhi, India",Delhi,Delhi,India,Delhi DSIIDC Industrial Estate Directory
del-ind-1663,Patparganj Industrial Area (FIE) - Electronics Unit #73,electronics,28.62098,77.32008,"Plot No. 291, Patparganj Industrial Area (FIE), Delhi - 110062, Delhi, India",Delhi,Delhi,India,Delhi DSIIDC Industrial Estate Directory
del-ind-1664,Patparganj Industrial Area (FIE) - Packaging Unit #74,manufacturing,28.63026,77.30646,"Plot No. 247, Patparganj Industrial Area (FIE), Delhi - 110089, Delhi, India",Delhi,Delhi,India,Delhi DSIIDC Industrial Estate Directory
del-ind-1665,Patparganj Industrial Area (FIE) - Flatted Factories Unit #75,manufacturing,28.63866,77.31321,"Plot No. 270, Patparganj Industrial Area (FIE), Delhi - 110036, Delhi, India",Delhi,Delhi,India,Delhi DSIIDC Industrial Estate Directory
del-ind-1666,Patparganj Industrial Area (FIE) - Printing & Publishing Unit #76,manufacturing,28.62887,77.30948,"Plot No. 313, Patparganj Industrial Area (FIE), Delhi - 110012, Delhi, India",Delhi,Delhi,India,Delhi DSIIDC Industrial Estate Directory
del-ind-1667,Patparganj Industrial Area (FIE) - Precision Tools Unit #77,manufacturing,28.63123,77.31662,"Plot No. 340, Patparganj Industrial Area (FIE), Delhi - 110086, Delhi, India",Delhi,Delhi,India,Delhi DSIIDC Industrial Estate Directory
del-ind-1668,Patparganj Industrial Area (FIE) - Electronics Unit #78,electronics,28.63775,77.31261,"Plot No. 409, Patparganj Industrial Area (FIE), Delhi - 110075, Delhi, India",Delhi,Delhi,India,Delhi DSIIDC Industrial Estate Directory
del-ind-1669,Patparganj Industrial Area (FIE) - Packaging Unit #79,manufacturing,28.63032,77.31064,"Plot No. 176, Patparganj Industrial Area (FIE), Delhi - 110069, Delhi, India",Delhi,Delhi,India,Delhi DSIIDC Industrial Estate Directory
del-ind-1670,Patparganj Industrial Area (FIE) - Flatted Factories Unit #80,manufacturing,28.63208,77.30302,"Plot No. 263, Patparganj Industrial Area (FIE), Delhi - 110061, Delhi, India",Delhi,Delhi,India,Delhi DSIIDC Industrial Estate Directory
del-ind-1671,Patparganj Industrial Area (FIE) - Printing & Publishing Unit #81,manufacturing,28.62667,77.30683,"Plot No. 181, Patparganj Industrial Area (FIE), Delhi - 110038, Delhi, India",Delhi,Delhi,India,Delhi DSIIDC Industrial Estate Directory
del-ind-1672,Patparganj Industrial Area (FIE) - Precision Tools Unit #82,manufacturing,28.63065,77.3104,"Plot No. 306, Patparganj Industrial Area (FIE), Delhi - 110096, Delhi, India",Delhi,Delhi,India,Delhi DSIIDC Industrial Estate Directory
del-ind-1673,Patparganj Industrial Area (FIE) - Electronics Unit #83,electronics,28.62784,77.31793,"Plot No. 134, Patparganj Industrial Area (FIE), Delhi - 110008, Delhi, India",Delhi,Delhi,India,Delhi DSIIDC Industrial Estate Directory
del-ind-1674,Patparganj Industrial Area (FIE) - Packaging Unit #84,manufacturing,28.62612,77.30385,"Plot No. 294, Patparganj Industrial Area (FIE), Delhi - 110007, Delhi, India",Delhi,Delhi,India,Delhi DSIIDC Industrial Estate Directory
del-ind-1675,Patparganj Industrial Area (FIE) - Flatted Factories Unit #85,manufacturing,28.62851,77.30527,"Plot No. 378, Patparganj Industrial Area (FIE), Delhi - 110080, Delhi, India",Delhi,Delhi,India,Delhi DSIIDC Industrial Estate Directory
del-ind-1676,Jhilmil Industrial Area - Electrical Cables Unit #1,electronics,28.68113,77.31906,"Plot No. 65, Jhilmil Industrial Area, Delhi - 110065, Delhi, India",Delhi,Delhi,India,Delhi DSIIDC Industrial Estate Directory
del-ind-1677,Jhilmil Industrial Area - Plastics & Polymers Unit #2,plastic,28.68337,77.32239,"Plot No. 130, Jhilmil Industrial Area, Delhi - 110017, Delhi, India",Delhi,Delhi,India,Delhi DSIIDC Industrial Estate Directory
del-ind-1678,Jhilmil Industrial Area - Rubber Goods Unit #3,plastic,28.67176,77.31512,"Plot No. 132, Jhilmil Industrial Area, Delhi - 110002, Delhi, India",Delhi,Delhi,India,Delhi DSIIDC Industrial Estate Directory
del-ind-1679,Jhilmil Industrial Area - Appliances Unit #4,electronics,28.6746,77.31066,"Plot No. 303, Jhilmil Industrial Area, Delhi - 110095, Delhi, India",Delhi,Delhi,India,Delhi DSIIDC Industrial Estate Directory
del-ind-1680,Jhilmil Industrial Area - Hardware Unit #5,manufacturing,28.67842,77.32278,"Plot No. 414, Jhilmil Industrial Area, Delhi - 110023, Delhi, India",Delhi,Delhi,India,Delhi DSIIDC Industrial Estate Directory
del-ind-1681,Jhilmil Industrial Area - Electrical Cables Unit #6,electronics,28.67441,77.32637,"Plot No. 249, Jhilmil Industrial Area, Delhi - 110024, Delhi, India",Delhi,Delhi,India,Delhi DSIIDC Industrial Estate Directory
del-ind-1682,Jhilmil Industrial Area - Plastics & Polymers Unit #7,plastic,28.67828,77.30777,"Plot No. 176, Jhilmil Industrial Area, Delhi - 110011, Delhi, India",Delhi,Delhi,India,Delhi DSIIDC Industrial Estate Directory
del-ind-1683,Jhilmil Industrial Area - Rubber Goods Unit #8,plastic,28.68211,77.31652,"Plot No. 421, Jhilmil Industrial Area, Delhi - 110020, Delhi, India",Delhi,Delhi,India,Delhi DSIIDC Industrial Estate Directory
del-ind-1684,Jhilmil Industrial Area - Appliances Unit #9,electronics,28.67972,77.31031,"Plot No. 212, Jhilmil Industrial Area, Delhi - 110050, Delhi, India",Delhi,Delhi,India,Delhi DSIIDC Industrial Estate Directory
del-ind-1685,Jhilmil Industrial Area - Hardware Unit #10,manufacturing,28.67544,77.3238,"Plot No. 327, Jhilmil Industrial Area, Delhi - 110022, Delhi, India",Delhi,Delhi,India,Delhi DSIIDC Industrial Estate Directory
del-ind-1686,Jhilmil Industrial Area - Electrical Cables Unit #11,electronics,28.67714,77.32653,"Plot No. 177, Jhilmil Industrial Area, Delhi - 110007, Delhi, India",Delhi,Delhi,India,Delhi DSIIDC Industrial Estate Directory
del-ind-1687,Jhilmil Industrial Area - Plastics & Polymers Unit #12,plastic,28.66932,77.31094,"Plot No. 60, Jhilmil Industrial Area, Delhi - 110007, Delhi, India",Delhi,Delhi,India,Delhi DSIIDC Industrial Estate Directory
del-ind-1688,Jhilmil Industrial Area - Rubber Goods Unit #13,plastic,28.6777,77.32273,"Plot No. 155, Jhilmil Industrial Area, Delhi - 110061, Delhi, India",Delhi,Delhi,India,Delhi DSIIDC Industrial Estate Directory
del-ind-1689,Jhilmil Industrial Area - Appliances Unit #14,electronics,28.67478,77.30898,"Plot No. 273, Jhilmil Industrial Area, Delhi - 110030, Delhi, India",Delhi,Delhi,India,Delhi DSIIDC Industrial Estate Directory
del-ind-1690,Jhilmil Industrial Area - Hardware Unit #15,manufacturing,28.66885,77.32379,"Plot No. 243, Jhilmil Industrial Area, Delhi - 110034, Delhi, India",Delhi,Delhi,India,Delhi DSIIDC Industrial Estate Directory
del-ind-1691,Jhilmil Industrial Area - Electrical Cables Unit #16,electronics,28.68168,77.32663,"Plot No. 7, Jhilmil Industrial Area, Delhi - 110037, Delhi, India",Delhi,Delhi,India,Delhi DSIIDC Industrial Estate Directory
del-ind-1692,Jhilmil Industrial Area - Plastics & Polymers Unit #17,plastic,28.68029,77.3154,"Plot No. 348, Jhilmil Industrial Area, Delhi - 110041, Delhi, India",Delhi,Delhi,India,Delhi DSIIDC Industrial Estate Directory
del-ind-1693,Jhilmil Industrial Area - Rubber Goods Unit #18,plastic,28.68295,77.31605,"Plot No. 22, Jhilmil Industrial Area, Delhi - 110013, Delhi, India",Delhi,Delhi,India,Delhi DSIIDC Industrial Estate Directory
del-ind-1694,Jhilmil Industrial Area - Appliances Unit #19,electronics,28.68169,77.3142,"Plot No. 433, Jhilmil Industrial Area, Delhi - 110056, Delhi, India",Delhi,Delhi,India,Delhi DSIIDC Industrial Estate Directory
del-ind-1695,Jhilmil Industrial Area - Hardware Unit #20,manufacturing,28.66897,77.31298,"Plot No. 140, Jhilmil Industrial Area, Delhi - 110043, Delhi, India",Delhi,Delhi,India,Delhi DSIIDC Industrial Estate Directory
del-ind-1696,Jhilmil Industrial Area - Electrical Cables Unit #21,electronics,28.67376,77.32764,"Plot No. 131, Jhilmil Industrial Area, Delhi - 110084, Delhi, India",Delhi,Delhi,India,Delhi DSIIDC Industrial Estate Directory
del-ind-1697,Jhilmil Industrial Area - Plastics & Polymers Unit #22,plastic,28.66982,77.31497,"Plot No. 346, Jhilmil Industrial Area, Delhi - 110096, Delhi, India",Delhi,Delhi,India,Delhi DSIIDC Industrial Estate Directory
del-ind-1698,Jhilmil Industrial Area - Rubber Goods Unit #23,plastic,28.67542,77.32605,"Plot No. 395, Jhilmil Industrial Area, Delhi - 110025, Delhi, India",Delhi,Delhi,India,Delhi DSIIDC Industrial Estate Directory
del-ind-1699,Jhilmil Industrial Area - Appliances Unit #24,electronics,28.66694,77.31698,"Plot No. 93, Jhilmil Industrial Area, Delhi - 110041, Delhi, India",Delhi,Delhi,India,Delhi DSIIDC Industrial Estate Directory
del-ind-1700,Jhilmil Industrial Area - Hardware Unit #25,manufacturing,28.66729,77.31562,"Plot No. 426, Jhilmil Industrial Area, Delhi - 110009, Delhi, India",Delhi,Delhi,India,Delhi DSIIDC Industrial Estate Directory
del-ind-1701,Jhilmil Industrial Area - Electrical Cables Unit #26,electronics,28.67744,77.31818,"Plot No. 54, Jhilmil Industrial Area, Delhi - 110088, Delhi, India",Delhi,Delhi,India,Delhi DSIIDC Industrial Estate Directory
del-ind-1702,Jhilmil Industrial Area - Plastics & Polymers Unit #27,plastic,28.67142,77.31927,"Plot No. 146, Jhilmil Industrial Area, Delhi - 110033, Delhi, India",Delhi,Delhi,India,Delhi DSIIDC Industrial Estate Directory
del-ind-1703,Jhilmil Industrial Area - Rubber Goods Unit #28,plastic,28.67541,77.31911,"Plot No. 48, Jhilmil Industrial Area, Delhi - 110008, Delhi, India",Delhi,Delhi,India,Delhi DSIIDC Industrial Estate Directory
del-ind-1704,Jhilmil Industrial Area - Appliances Unit #29,electronics,28.68231,77.31502,"Plot No. 428, Jhilmil Industrial Area, Delhi - 110028, Delhi, India",Delhi,Delhi,India,Delhi DSIIDC Industrial Estate Directory
del-ind-1705,Jhilmil Industrial Area - Hardware Unit #30,manufacturing,28.68233,77.31564,"Plot No. 363, Jhilmil Industrial Area, Delhi - 110016, Delhi, India",Delhi,Delhi,India,Delhi DSIIDC Industrial Estate Directory
del-ind-1706,Jhilmil Industrial Area - Electrical Cables Unit #31,electronics,28.6813,77.3218,"Plot No. 193, Jhilmil Industrial Area, Delhi - 110085, Delhi, India",Delhi,Delhi,India,Delhi DSIIDC Industrial Estate Directory
del-ind-1707,Jhilmil Industrial Area - Plastics & Polymers Unit #32,plastic,28.67568,77.31023,"Plot No. 412, Jhilmil Industrial Area, Delhi - 110024, Delhi, India",Delhi,Delhi,India,Delhi DSIIDC Industrial Estate Directory
del-ind-1708,Jhilmil Industrial Area - Rubber Goods Unit #33,plastic,28.68161,77.31294,"Plot No. 130, Jhilmil Industrial Area, Delhi - 110038, Delhi, India",Delhi,Delhi,India,Delhi DSIIDC Industrial Estate Directory
del-ind-1709,Jhilmil Industrial Area - Appliances Unit #34,electronics,28.663,77.32061,"Plot No. 328, Jhilmil Industrial Area, Delhi - 110059, Delhi, India",Delhi,Delhi,India,Delhi DSIIDC Industrial Estate Directory
del-ind-1710,Jhilmil Industrial Area - Hardware Unit #35,manufacturing,28.67884,77.31597,"Plot No. 219, Jhilmil Industrial Area, Delhi - 110089, Delhi, India",Delhi,Delhi,India,Delhi DSIIDC Industrial Estate Directory
del-ind-1711,Jhilmil Industrial Area - Electrical Cables Unit #36,electronics,28.6826,77.31272,"Plot No. 166, Jhilmil Industrial Area, Delhi - 110033, Delhi, India",Delhi,Delhi,India,Delhi DSIIDC Industrial Estate Directory
del-ind-1712,Jhilmil Industrial Area - Plastics & Polymers Unit #37,plastic,28.67611,77.3198,"Plot No. 398, Jhilmil Industrial Area, Delhi - 110008, Delhi, India",Delhi,Delhi,India,Delhi DSIIDC Industrial Estate Directory
del-ind-1713,Jhilmil Industrial Area - Rubber Goods Unit #38,plastic,28.6714,77.32126,"Plot No. 31, Jhilmil Industrial Area, Delhi - 110034, Delhi, India",Delhi,Delhi,India,Delhi DSIIDC Industrial Estate Directory
del-ind-1714,Jhilmil Industrial Area - Appliances Unit #39,electronics,28.67907,77.31683,"Plot No. 226, Jhilmil Industrial Area, Delhi - 110009, Delhi, India",Delhi,Delhi,India,Delhi DSIIDC Industrial Estate Directory
del-ind-1715,Jhilmil Industrial Area - Hardware Unit #40,manufacturing,28.663,77.31865,"Plot No. 313, Jhilmil Industrial Area, Delhi - 110051, Delhi, India",Delhi,Delhi,India,Delhi DSIIDC Industrial Estate Directory
del-ind-1716,Jhilmil Industrial Area - Electrical Cables Unit #41,electronics,28.67773,77.32366,"Plot No. 74, Jhilmil Industrial Area, Delhi - 110070, Delhi, India",Delhi,Delhi,India,Delhi DSIIDC Industrial Estate Directory
del-ind-1717,Jhilmil Industrial Area - Plastics & Polymers Unit #42,plastic,28.67544,77.31424,"Plot No. 330, Jhilmil Industrial Area, Delhi - 110014, Delhi, India",Delhi,Delhi,India,Delhi DSIIDC Industrial Estate Directory
del-ind-1718,Jhilmil Industrial Area - Rubber Goods Unit #43,plastic,28.6823,77.31353,"Plot No. 53, Jhilmil Industrial Area, Delhi - 110005, Delhi, India",Delhi,Delhi,India,Delhi DSIIDC Industrial Estate Directory
del-ind-1719,Jhilmil Industrial Area - Appliances Unit #44,electronics,28.6813,77.32111,"Plot No. 129, Jhilmil Industrial Area, Delhi - 110058, Delhi, India",Delhi,Delhi,India,Delhi DSIIDC Industrial Estate Directory
del-ind-1720,Jhilmil Industrial Area - Hardware Unit #45,manufacturing,28.68129,77.31875,"Plot No. 335, Jhilmil Industrial Area, Delhi - 110082, Delhi, India",Delhi,Delhi,India,Delhi DSIIDC Industrial Estate Directory
del-ind-1721,Jhilmil Industrial Area - Electrical Cables Unit #46,electronics,28.6765,77.31801,"Plot No. 200, Jhilmil Industrial Area, Delhi - 110035, Delhi, India",Delhi,Delhi,India,Delhi DSIIDC Industrial Estate Directory
del-ind-1722,Jhilmil Industrial Area - Plastics & Polymers Unit #47,plastic,28.6778,77.32194,"Plot No. 201, Jhilmil Industrial Area, Delhi - 110074, Delhi, India",Delhi,Delhi,India,Delhi DSIIDC Industrial Estate Directory
del-ind-1723,Jhilmil Industrial Area - Rubber Goods Unit #48,plastic,28.68347,77.3182,"Plot No. 395, Jhilmil Industrial Area, Delhi - 110063, Delhi, India",Delhi,Delhi,India,Delhi DSIIDC Industrial Estate Directory
del-ind-1724,Jhilmil Industrial Area - Appliances Unit #49,electronics,28.66956,77.31875,"Plot No. 373, Jhilmil Industrial Area, Delhi - 110009, Delhi, India",Delhi,Delhi,India,Delhi DSIIDC Industrial Estate Directory
del-ind-1725,Jhilmil Industrial Area - Hardware Unit #50,manufacturing,28.67457,77.31789,"Plot No. 353, Jhilmil Industrial Area, Delhi - 110062, Delhi, India",Delhi,Delhi,India,Delhi DSIIDC Industrial Estate Directory
del-ind-1726,Jhilmil Industrial Area - Electrical Cables Unit #51,electronics,28.67984,77.32261,"Plot No. 184, Jhilmil Industrial Area, Delhi - 110043, Delhi, India",Delhi,Delhi,India,Delhi DSIIDC Industrial Estate Directory
del-ind-1727,Jhilmil Industrial Area - Plastics & Polymers Unit #52,plastic,28.67273,77.31303,"Plot No. 324, Jhilmil Industrial Area, Delhi - 110083, Delhi, India",Delhi,Delhi,India,Delhi DSIIDC Industrial Estate Directory
del-ind-1728,Jhilmil Industrial Area - Rubber Goods Unit #53,plastic,28.68062,77.3216,"Plot No. 175, Jhilmil Industrial Area, Delhi - 110011, Delhi, India",Delhi,Delhi,India,Delhi DSIIDC Industrial Estate Directory
del-ind-1729,Jhilmil Industrial Area - Appliances Unit #54,electronics,28.67995,77.31033,"Plot No. 149, Jhilmil Industrial Area, Delhi - 110083, Delhi, India",Delhi,Delhi,India,Delhi DSIIDC Industrial Estate Directory
del-ind-1730,Jhilmil Industrial Area - Hardware Unit #55,manufacturing,28.67699,77.32457,"Plot No. 197, Jhilmil Industrial Area, Delhi - 110085, Delhi, India",Delhi,Delhi,India,Delhi DSIIDC Industrial Estate Directory
del-ind-1731,Jhilmil Industrial Area - Electrical Cables Unit #56,electronics,28.67802,77.32577,"Plot No. 55, Jhilmil Industrial Area, Delhi - 110081, Delhi, India",Delhi,Delhi,India,Delhi DSIIDC Industrial Estate Directory
del-ind-1732,Jhilmil Industrial Area - Plastics & Polymers Unit #57,plastic,28.67266,77.31222,"Plot No. 324, Jhilmil Industrial Area, Delhi - 110057, Delhi, India",Delhi,Delhi,India,Delhi DSIIDC Industrial Estate Directory
del-ind-1733,Jhilmil Industrial Area - Rubber Goods Unit #58,plastic,28.67473,77.31505,"Plot No. 99, Jhilmil Industrial Area, Delhi - 110004, Delhi, India",Delhi,Delhi,India,Delhi DSIIDC Industrial Estate Directory
del-ind-1734,Jhilmil Industrial Area - Appliances Unit #59,electronics,28.67363,77.31089,"Plot No. 251, Jhilmil Industrial Area, Delhi - 110050, Delhi, India",Delhi,Delhi,India,Delhi DSIIDC Industrial Estate Directory
del-ind-1735,Jhilmil Industrial Area - Hardware Unit #60,manufacturing,28.68121,77.3206,"Plot No. 158, Jhilmil Industrial Area, Delhi - 110064, Delhi, India",Delhi,Delhi,India,Delhi DSIIDC Industrial Estate Directory
del-ind-1736,Jhilmil Industrial Area - Electrical Cables Unit #61,electronics,28.66499,77.31583,"Plot No. 231, Jhilmil Industrial Area, Delhi - 110003, Delhi, India",Delhi,Delhi,India,Delhi DSIIDC Industrial Estate Directory
del-ind-1737,Jhilmil Industrial Area - Plastics & Polymers Unit #62,plastic,28.67678,77.31842,"Plot No. 404, Jhilmil Industrial Area, Delhi - 110093, Delhi, India",Delhi,Delhi,India,Delhi DSIIDC Industrial Estate Directory
del-ind-1738,Jhilmil Industrial Area - Rubber Goods Unit #63,plastic,28.67761,77.31872,"Plot No. 414, Jhilmil Industrial Area, Delhi - 110084, Delhi, India",Delhi,Delhi,India,Delhi DSIIDC Industrial Estate Directory
del-ind-1739,Jhilmil Industrial Area - Appliances Unit #64,electronics,28.67203,77.31281,"Plot No. 348, Jhilmil Industrial Area, Delhi - 110069, Delhi, India",Delhi,Delhi,India,Delhi DSIIDC Industrial Estate Directory
del-ind-1740,Jhilmil Industrial Area - Hardware Unit #65,manufacturing,28.67921,77.32372,"Plot No. 37, Jhilmil Industrial Area, Delhi - 110005, Delhi, India",Delhi,Delhi,India,Delhi DSIIDC Industrial Estate Directory
del-ind-1741,Friends Colony Industrial Area (Shahdara) - Brass Metal Parts Unit #1,metal,28.66752,77.29981,"Plot No. 10, Friends Colony Industrial Area (Shahdara), Delhi - 110061, Delhi, India",Delhi,Delhi,India,Delhi DSIIDC Industrial Estate Directory
del-ind-1742,Friends Colony Industrial Area (Shahdara) - Packaging Unit #2,manufacturing,28.67321,77.30156,"Plot No. 125, Friends Colony Industrial Area (Shahdara), Delhi - 110090, Delhi, India",Delhi,Delhi,India,Delhi DSIIDC Industrial Estate Directory
del-ind-1743,Friends Colony Industrial Area (Shahdara) - Wire Meshes Unit #3,manufacturing,28.66755,77.30438,"Plot No. 324, Friends Colony Industrial Area (Shahdara), Delhi - 110007, Delhi, India",Delhi,Delhi,India,Delhi DSIIDC Industrial Estate Directory
del-ind-1744,Friends Colony Industrial Area (Shahdara) - Plastics Unit #4,plastic,28.67489,77.3003,"Plot No. 50, Friends Colony Industrial Area (Shahdara), Delhi - 110059, Delhi, India",Delhi,Delhi,India,Delhi DSIIDC Industrial Estate Directory
del-ind-1745,Friends Colony Industrial Area (Shahdara) - Brass Metal Parts Unit #5,metal,28.66146,77.2995,"Plot No. 33, Friends Colony Industrial Area (Shahdara), Delhi - 110014, Delhi, India",Delhi,Delhi,India,Delhi DSIIDC Industrial Estate Directory
del-ind-1746,Friends Colony Industrial Area (Shahdara) - Packaging Unit #6,manufacturing,28.67256,77.30898,"Plot No. 316, Friends Colony Industrial Area (Shahdara), Delhi - 110029, Delhi, India",Delhi,Delhi,India,Delhi DSIIDC Industrial Estate Directory
del-ind-1747,Friends Colony Industrial Area (Shahdara) - Wire Meshes Unit #7,manufacturing,28.67079,77.30617,"Plot No. 173, Friends Colony Industrial Area (Shahdara), Delhi - 110095, Delhi, India",Delhi,Delhi,India,Delhi DSIIDC Industrial Estate Directory
del-ind-1748,Friends Colony Industrial Area (Shahdara) - Plastics Unit #8,plastic,28.66627,77.30141,"Plot No. 351, Friends Colony Industrial Area (Shahdara), Delhi - 110074, Delhi, India",Delhi,Delhi,India,Delhi DSIIDC Industrial Estate Directory
del-ind-1749,Friends Colony Industrial Area (Shahdara) - Brass Metal Parts Unit #9,metal,28.6642,77.30387,"Plot No. 407, Friends Colony Industrial Area (Shahdara), Delhi - 110028, Delhi, India",Delhi,Delhi,India,Delhi DSIIDC Industrial Estate Directory
del-ind-1750,Friends Colony Industrial Area (Shahdara) - Packaging Unit #10,manufacturing,28.66854,77.29899,"Plot No. 172, Friends Colony Industrial Area (Shahdara), Delhi - 110009, Delhi, India",Delhi,Delhi,India,Delhi DSIIDC Industrial Estate Directory
del-ind-1751,Friends Colony Industrial Area (Shahdara) - Wire Meshes Unit #11,manufacturing,28.6698,77.30671,"Plot No. 213, Friends Colony Industrial Area (Shahdara), Delhi - 110022, Delhi, India",Delhi,Delhi,India,Delhi DSIIDC Industrial Estate Directory
del-ind-1752,Friends Colony Industrial Area (Shahdara) - Plastics Unit #12,plastic,28.66611,77.29961,"Plot No. 225, Friends Colony Industrial Area (Shahdara), Delhi - 110032, Delhi, India",Delhi,Delhi,India,Delhi DSIIDC Industrial Estate Directory
del-ind-1753,Friends Colony Industrial Area (Shahdara) - Brass Metal Parts Unit #13,metal,28.66916,77.30442,"Plot No. 52, Friends Colony Industrial Area (Shahdara), Delhi - 110081, Delhi, India",Delhi,Delhi,India,Delhi DSIIDC Industrial Estate Directory
del-ind-1754,Friends Colony Industrial Area (Shahdara) - Packaging Unit #14,manufacturing,28.66206,77.29993,"Plot No. 9, Friends Colony Industrial Area (Shahdara), Delhi - 110063, Delhi, India",Delhi,Delhi,India,Delhi DSIIDC Industrial Estate Directory
del-ind-1755,Friends Colony Industrial Area (Shahdara) - Wire Meshes Unit #15,manufacturing,28.66847,77.30526,"Plot No. 46, Friends Colony Industrial Area (Shahdara), Delhi - 110091, Delhi, India",Delhi,Delhi,India,Delhi DSIIDC Industrial Estate Directory
del-ind-1756,Friends Colony Industrial Area (Shahdara) - Plastics Unit #16,plastic,28.66256,77.29734,"Plot No. 214, Friends Colony Industrial Area (Shahdara), Delhi - 110089, Delhi, India",Delhi,Delhi,India,Delhi DSIIDC Industrial Estate Directory
del-ind-1757,Friends Colony Industrial Area (Shahdara) - Brass Metal Parts Unit #17,metal,28.67073,77.29775,"Plot No. 355, Friends Colony Industrial Area (Shahdara), Delhi - 110017, Delhi, India",Delhi,Delhi,India,Delhi DSIIDC Industrial Estate Directory
del-ind-1758,Friends Colony Industrial Area (Shahdara) - Packaging Unit #18,manufacturing,28.66975,77.31119,"Plot No. 268, Friends Colony Industrial Area (Shahdara), Delhi - 110058, Delhi, India",Delhi,Delhi,India,Delhi DSIIDC Industrial Estate Directory
del-ind-1759,Friends Colony Industrial Area (Shahdara) - Wire Meshes Unit #19,manufacturing,28.65897,77.31057,"Plot No. 313, Friends Colony Industrial Area (Shahdara), Delhi - 110089, Delhi, India",Delhi,Delhi,India,Delhi DSIIDC Industrial Estate Directory
del-ind-1760,Friends Colony Industrial Area (Shahdara) - Plastics Unit #20,plastic,28.67076,77.30566,"Plot No. 256, Friends Colony Industrial Area (Shahdara), Delhi - 110079, Delhi, India",Delhi,Delhi,India,Delhi DSIIDC Industrial Estate Directory
del-ind-1761,Friends Colony Industrial Area (Shahdara) - Brass Metal Parts Unit #21,metal,28.67402,77.30306,"Plot No. 401, Friends Colony Industrial Area (Shahdara), Delhi - 110039, Delhi, India",Delhi,Delhi,India,Delhi DSIIDC Industrial Estate Directory
del-ind-1762,Friends Colony Industrial Area (Shahdara) - Packaging Unit #22,manufacturing,28.66775,77.30535,"Plot No. 121, Friends Colony Industrial Area (Shahdara), Delhi - 110025, Delhi, India",Delhi,Delhi,India,Delhi DSIIDC Industrial Estate Directory
del-ind-1763,Friends Colony Industrial Area (Shahdara) - Wire Meshes Unit #23,manufacturing,28.67209,77.30872,"Plot No. 49, Friends Colony Industrial Area (Shahdara), Delhi - 110080, Delhi, India",Delhi,Delhi,India,Delhi DSIIDC Industrial Estate Directory
del-ind-1764,Friends Colony Industrial Area (Shahdara) - Plastics Unit #24,plastic,28.66308,77.31081,"Plot No. 277, Friends Colony Industrial Area (Shahdara), Delhi - 110065, Delhi, India",Delhi,Delhi,India,Delhi DSIIDC Industrial Estate Directory
del-ind-1765,Friends Colony Industrial Area (Shahdara) - Brass Metal Parts Unit #25,metal,28.66948,77.31258,"Plot No. 338, Friends Colony Industrial Area (Shahdara), Delhi - 110027, Delhi, India",Delhi,Delhi,India,Delhi DSIIDC Industrial Estate Directory
del-ind-1766,Friends Colony Industrial Area (Shahdara) - Packaging Unit #26,manufacturing,28.66751,77.30791,"Plot No. 408, Friends Colony Industrial Area (Shahdara), Delhi - 110020, Delhi, India",Delhi,Delhi,India,Delhi DSIIDC Industrial Estate Directory
del-ind-1767,Friends Colony Industrial Area (Shahdara) - Wire Meshes Unit #27,manufacturing,28.66332,77.295,"Plot No. 243, Friends Colony Industrial Area (Shahdara), Delhi - 110064, Delhi, India",Delhi,Delhi,India,Delhi DSIIDC Industrial Estate Directory
del-ind-1768,Friends Colony Industrial Area (Shahdara) - Plastics Unit #28,plastic,28.67099,77.311,"Plot No. 23, Friends Colony Industrial Area (Shahdara), Delhi - 110007, Delhi, India",Delhi,Delhi,India,Delhi DSIIDC Industrial Estate Directory
del-ind-1769,Friends Colony Industrial Area (Shahdara) - Brass Metal Parts Unit #29,metal,28.66574,77.30209,"Plot No. 223, Friends Colony Industrial Area (Shahdara), Delhi - 110033, Delhi, India",Delhi,Delhi,India,Delhi DSIIDC Industrial Estate Directory
del-ind-1770,Friends Colony Industrial Area (Shahdara) - Packaging Unit #30,manufacturing,28.66389,77.31202,"Plot No. 389, Friends Colony Industrial Area (Shahdara), Delhi - 110059, Delhi, India",Delhi,Delhi,India,Delhi DSIIDC Industrial Estate Directory
del-ind-1771,Friends Colony Industrial Area (Shahdara) - Wire Meshes Unit #31,manufacturing,28.67512,77.30699,"Plot No. 276, Friends Colony Industrial Area (Shahdara), Delhi - 110023, Delhi, India",Delhi,Delhi,India,Delhi DSIIDC Industrial Estate Directory
del-ind-1772,Friends Colony Industrial Area (Shahdara) - Plastics Unit #32,plastic,28.6686,77.30592,"Plot No. 264, Friends Colony Industrial Area (Shahdara), Delhi - 110015, Delhi, India",Delhi,Delhi,India,Delhi DSIIDC Industrial Estate Directory
del-ind-1773,Friends Colony Industrial Area (Shahdara) - Brass Metal Parts Unit #33,metal,28.67097,77.30642,"Plot No. 228, Friends Colony Industrial Area (Shahdara), Delhi - 110076, Delhi, India",Delhi,Delhi,India,Delhi DSIIDC Industrial Estate Directory
del-ind-1774,Friends Colony Industrial Area (Shahdara) - Packaging Unit #34,manufacturing,28.66389,77.30275,"Plot No. 383, Friends Colony Industrial Area (Shahdara), Delhi - 110087, Delhi, India",Delhi,Delhi,India,Delhi DSIIDC Industrial Estate Directory
del-ind-1775,Friends Colony Industrial Area (Shahdara) - Wire Meshes Unit #35,manufacturing,28.67061,77.30306,"Plot No. 57, Friends Colony Industrial Area (Shahdara), Delhi - 110042, Delhi, India",Delhi,Delhi,India,Delhi DSIIDC Industrial Estate Directory
del-ind-1776,Friends Colony Industrial Area (Shahdara) - Plastics Unit #36,plastic,28.66846,77.30828,"Plot No. 212, Friends Colony Industrial Area (Shahdara), Delhi - 110026, Delhi, India",Delhi,Delhi,India,Delhi DSIIDC Industrial Estate Directory
del-ind-1777,Friends Colony Industrial Area (Shahdara) - Brass Metal Parts Unit #37,metal,28.66575,77.30724,"Plot No. 242, Friends Colony Industrial Area (Shahdara), Delhi - 110075, Delhi, India",Delhi,Delhi,India,Delhi DSIIDC Industrial Estate Directory
del-ind-1778,Friends Colony Industrial Area (Shahdara) - Packaging Unit #38,manufacturing,28.65858,77.30593,"Plot No. 75, Friends Colony Industrial Area (Shahdara), Delhi - 110028, Delhi, India",Delhi,Delhi,India,Delhi DSIIDC Industrial Estate Directory
del-ind-1779,Friends Colony Industrial Area (Shahdara) - Wire Meshes Unit #39,manufacturing,28.67246,77.30283,"Plot No. 199, Friends Colony Industrial Area (Shahdara), Delhi - 110048, Delhi, India",Delhi,Delhi,India,Delhi DSIIDC Industrial Estate Directory
del-ind-1780,Friends Colony Industrial Area (Shahdara) - Plastics Unit #40,plastic,28.6727,77.31043,"Plot No. 324, Friends Colony Industrial Area (Shahdara), Delhi - 110046, Delhi, India",Delhi,Delhi,India,Delhi DSIIDC Industrial Estate Directory
del-ind-1781,Ghazipur Industrial & WTE Zone - Waste to Energy Unit #1,waste,28.62799,77.33154,"Plot No. 66, Ghazipur Industrial & WTE Zone, Delhi - 110005, Delhi, India",Delhi,Delhi,India,Delhi DSIIDC Industrial Estate Directory
del-ind-1782,Ghazipur Industrial & WTE Zone - Animal Waste Rendering Unit #2,waste,28.62444,77.33052,"Plot No. 70, Ghazipur Industrial & WTE Zone, Delhi - 110015, Delhi, India",Delhi,Delhi,India,Delhi DSIIDC Industrial Estate Directory
del-ind-1783,Ghazipur Industrial & WTE Zone - Meat Processing Unit #3,manufacturing,28.62797,77.328,"Plot No. 88, Ghazipur Industrial & WTE Zone, Delhi - 110044, Delhi, India",Delhi,Delhi,India,Delhi DSIIDC Industrial Estate Directory
del-ind-1784,Ghazipur Industrial & WTE Zone - Packaging Unit #4,manufacturing,28.62571,77.3357,"Plot No. 81, Ghazipur Industrial & WTE Zone, Delhi - 110082, Delhi, India",Delhi,Delhi,India,Delhi DSIIDC Industrial Estate Directory
del-ind-1785,Ghazipur Industrial & WTE Zone - Recycling Unit #5,waste,28.63435,77.32914,"Plot No. 296, Ghazipur Industrial & WTE Zone, Delhi - 110071, Delhi, India",Delhi,Delhi,India,Delhi DSIIDC Industrial Estate Directory
del-ind-1786,Ghazipur Industrial & WTE Zone - Waste to Energy Unit #6,waste,28.62617,77.33049,"Plot No. 439, Ghazipur Industrial & WTE Zone, Delhi - 110067, Delhi, India",Delhi,Delhi,India,Delhi DSIIDC Industrial Estate Directory
del-ind-1787,Ghazipur Industrial & WTE Zone - Animal Waste Rendering Unit #7,waste,28.615,77.33301,"Plot No. 303, Ghazipur Industrial & WTE Zone, Delhi - 110061, Delhi, India",Delhi,Delhi,India,Delhi DSIIDC Industrial Estate Directory
del-ind-1788,Ghazipur Industrial & WTE Zone - Meat Processing Unit #8,manufacturing,28.62689,77.32889,"Plot No. 374, Ghazipur Industrial & WTE Zone, Delhi - 110055, Delhi, India",Delhi,Delhi,India,Delhi DSIIDC Industrial Estate Directory
del-ind-1789,Ghazipur Industrial & WTE Zone - Packaging Unit #9,manufacturing,28.62471,77.32863,"Plot No. 168, Ghazipur Industrial & WTE Zone, Delhi - 110056, Delhi, India",Delhi,Delhi,India,Delhi DSIIDC Industrial Estate Directory
del-ind-1790,Ghazipur Industrial & WTE Zone - Recycling Unit #10,waste,28.61667,77.32746,"Plot No. 303, Ghazipur Industrial & WTE Zone, Delhi - 110020, Delhi, India",Delhi,Delhi,India,Delhi DSIIDC Industrial Estate Directory
del-ind-1791,Ghazipur Industrial & WTE Zone - Waste to Energy Unit #11,waste,28.63324,77.32704,"Plot No. 214, Ghazipur Industrial & WTE Zone, Delhi - 110006, Delhi, India",Delhi,Delhi,India,Delhi DSIIDC Industrial Estate Directory
del-ind-1792,Ghazipur Industrial & WTE Zone - Animal Waste Rendering Unit #12,waste,28.62992,77.33326,"Plot No. 394, Ghazipur Industrial & WTE Zone, Delhi - 110065, Delhi, India",Delhi,Delhi,India,Delhi DSIIDC Industrial Estate Directory
del-ind-1793,Ghazipur Industrial & WTE Zone - Meat Processing Unit #13,manufacturing,28.63042,77.33316,"Plot No. 246, Ghazipur Industrial & WTE Zone, Delhi - 110090, Delhi, India",Delhi,Delhi,India,Delhi DSIIDC Industrial Estate Directory
del-ind-1794,Ghazipur Industrial & WTE Zone - Packaging Unit #14,manufacturing,28.62714,77.32755,"Plot No. 124, Ghazipur Industrial & WTE Zone, Delhi - 110011, Delhi, India",Delhi,Delhi,India,Delhi DSIIDC Industrial Estate Directory
del-ind-1795,Ghazipur Industrial & WTE Zone - Recycling Unit #15,waste,28.62434,77.33174,"Plot No. 375, Ghazipur Industrial & WTE Zone, Delhi - 110053, Delhi, India",Delhi,Delhi,India,Delhi DSIIDC Industrial Estate Directory
del-ind-1796,Ghazipur Industrial & WTE Zone - Waste to Energy Unit #16,waste,28.62728,77.33126,"Plot No. 152, Ghazipur Industrial & WTE Zone, Delhi - 110031, Delhi, India",Delhi,Delhi,India,Delhi DSIIDC Industrial Estate Directory
del-ind-1797,Ghazipur Industrial & WTE Zone - Animal Waste Rendering Unit #17,waste,28.62382,77.33043,"Plot No. 246, Ghazipur Industrial & WTE Zone, Delhi - 110086, Delhi, India",Delhi,Delhi,India,Delhi DSIIDC Industrial Estate Directory
del-ind-1798,Ghazipur Industrial & WTE Zone - Meat Processing Unit #18,manufacturing,28.62263,77.3386,"Plot No. 440, Ghazipur Industrial & WTE Zone, Delhi - 110074, Delhi, India",Delhi,Delhi,India,Delhi DSIIDC Industrial Estate Directory
del-ind-1799,Ghazipur Industrial & WTE Zone - Packaging Unit #19,manufacturing,28.62498,77.331,"Plot No. 233, Ghazipur Industrial & WTE Zone, Delhi - 110060, Delhi, India",Delhi,Delhi,India,Delhi DSIIDC Industrial Estate Directory
del-ind-1800,Ghazipur Industrial & WTE Zone - Recycling Unit #20,waste,28.62625,77.32292,"Plot No. 208, Ghazipur Industrial & WTE Zone, Delhi - 110024, Delhi, India",Delhi,Delhi,India,Delhi DSIIDC Industrial Estate Directory
del-ind-1801,Ghazipur Industrial & WTE Zone - Waste to Energy Unit #21,waste,28.62607,77.32781,"Plot No. 238, Ghazipur Industrial & WTE Zone, Delhi - 110091, Delhi, India",Delhi,Delhi,India,Delhi DSIIDC Industrial Estate Directory
del-ind-1802,Ghazipur Industrial & WTE Zone - Animal Waste Rendering Unit #22,waste,28.61903,77.32536,"Plot No. 37, Ghazipur Industrial & WTE Zone, Delhi - 110050, Delhi, India",Delhi,Delhi,India,Delhi DSIIDC Industrial Estate Directory
del-ind-1803,Ghazipur Industrial & WTE Zone - Meat Processing Unit #23,manufacturing,28.62817,77.32949,"Plot No. 17, Ghazipur Industrial & WTE Zone, Delhi - 110038, Delhi, India",Delhi,Delhi,India,Delhi DSIIDC Industrial Estate Directory
del-ind-1804,Ghazipur Industrial & WTE Zone - Packaging Unit #24,manufacturing,28.62181,77.3336,"Plot No. 314, Ghazipur Industrial & WTE Zone, Delhi - 110070, Delhi, India",Delhi,Delhi,India,Delhi DSIIDC Industrial Estate Directory
del-ind-1805,Ghazipur Industrial & WTE Zone - Recycling Unit #25,waste,28.62227,77.3306,"Plot No. 351, Ghazipur Industrial & WTE Zone, Delhi - 110011, Delhi, India",Delhi,Delhi,India,Delhi DSIIDC Industrial Estate Directory
del-ind-1806,Ghazipur Industrial & WTE Zone - Waste to Energy Unit #26,waste,28.62204,77.32921,"Plot No. 29, Ghazipur Industrial & WTE Zone, Delhi - 110066, Delhi, India",Delhi,Delhi,India,Delhi DSIIDC Industrial Estate Directory
del-ind-1807,Ghazipur Industrial & WTE Zone - Animal Waste Rendering Unit #27,waste,28.63135,77.32973,"Plot No. 27, Ghazipur Industrial & WTE Zone, Delhi - 110015, Delhi, India",Delhi,Delhi,India,Delhi DSIIDC Industrial Estate Directory
del-ind-1808,Ghazipur Industrial & WTE Zone - Meat Processing Unit #28,manufacturing,28.62127,77.33538,"Plot No. 21, Ghazipur Industrial & WTE Zone, Delhi - 110047, Delhi, India",Delhi,Delhi,India,Delhi DSIIDC Industrial Estate Directory
del-ind-1809,Ghazipur Industrial & WTE Zone - Packaging Unit #29,manufacturing,28.62065,77.33684,"Plot No. 361, Ghazipur Industrial & WTE Zone, Delhi - 110009, Delhi, India",Delhi,Delhi,India,Delhi DSIIDC Industrial Estate Directory
del-ind-1810,Ghazipur Industrial & WTE Zone - Recycling Unit #30,waste,28.6178,77.32911,"Plot No. 71, Ghazipur Industrial & WTE Zone, Delhi - 110043, Delhi, India",Delhi,Delhi,India,Delhi DSIIDC Industrial Estate Directory
del-ind-1811,Ghazipur Industrial & WTE Zone - Waste to Energy Unit #31,waste,28.62516,77.3342,"Plot No. 245, Ghazipur Industrial & WTE Zone, Delhi - 110095, Delhi, India",Delhi,Delhi,India,Delhi DSIIDC Industrial Estate Directory
del-ind-1812,Ghazipur Industrial & WTE Zone - Animal Waste Rendering Unit #32,waste,28.6305,77.32979,"Plot No. 360, Ghazipur Industrial & WTE Zone, Delhi - 110027, Delhi, India",Delhi,Delhi,India,Delhi DSIIDC Industrial Estate Directory
del-ind-1813,Ghazipur Industrial & WTE Zone - Meat Processing Unit #33,manufacturing,28.62515,77.32439,"Plot No. 165, Ghazipur Industrial & WTE Zone, Delhi - 110046, Delhi, India",Delhi,Delhi,India,Delhi DSIIDC Industrial Estate Directory
del-ind-1814,Ghazipur Industrial & WTE Zone - Packaging Unit #34,manufacturing,28.62927,77.32881,"Plot No. 217, Ghazipur Industrial & WTE Zone, Delhi - 110036, Delhi, India",Delhi,Delhi,India,Delhi DSIIDC Industrial Estate Directory
del-ind-1815,Ghazipur Industrial & WTE Zone - Recycling Unit #35,waste,28.62909,77.33346,"Plot No. 232, Ghazipur Industrial & WTE Zone, Delhi - 110063, Delhi, India",Delhi,Delhi,India,Delhi DSIIDC Industrial Estate Directory
del-ind-1816,Mandoli Industrial Area - Foundries Unit #1,manufacturing,28.69784,77.32191,"Plot No. 241, Mandoli Industrial Area, Delhi - 110091, Delhi, India",Delhi,Delhi,India,Delhi DSIIDC Industrial Estate Directory
del-ind-1817,Mandoli Industrial Area - Wire Enamelling Unit #2,manufacturing,28.69811,77.31999,"Plot No. 150, Mandoli Industrial Area, Delhi - 110058, Delhi, India",Delhi,Delhi,India,Delhi DSIIDC Industrial Estate Directory
del-ind-1818,Mandoli Industrial Area - Plastic Moulding Unit #3,plastic,28.70098,77.31533,"Plot No. 355, Mandoli Industrial Area, Delhi - 110009, Delhi, India",Delhi,Delhi,India,Delhi DSIIDC Industrial Estate Directory
del-ind-1819,Mandoli Industrial Area - Chemical Processing Unit #4,chemical,28.71223,77.33238,"Plot No. 45, Mandoli Industrial Area, Delhi - 110011, Delhi, India",Delhi,Delhi,India,Delhi DSIIDC Industrial Estate Directory
del-ind-1820,Mandoli Industrial Area - Building Materials Unit #5,manufacturing,28.70538,77.32415,"Plot No. 40, Mandoli Industrial Area, Delhi - 110014, Delhi, India",Delhi,Delhi,India,Delhi DSIIDC Industrial Estate Directory
del-ind-1821,Mandoli Industrial Area - Foundries Unit #6,manufacturing,28.70934,77.32426,"Plot No. 76, Mandoli Industrial Area, Delhi - 110064, Delhi, India",Delhi,Delhi,India,Delhi DSIIDC Industrial Estate Directory
del-ind-1822,Mandoli Industrial Area - Wire Enamelling Unit #7,manufacturing,28.71014,77.32496,"Plot No. 322, Mandoli Industrial Area, Delhi - 110003, Delhi, India",Delhi,Delhi,India,Delhi DSIIDC Industrial Estate Directory
del-ind-1823,Mandoli Industrial Area - Plastic Moulding Unit #8,plastic,28.70418,77.334,"Plot No. 278, Mandoli Industrial Area, Delhi - 110017, Delhi, India",Delhi,Delhi,India,Delhi DSIIDC Industrial Estate Directory
del-ind-1824,Mandoli Industrial Area - Chemical Processing Unit #9,chemical,28.70244,77.32292,"Plot No. 378, Mandoli Industrial Area, Delhi - 110083, Delhi, India",Delhi,Delhi,India,Delhi DSIIDC Industrial Estate Directory
del-ind-1825,Mandoli Industrial Area - Building Materials Unit #10,manufacturing,28.71146,77.32247,"Plot No. 12, Mandoli Industrial Area, Delhi - 110030, Delhi, India",Delhi,Delhi,India,Delhi DSIIDC Industrial Estate Directory
del-ind-1826,Mandoli Industrial Area - Foundries Unit #11,manufacturing,28.71133,77.31637,"Plot No. 172, Mandoli Industrial Area, Delhi - 110053, Delhi, India",Delhi,Delhi,India,Delhi DSIIDC Industrial Estate Directory
del-ind-1827,Mandoli Industrial Area - Wire Enamelling Unit #12,manufacturing,28.70106,77.31826,"Plot No. 403, Mandoli Industrial Area, Delhi - 110042, Delhi, India",Delhi,Delhi,India,Delhi DSIIDC Industrial Estate Directory
del-ind-1828,Mandoli Industrial Area - Plastic Moulding Unit #13,plastic,28.70003,77.32269,"Plot No. 272, Mandoli Industrial Area, Delhi - 110071, Delhi, India",Delhi,Delhi,India,Delhi DSIIDC Industrial Estate Directory
del-ind-1829,Mandoli Industrial Area - Chemical Processing Unit #14,chemical,28.70367,77.32355,"Plot No. 68, Mandoli Industrial Area, Delhi - 110040, Delhi, India",Delhi,Delhi,India,Delhi DSIIDC Industrial Estate Directory
del-ind-1830,Mandoli Industrial Area - Building Materials Unit #15,manufacturing,28.70998,77.32569,"Plot No. 248, Mandoli Industrial Area, Delhi - 110048, Delhi, India",Delhi,Delhi,India,Delhi DSIIDC Industrial Estate Directory
del-ind-1831,Mandoli Industrial Area - Foundries Unit #16,manufacturing,28.7171,77.32031,"Plot No. 25, Mandoli Industrial Area, Delhi - 110019, Delhi, India",Delhi,Delhi,India,Delhi DSIIDC Industrial Estate Directory
del-ind-1832,Mandoli Industrial Area - Wire Enamelling Unit #17,manufacturing,28.7044,77.32675,"Plot No. 86, Mandoli Industrial Area, Delhi - 110080, Delhi, India",Delhi,Delhi,India,Delhi DSIIDC Industrial Estate Directory
del-ind-1833,Mandoli Industrial Area - Plastic Moulding Unit #18,plastic,28.71557,77.31809,"Plot No. 147, Mandoli Industrial Area, Delhi - 110024, Delhi, India",Delhi,Delhi,India,Delhi DSIIDC Industrial Estate Directory
del-ind-1834,Mandoli Industrial Area - Chemical Processing Unit #19,chemical,28.71818,77.32027,"Plot No. 355, Mandoli Industrial Area, Delhi - 110086, Delhi, India",Delhi,Delhi,India,Delhi DSIIDC Industrial Estate Directory
del-ind-1835,Mandoli Industrial Area - Building Materials Unit #20,manufacturing,28.70888,77.31892,"Plot No. 60, Mandoli Industrial Area, Delhi - 110006, Delhi, India",Delhi,Delhi,India,Delhi DSIIDC Industrial Estate Directory
del-ind-1836,Mandoli Industrial Area - Foundries Unit #21,manufacturing,28.71505,77.32172,"Plot No. 226, Mandoli Industrial Area, Delhi - 110034, Delhi, India",Delhi,Delhi,India,Delhi DSIIDC Industrial Estate Directory
del-ind-1837,Mandoli Industrial Area - Wire Enamelling Unit #22,manufacturing,28.7055,77.32467,"Plot No. 363, Mandoli Industrial Area, Delhi - 110005, Delhi, India",Delhi,Delhi,India,Delhi DSIIDC Industrial Estate Directory
del-ind-1838,Mandoli Industrial Area - Plastic Moulding Unit #23,plastic,28.70045,77.31,"Plot No. 76, Mandoli Industrial Area, Delhi - 110048, Delhi, India",Delhi,Delhi,India,Delhi DSIIDC Industrial Estate Directory
del-ind-1839,Mandoli Industrial Area - Chemical Processing Unit #24,chemical,28.696,77.32668,"Plot No. 274, Mandoli Industrial Area, Delhi - 110039, Delhi, India",Delhi,Delhi,India,Delhi DSIIDC Industrial Estate Directory
del-ind-1840,Mandoli Industrial Area - Building Materials Unit #25,manufacturing,28.70888,77.32284,"Plot No. 256, Mandoli Industrial Area, Delhi - 110019, Delhi, India",Delhi,Delhi,India,Delhi DSIIDC Industrial Estate Directory
del-ind-1841,Mandoli Industrial Area - Foundries Unit #26,manufacturing,28.71972,77.31801,"Plot No. 80, Mandoli Industrial Area, Delhi - 110001, Delhi, India",Delhi,Delhi,India,Delhi DSIIDC Industrial Estate Directory
del-ind-1842,Mandoli Industrial Area - Wire Enamelling Unit #27,manufacturing,28.71467,77.32073,"Plot No. 260, Mandoli Industrial Area, Delhi - 110043, Delhi, India",Delhi,Delhi,India,Delhi DSIIDC Industrial Estate Directory
del-ind-1843,Mandoli Industrial Area - Plastic Moulding Unit #28,plastic,28.70528,77.31839,"Plot No. 149, Mandoli Industrial Area, Delhi - 110074, Delhi, India",Delhi,Delhi,India,Delhi DSIIDC Industrial Estate Directory
del-ind-1844,Mandoli Industrial Area - Chemical Processing Unit #29,chemical,28.70317,77.31361,"Plot No. 374, Mandoli Industrial Area, Delhi - 110057, Delhi, India",Delhi,Delhi,India,Delhi DSIIDC Industrial Estate Directory
del-ind-1845,Mandoli Industrial Area - Building Materials Unit #30,manufacturing,28.70661,77.32424,"Plot No. 246, Mandoli Industrial Area, Delhi - 110006, Delhi, India",Delhi,Delhi,India,Delhi DSIIDC Industrial Estate Directory
del-ind-1846,Mandoli Industrial Area - Foundries Unit #31,manufacturing,28.71237,77.32725,"Plot No. 158, Mandoli Industrial Area, Delhi - 110004, Delhi, India",Delhi,Delhi,India,Delhi DSIIDC Industrial Estate Directory
del-ind-1847,Mandoli Industrial Area - Wire Enamelling Unit #32,manufacturing,28.69956,77.328,"Plot No. 229, Mandoli Industrial Area, Delhi - 110046, Delhi, India",Delhi,Delhi,India,Delhi DSIIDC Industrial Estate Directory
del-ind-1848,Mandoli Industrial Area - Plastic Moulding Unit #33,plastic,28.70952,77.323,"Plot No. 329, Mandoli Industrial Area, Delhi - 110025, Delhi, India",Delhi,Delhi,India,Delhi DSIIDC Industrial Estate Directory
del-ind-1849,Mandoli Industrial Area - Chemical Processing Unit #34,chemical,28.70469,77.32008,"Plot No. 393, Mandoli Industrial Area, Delhi - 110036, Delhi, India",Delhi,Delhi,India,Delhi DSIIDC Industrial Estate Directory
del-ind-1850,Mandoli Industrial Area - Building Materials Unit #35,manufacturing,28.70875,77.32413,"Plot No. 435, Mandoli Industrial Area, Delhi - 110058, Delhi, India",Delhi,Delhi,India,Delhi DSIIDC Industrial Estate Directory
del-ind-1851,Mandoli Industrial Area - Foundries Unit #36,manufacturing,28.70199,77.31,"Plot No. 263, Mandoli Industrial Area, Delhi - 110051, Delhi, India",Delhi,Delhi,India,Delhi DSIIDC Industrial Estate Directory
del-ind-1852,Mandoli Industrial Area - Wire Enamelling Unit #37,manufacturing,28.70961,77.32644,"Plot No. 310, Mandoli Industrial Area, Delhi - 110066, Delhi, India",Delhi,Delhi,India,Delhi DSIIDC Industrial Estate Directory
del-ind-1853,Mandoli Industrial Area - Plastic Moulding Unit #38,plastic,28.71907,77.31789,"Plot No. 185, Mandoli Industrial Area, Delhi - 110051, Delhi, India",Delhi,Delhi,India,Delhi DSIIDC Industrial Estate Directory
del-ind-1854,Mandoli Industrial Area - Chemical Processing Unit #39,chemical,28.71433,77.33049,"Plot No. 190, Mandoli Industrial Area, Delhi - 110050, Delhi, India",Delhi,Delhi,India,Delhi DSIIDC Industrial Estate Directory
del-ind-1855,Mandoli Industrial Area - Building Materials Unit #40,manufacturing,28.70492,77.32517,"Plot No. 180, Mandoli Industrial Area, Delhi - 110040, Delhi, India",Delhi,Delhi,India,Delhi DSIIDC Industrial Estate Directory
del-ind-1856,Mandoli Industrial Area - Foundries Unit #41,manufacturing,28.71889,77.32045,"Plot No. 45, Mandoli Industrial Area, Delhi - 110028, Delhi, India",Delhi,Delhi,India,Delhi DSIIDC Industrial Estate Directory
del-ind-1857,Mandoli Industrial Area - Wire Enamelling Unit #42,manufacturing,28.70719,77.3162,"Plot No. 213, Mandoli Industrial Area, Delhi - 110057, Delhi, India",Delhi,Delhi,India,Delhi DSIIDC Industrial Estate Directory
del-ind-1858,Mandoli Industrial Area - Plastic Moulding Unit #43,plastic,28.70565,77.33149,"Plot No. 218, Mandoli Industrial Area, Delhi - 110094, Delhi, India",Delhi,Delhi,India,Delhi DSIIDC Industrial Estate Directory
del-ind-1859,Mandoli Industrial Area - Chemical Processing Unit #44,chemical,28.71036,77.32021,"Plot No. 301, Mandoli Industrial Area, Delhi - 110077, Delhi, India",Delhi,Delhi,India,Delhi DSIIDC Industrial Estate Directory
del-ind-1860,Mandoli Industrial Area - Building Materials Unit #45,manufacturing,28.71116,77.3239,"Plot No. 244, Mandoli Industrial Area, Delhi - 110068, Delhi, India",Delhi,Delhi,India,Delhi DSIIDC Industrial Estate Directory
del-ind-1861,Mandoli Industrial Area - Foundries Unit #46,manufacturing,28.70999,77.32183,"Plot No. 303, Mandoli Industrial Area, Delhi - 110049, Delhi, India",Delhi,Delhi,India,Delhi DSIIDC Industrial Estate Directory
del-ind-1862,Mandoli Industrial Area - Wire Enamelling Unit #47,manufacturing,28.71271,77.32492,"Plot No. 140, Mandoli Industrial Area, Delhi - 110054, Delhi, India",Delhi,Delhi,India,Delhi DSIIDC Industrial Estate Directory
del-ind-1863,Mandoli Industrial Area - Plastic Moulding Unit #48,plastic,28.71073,77.32736,"Plot No. 291, Mandoli Industrial Area, Delhi - 110018, Delhi, India",Delhi,Delhi,India,Delhi DSIIDC Industrial Estate Directory
del-ind-1864,Mandoli Industrial Area - Chemical Processing Unit #49,chemical,28.7112,77.33169,"Plot No. 149, Mandoli Industrial Area, Delhi - 110071, Delhi, India",Delhi,Delhi,India,Delhi DSIIDC Industrial Estate Directory
del-ind-1865,Mandoli Industrial Area - Building Materials Unit #50,manufacturing,28.69797,77.32259,"Plot No. 155, Mandoli Industrial Area, Delhi - 110075, Delhi, India",Delhi,Delhi,India,Delhi DSIIDC Industrial Estate Directory
